date,pres,airTemp,windSpd,windDir,T1m,T2m,T3m,T4m,T5m,T6m,T7m,T8m,T9m,T10m,T11m,T12m,T13m,T14m,T15m,T16m,T17m,T18m,T19m,T20m,T21m,T22m,T23m,T24m,T25m,T26m,T27m,T28m,T29m,T31m,T33m,T35m,T37m,T39m,T41m,T43m,T45m,T47m,T49m
2026-09-21 18:10:00,30.3,14.9,2.3,347,17.68,17.66,17.63,17.57,17.52,17.51,17.51,17.48,17.48,17.46,17.48,17.47,17.47,17.48,17.48,17.45,17.4,17.38,17.36,17.31,17.25,17.06,16.7,16.64,16.56,16.34,16.14,15.93,15.62,14.2,13.24,10.21,10.15,9.36,8.6,8.6,8.61,8.64,8.64
2026-09-21 18:20:00,30.3,14.6,2.3,58,17.67,17.66,17.66,17.57,17.52,17.51,17.52,17.48,17.48,17.46,17.47,17.47,17.46,17.48,17.48,17.46,17.43,17.4,17.35,17.31,17.23,16.88,16.68,16.6,16.43,16.24,15.94,15.88,15.49,14.02,12.31,10.4,10.23,9.44,8.56,8.55,8.56,8.58,8.58
2026-09-21 18:30:00,30.3,13.4,2.1,15,17.63,17.63,17.66,17.63,17.54,17.52,17.52,17.47,17.48,17.45,17.47,17.46,17.46,17.48,17.48,17.46,17.43,17.4,17.36,17.3,17.24,16.86,16.67,16.59,16.36,16.14,15.92,15.79,15.27,14.06,11.65,10.57,10.16,9.02,8.52,8.5,8.51,8.54,8.53
2026-09-21 18:40:00,30.3,13,3.3,50,17.62,17.62,17.65,17.63,17.55,17.52,17.52,17.47,17.48,17.46,17.47,17.46,17.46,17.48,17.48,17.46,17.44,17.4,17.36,17.3,17.22,16.86,16.65,16.61,16.39,16.14,15.9,15.62,15.34,13.94,11.57,10.61,9.97,8.8,8.66,8.55,8.47,8.5,8.5
2026-09-21 18:50:00,30.3,12.9,3.1,45,17.6,17.6,17.61,17.61,17.55,17.52,17.52,17.48,17.48,17.45,17.47,17.47,17.46,17.48,17.48,17.45,17.42,17.39,17.36,17.31,17.22,16.82,16.67,16.62,16.42,16.04,15.88,15.71,15.36,13.9,11.56,10.58,9.3,8.89,8.77,8.67,8.52,8.49,8.46
2026-09-21 19:00:00,30.3,12.9,3.2,49,17.58,17.58,17.6,17.6,17.56,17.55,17.55,17.49,17.49,17.46,17.47,17.47,17.46,17.48,17.47,17.46,17.44,17.4,17.38,17.31,17.27,16.97,16.66,16.61,16.4,15.93,15.88,15.57,15.16,13.81,11.35,10.15,9.13,8.96,8.84,8.75,8.56,8.5,8.45
2026-09-21 19:10:00,30.3,12.9,3.5,34,17.54,17.55,17.58,17.58,17.55,17.53,17.53,17.49,17.48,17.46,17.48,17.46,17.46,17.48,17.48,17.44,17.41,17.4,17.39,17.3,17.24,16.8,16.64,16.6,16.25,15.95,15.86,15.59,15.27,13.72,10.78,9.99,9.12,9.01,8.8,8.59,8.55,8.53,8.46
2026-09-21 19:20:00,30.3,12.8,3.4,49,17.54,17.54,17.56,17.56,17.53,17.52,17.52,17.48,17.48,17.47,17.48,17.47,17.47,17.49,17.46,17.44,17.42,17.4,17.4,17.29,17.17,16.71,16.64,16.52,15.98,15.94,15.75,15.49,15,12.95,10.71,9.36,9.07,9.02,8.63,8.52,8.48,8.5,8.49
2026-09-21 19:30:00,30.3,12.8,3.3,44,17.53,17.53,17.57,17.56,17.53,17.51,17.52,17.48,17.48,17.47,17.48,17.48,17.46,17.48,17.48,17.43,17.41,17.39,17.33,17.27,17.15,16.62,16.63,16.45,15.94,15.93,15.7,15.4,14.18,12.57,10.34,9.4,9.1,9.05,8.69,8.52,8.46,8.47,8.42
2026-09-21 19:40:00,30.3,12.7,3.5,46,17.52,17.52,17.55,17.55,17.53,17.52,17.53,17.48,17.48,17.47,17.47,17.47,17.46,17.49,17.47,17.44,17.41,17.39,17.33,17.26,17.09,16.64,16.62,16.34,15.96,15.94,15.72,15.41,14.1,12.47,10.29,9.22,9.14,9.07,8.71,8.62,8.48,8.45,8.42
2026-09-21 19:50:00,30.3,12.7,3.6,42,17.51,17.51,17.53,17.54,17.51,17.5,17.52,17.48,17.49,17.47,17.49,17.48,17.47,17.49,17.47,17.45,17.42,17.39,17.34,17.25,17.1,16.63,16.62,16.36,16,15.94,15.75,15.44,13.87,11.42,10.01,9.19,9.15,9.13,8.89,8.63,8.4,8.4,8.39
2026-09-21 20:00:00,30.3,12.8,3.5,31,17.5,17.5,17.53,17.53,17.51,17.5,17.51,17.47,17.48,17.47,17.48,17.46,17.46,17.47,17.45,17.42,17.39,17.3,17.25,17.07,16.71,16.58,16.6,16.18,15.98,15.9,15.8,15.19,13.92,11.88,10.03,9.24,9.23,9.16,8.97,8.67,8.39,8.39,8.38
2026-09-21 20:10:00,30.3,12.8,3.2,58,17.48,17.49,17.52,17.52,17.5,17.5,17.51,17.48,17.49,17.47,17.49,17.47,17.47,17.49,17.48,17.45,17.43,17.39,17.37,17.26,17.06,16.63,16.61,16.28,16,15.86,15.78,15.14,13.88,11.39,9.84,9.33,9.3,9.11,8.89,8.63,8.38,8.38,8.36
2026-09-21 20:20:00,30.3,12.5,2.9,53,17.48,17.48,17.52,17.52,17.49,17.49,17.5,17.47,17.48,17.46,17.48,17.47,17.46,17.48,17.47,17.45,17.38,17.28,17.19,16.86,16.61,16.58,16.45,16.04,15.87,15.83,15.33,13.98,13.28,11.03,9.82,9.41,9.33,9.07,8.75,8.65,8.41,8.36,8.35
2026-09-21 20:30:00,30.3,12.5,3,46,17.48,17.48,17.51,17.51,17.49,17.48,17.5,17.47,17.47,17.46,17.47,17.47,17.46,17.49,17.48,17.45,17.43,17.41,17.29,17.06,16.72,16.59,16.6,16.28,16.05,15.86,15.55,13.94,13.36,11.79,10.01,9.51,9.49,9.14,8.76,8.43,8.37,8.35,8.34
2026-09-21 20:40:00,30.3,12.6,3.4,33,17.46,17.47,17.5,17.51,17.48,17.48,17.49,17.46,17.46,17.45,17.47,17.47,17.46,17.48,17.47,17.45,17.43,17.39,17.25,16.89,16.7,16.57,16.58,16.22,15.96,15.84,14.48,13.73,12.95,10.78,9.8,9.59,9.2,9.05,8.8,8.38,8.33,8.34,8.34
2026-09-21 20:50:00,30.3,12.6,4,52,17.47,17.47,17.5,17.5,17.47,17.47,17.49,17.46,17.46,17.45,17.47,17.46,17.46,17.48,17.47,17.44,17.4,17.36,17.18,16.82,16.56,16.54,16.57,16.29,16.03,15.83,14.39,13.75,13.05,10.99,9.75,9.47,9.25,9.01,8.59,8.34,8.31,8.34,8.33
2026-09-21 21:00:00,30.3,12.5,3.6,60,17.45,17.46,17.49,17.49,17.47,17.47,17.48,17.45,17.46,17.44,17.46,17.45,17.45,17.47,17.48,17.45,17.41,17.31,17.16,16.73,16.56,16.52,16.55,16.44,16.18,15.85,15.42,13.87,13.16,10.58,9.83,9.39,9.27,8.96,8.8,8.31,8.3,8.31,8.31
2026-09-21 21:10:00,30.3,12.5,3.6,52,17.46,17.46,17.5,17.5,17.47,17.47,17.48,17.44,17.45,17.44,17.46,17.45,17.45,17.46,17.47,17.43,17.41,17.22,17.01,16.78,16.53,16.5,16.46,16.28,15.93,15.66,14.05,13.62,12.78,10.39,9.87,9.38,9.16,8.98,8.8,8.31,8.29,8.32,8.29
2026-09-21 21:20:00,30.3,12.5,3.8,55,17.47,17.47,17.5,17.5,17.48,17.47,17.49,17.45,17.46,17.44,17.45,17.45,17.44,17.47,17.46,17.44,17.38,17.3,17.13,16.92,16.72,16.53,16.53,16.31,15.94,15.54,13.99,13.42,12.4,10.47,9.76,9.33,9.03,8.97,8.81,8.29,8.29,8.28,8.28
2026-09-21 21:30:00,30.3,12.5,4,57,17.45,17.46,17.49,17.5,17.47,17.47,17.49,17.45,17.46,17.45,17.47,17.46,17.45,17.47,17.47,17.45,17.38,17.27,17.07,17,16.6,16.5,16.52,16.3,15.85,15.28,13.94,13.34,12.58,10.44,9.81,9.42,9.01,8.88,8.46,8.29,8.27,8.3,8.27
2026-09-21 21:40:00,30.3,12.5,4.4,58,17.46,17.46,17.5,17.5,17.47,17.47,17.49,17.45,17.46,17.44,17.46,17.46,17.46,17.45,17.42,17.27,17.21,17.03,16.83,16.55,16.51,16.47,16.39,16.24,15.83,15.17,13.86,13.32,12.22,10.37,9.74,9.41,9.03,8.9,8.47,8.3,8.29,8.29,8.27
2026-09-21 21:50:00,30.3,12.4,4.7,52,17.46,17.45,17.49,17.5,17.47,17.47,17.48,17.45,17.45,17.44,17.45,17.44,17.43,17.45,17.44,17.41,17.37,17.13,16.99,16.78,16.52,16.46,16.38,16.22,15.82,14.88,13.83,13.32,11.79,10.24,9.62,9.26,9.04,8.91,8.45,8.33,8.27,8.29,8.28
2026-09-21 22:00:00,30.3,12.3,4.6,61,17.47,17.47,17.5,17.5,17.48,17.47,17.49,17.45,17.46,17.45,17.46,17.46,17.44,17.46,17.44,17.41,17.37,17.21,17.04,16.92,16.54,16.49,16.42,16.3,16,15.72,13.93,13.52,12.09,9.97,9.63,9.23,8.98,8.61,8.41,8.32,8.3,8.32,8.29
2026-09-21 22:10:00,30.3,12.2,4.6,46,17.48,17.48,17.51,17.51,17.49,17.48,17.5,17.46,17.47,17.45,17.46,17.44,17.43,17.44,17.41,17.41,17.31,17.08,17,16.73,16.51,16.44,16.34,16.16,15.76,14.42,13.63,12.64,10.59,9.86,9.52,9.22,8.98,8.54,8.38,8.33,8.3,8.32,8.31
2026-09-21 22:20:00,30.3,12.1,4.8,51,17.49,17.49,17.52,17.52,17.49,17.49,17.51,17.48,17.48,17.45,17.46,17.44,17.44,17.46,17.45,17.41,17.4,17.27,17.12,16.99,16.65,16.48,16.39,16.23,15.76,14.34,13.69,13.13,10.74,9.78,9.42,9.13,8.92,8.54,8.33,8.32,8.3,8.32,8.31
2026-09-21 22:30:00,30.3,12.2,5.1,50,17.48,17.49,17.52,17.52,17.49,17.49,17.51,17.47,17.47,17.43,17.44,17.43,17.43,17.44,17.44,17.42,17.3,17.07,16.97,16.72,16.51,16.48,16.36,16.24,15.8,14.79,13.67,12.83,10.81,9.81,9.44,9.14,8.88,8.58,8.31,8.3,8.3,8.33,8.32
2026-09-21 22:40:00,30.3,12,4.9,40,17.49,17.48,17.51,17.52,17.49,17.49,17.5,17.46,17.47,17.44,17.44,17.44,17.42,17.44,17.44,17.41,17.37,17.07,16.94,16.64,16.5,16.45,16.32,16.15,15.79,14.74,13.76,12.71,10.98,9.86,9.37,9.08,8.79,8.5,8.33,8.29,8.31,8.33,8.32
2026-09-21 22:50:00,30.3,12,5,48,17.5,17.5,17.53,17.53,17.5,17.49,17.5,17.45,17.46,17.44,17.46,17.42,17.43,17.44,17.43,17.4,17.3,17.03,16.92,16.72,16.51,16.45,16.34,16.18,15.77,14.55,13.73,12.47,10.38,9.69,9.25,9.01,8.64,8.58,8.32,8.29,8.29,8.32,8.32
2026-09-21 23:00:00,30.3,12,5.2,24,17.48,17.48,17.51,17.51,17.5,17.49,17.5,17.46,17.45,17.44,17.46,17.45,17.43,17.45,17.45,17.4,17.39,17.04,16.87,16.62,16.51,16.43,16.34,16.17,15.74,14.66,13.76,12.93,10.54,9.67,9.26,8.99,8.7,8.46,8.33,8.28,8.28,8.31,8.31
2026-09-21 23:10:00,30.3,11.9,6.5,16,17.5,17.49,17.53,17.53,17.51,17.49,17.5,17.45,17.45,17.43,17.45,17.44,17.44,17.46,17.45,17.43,17.35,16.94,16.73,16.53,16.47,16.33,16.22,15.79,14.87,13.84,13.49,12.27,10.29,9.58,9.24,8.89,8.7,8.56,8.36,8.29,8.3,8.31,8.29
2026-09-21 23:20:00,30.4,11.7,6.4,22,17.48,17.48,17.51,17.5,17.48,17.48,17.5,17.46,17.46,17.44,17.46,17.45,17.45,17.48,17.43,17.38,17.32,16.95,16.81,16.66,16.49,16.37,16.27,15.96,15.13,13.97,13.54,12.27,10.3,9.57,9.17,8.83,8.6,8.45,8.3,8.28,8.27,8.3,8.29
2026-09-21 23:30:00,30.3,11.7,7.9,26,17.45,17.44,17.47,17.48,17.45,17.45,17.47,17.44,17.45,17.44,17.46,17.44,17.44,17.43,17.42,17.4,17.32,17.26,16.88,16.61,16.48,16.37,16.27,15.98,15.37,14.14,13.75,12.82,10.37,9.58,9.24,8.8,8.62,8.46,8.31,8.29,8.3,8.29,8.29
2026-09-21 23:40:00,30.3,11.5,9.1,58,17.45,17.45,17.48,17.49,17.46,17.46,17.47,17.43,17.44,17.43,17.44,17.44,17.44,17.46,17.42,17.38,17.31,17.25,16.8,16.57,16.46,16.34,16.26,15.92,15.48,14.27,13.77,13.21,10.42,9.6,9.23,8.73,8.61,8.49,8.31,8.26,8.27,8.29,8.28
2026-09-21 23:50:00,30.4,11.3,7.6,36,17.45,17.44,17.47,17.47,17.45,17.44,17.46,17.43,17.43,17.42,17.43,17.42,17.42,17.42,17.35,17.29,17.19,16.94,16.64,16.47,16.4,16.24,16.04,15.69,14.81,13.85,13.45,12.39,10.39,9.58,9.09,8.75,8.63,8.6,8.37,8.28,8.27,8.27,8.27
2026-09-22,30.4,11,8.5,34,17.43,17.42,17.45,17.46,17.44,17.43,17.45,17.42,17.43,17.41,17.43,17.43,17.43,17.45,17.45,17.37,17.13,16.97,16.67,16.47,16.41,16.16,15.89,15.51,14.4,13.7,13.26,10.67,10.13,9.38,8.95,8.69,8.54,8.49,8.32,8.26,8.25,8.26,8.26
2026-09-22 00:10:00,30.4,10.9,8.1,20,17.42,17.42,17.45,17.45,17.43,17.42,17.44,17.4,17.41,17.4,17.39,17.39,17.38,17.4,17.41,17.39,17.38,17.34,17,16.65,16.49,16.36,16.05,15.71,14.97,13.79,13.33,10.59,10.18,9.5,8.96,8.66,8.55,8.49,8.29,8.24,8.23,8.25,8.24
2026-09-22 00:20:00,30.4,10.6,7.6,29,17.41,17.42,17.45,17.44,17.42,17.41,17.43,17.39,17.4,17.38,17.4,17.4,17.4,17.41,17.41,17.37,17.24,16.69,16.51,16.46,16.35,16.03,15.8,15.44,14.07,13.48,12.82,10.49,10.03,9.34,8.78,8.64,8.54,8.4,8.24,8.19,8.21,8.22,8.22
2026-09-22 00:30:00,30.4,10.6,7.5,25,17.39,17.39,17.42,17.43,17.41,17.4,17.41,17.38,17.38,17.37,17.39,17.39,17.39,17.41,17.35,17.26,17.08,16.91,16.58,16.47,16.36,16.03,15.76,15.41,14.01,13.46,12.45,10.47,10.08,9.32,8.74,8.65,8.58,8.52,8.31,8.21,8.18,8.2,8.2
2026-09-22 00:40:00,30.4,10.6,7.4,25,17.37,17.37,17.4,17.41,17.39,17.39,17.41,17.38,17.38,17.36,17.38,17.38,17.38,17.39,17.37,17.34,17.31,16.95,16.61,16.47,16.41,16.04,15.78,15.35,13.91,13.45,13.25,10.56,10.18,9.22,8.74,8.64,8.57,8.5,8.27,8.18,8.18,8.19,8.19
2026-09-22 00:50:00,30.4,10.4,6,15,17.37,17.37,17.4,17.41,17.38,17.38,17.39,17.36,17.37,17.35,17.37,17.36,17.36,17.38,17.36,17.31,17.28,17.01,16.61,16.47,16.39,16.03,15.76,14.96,13.65,13.39,11.7,10.5,10.21,9.29,8.73,8.67,8.62,8.47,8.23,8.17,8.16,8.17,8.16
2026-09-22 01:00:00,30.4,10.3,5.7,34,17.37,17.37,17.4,17.4,17.38,17.37,17.39,17.36,17.36,17.34,17.36,17.35,17.34,17.36,17.34,17.31,17.2,16.8,16.52,16.46,16.34,15.81,15.6,14.5,13.45,12.27,10.62,10.29,9.97,9.15,8.78,8.69,8.63,8.46,8.18,8.14,8.12,8.15,8.15
2026-09-22 01:10:00,30.4,10.3,4.8,29,17.36,17.36,17.39,17.39,17.37,17.37,17.38,17.35,17.36,17.34,17.37,17.35,17.35,17.37,17.37,17.33,17.31,17.1,16.57,16.46,16.36,15.87,15.65,14.41,13.52,13.03,10.69,10.36,10.03,9.21,8.82,8.7,8.66,8.41,8.13,8.06,8.07,8.1,8.1
2026-09-22 01:20:00,30.4,10.3,4.9,26,17.36,17.35,17.38,17.39,17.37,17.36,17.38,17.35,17.35,17.34,17.36,17.35,17.36,17.37,17.38,17.35,17.32,16.97,16.54,16.44,16.27,15.84,15.64,14.17,13.45,12.33,10.63,10.27,9.82,8.89,8.76,8.68,8.51,8.24,8.1,8.02,8.03,8.05,8.05
2026-09-22 01:30:00,30.4,10.2,5,24,17.35,17.36,17.39,17.39,17.37,17.36,17.38,17.34,17.35,17.34,17.35,17.33,17.34,17.34,17.32,17.29,17.17,17.04,16.54,16.44,16.37,15.89,15.86,14.72,13.62,13.28,10.73,10.4,9.97,8.98,8.78,8.61,8.44,8.18,8.07,8.05,8.03,8.02,8.02
2026-09-22 01:40:00,30.4,10.2,4.3,3,17.34,17.34,17.38,17.38,17.36,17.35,17.37,17.33,17.34,17.32,17.34,17.33,17.33,17.35,17.34,17.3,17.23,16.89,16.47,16.4,16.12,15.86,15.56,13.87,13.48,12,10.72,10.44,10.07,9.03,8.75,8.53,8.3,8.16,8.04,8.02,8.02,8.04,8.02
2026-09-22 01:50:00,30.4,10.2,4.8,15,17.34,17.34,17.37,17.37,17.36,17.35,17.37,17.33,17.34,17.33,17.34,17.33,17.31,17.34,17.35,17.32,17.3,16.93,16.46,16.4,16.17,15.88,15.66,14.09,13.6,12.46,10.71,10.37,10.24,9.14,8.69,8.5,8.21,8.07,8.02,8.03,8.03,8.04,8.03
2026-09-22 02:00:00,30.4,10.2,5,22,17.34,17.34,17.37,17.37,17.35,17.35,17.36,17.33,17.34,17.32,17.34,17.34,17.34,17.36,17.36,17.33,17.3,17.06,16.53,16.42,16.21,15.89,15.63,14.09,13.68,12.47,10.68,10.42,9.93,8.99,8.68,8.55,8.23,8.11,8.05,8.04,8.03,8.05,8.05
2026-09-22 02:10:00,30.4,10,4.9,324,17.32,17.32,17.36,17.36,17.33,17.34,17.35,17.31,17.32,17.3,17.33,17.32,17.32,17.35,17.35,17.33,17.31,17,16.43,16.38,16.06,15.87,15.2,13.95,13.62,11.73,10.66,10.26,10.03,8.86,8.69,8.41,8.26,8.14,8.05,8.04,8.05,8.07,8.06
2026-09-22 02:20:00,30.4,9.7,4.7,321,17.33,17.33,17.37,17.37,17.34,17.34,17.35,17.32,17.33,17.31,17.33,17.32,17.32,17.35,17.35,17.32,17.25,17.01,16.45,16.36,16.08,15.88,15.53,14.2,13.62,11.29,10.56,10.09,9.82,8.77,8.6,8.39,8.24,8.12,8.05,8.04,8.05,8.08,8.07
2026-09-22 02:30:00,30.4,9.5,5.2,335,17.31,17.32,17.35,17.35,17.34,17.33,17.35,17.32,17.33,17.31,17.33,17.33,17.32,17.35,17.34,17.32,17.29,17.21,16.87,16.42,16.16,15.91,15.54,14.23,13.78,12.14,10.46,10.01,9.96,8.7,8.51,8.29,8.22,8.14,8.03,8.01,8,8.03,8.03
2026-09-22 02:40:00,30.4,9.4,4.8,338,17.33,17.34,17.37,17.37,17.35,17.34,17.36,17.32,17.33,17.32,17.33,17.33,17.33,17.35,17.34,17.32,17.3,17.26,16.76,16.41,16.13,15.9,15.52,14.31,13.85,12.07,10.67,10.57,9.94,8.78,8.48,8.32,8.2,8.19,8.04,8.01,7.99,7.99,7.98
2026-09-22 02:50:00,30.4,8.7,5.4,318,17.33,17.33,17.36,17.36,17.34,17.34,17.35,17.32,17.33,17.31,17.33,17.33,17.32,17.34,17.34,17.32,17.3,17.23,16.51,16.37,16.11,15.8,15.22,14.03,13.6,11.44,11,10.72,9.88,8.71,8.39,8.26,8.14,8.13,7.99,7.96,7.96,7.99,7.98
2026-09-22 03:00:00,30.4,8.3,6.1,335,17.31,17.32,17.35,17.35,17.33,17.33,17.35,17.31,17.32,17.31,17.33,17.32,17.32,17.35,17.35,17.33,17.31,17.26,16.4,16.33,15.94,15.59,14.88,14.02,13.04,11.53,11.06,10.77,9.58,8.63,8.38,8.27,8.21,8.12,7.99,7.96,7.96,7.99,7.98
2026-09-22 03:10:00,30.4,8.4,5.9,334,17.32,17.32,17.35,17.37,17.34,17.34,17.36,17.32,17.33,17.32,17.34,17.33,17.33,17.35,17.35,17.32,17.3,17.27,16.88,16.25,16.02,15.83,15.09,14,11.75,11.35,11.04,10.1,9.34,8.54,8.39,8.21,8.09,8,7.96,7.95,7.96,7.99,7.98
2026-09-22 03:20:00,30.4,8.5,6.1,327,17.32,17.32,17.35,17.36,17.33,17.33,17.35,17.31,17.32,17.31,17.33,17.32,17.32,17.34,17.35,17.32,17.31,17.18,16.59,16.09,15.95,15.71,15.17,14.07,11.97,11.69,11.25,10.4,9.42,8.43,8.29,8.18,8,8,7.96,7.95,7.96,7.98,7.98
2026-09-22 03:30:00,30.4,8.6,6,341,17.33,17.33,17.36,17.36,17.34,17.33,17.35,17.32,17.33,17.31,17.33,17.33,17.33,17.35,17.34,17.33,17.28,17.01,16.3,16.01,15.91,15.76,15.06,14.03,12.01,11.52,10.9,9.64,9.19,8.36,8.28,8.13,7.99,8,7.95,7.94,7.95,7.98,7.97
2026-09-22 03:40:00,30.4,8.5,6.2,339,17.32,17.34,17.37,17.36,17.35,17.34,17.36,17.32,17.33,17.32,17.34,17.33,17.33,17.34,17.34,17.32,17.29,17.02,16.4,15.98,15.9,15.37,14.48,13.3,11.89,11.38,10.85,9.71,9.27,8.36,8.22,8.08,7.97,7.99,7.94,7.93,7.94,7.97,7.96
2026-09-22 03:50:00,30.4,8.5,5,336,17.33,17.32,17.36,17.36,17.33,17.33,17.35,17.32,17.34,17.32,17.34,17.34,17.33,17.35,17.33,17.31,17.25,16.85,16.03,15.93,15.87,15.34,14.62,13.69,11.69,11.3,10.85,9.93,9.15,8.4,8.14,8.06,8.02,8,7.94,7.94,7.94,7.97,7.96
2026-09-22 04:00:00,30.4,8.4,4.9,330,17.34,17.34,17.37,17.37,17.35,17.34,17.36,17.32,17.33,17.32,17.34,17.34,17.33,17.36,17.35,17.32,17.3,17.01,16.1,15.92,15.86,15.24,14.37,12.8,11.62,11.25,10.75,9.06,8.76,8.35,8.12,8.05,8.02,7.99,7.95,7.94,7.94,7.97,7.96
2026-09-22 04:10:00,30.4,8.7,5.2,338,17.32,17.33,17.35,17.36,17.34,17.34,17.35,17.32,17.34,17.32,17.33,17.32,17.33,17.33,17.33,17.31,17.26,17.08,16.22,15.91,15.87,15.6,14.59,13.23,11.7,11.36,10.52,9.17,8.86,8.28,8.02,7.97,7.97,7.98,7.94,7.94,7.95,7.97,7.96
2026-09-22 04:20:00,30.4,8.5,5.2,326,17.33,17.34,17.37,17.37,17.35,17.34,17.37,17.33,17.34,17.32,17.34,17.33,17.33,17.36,17.37,17.33,17.26,17.12,16.26,15.88,15.86,15.35,14.47,12.72,11.8,11.22,10.31,9.5,8.72,8.23,8.13,8.08,7.95,7.98,7.93,7.93,7.94,7.96,7.96
2026-09-22 04:30:00,30.4,8.3,4.7,334,17.33,17.34,17.37,17.38,17.35,17.35,17.37,17.33,17.34,17.32,17.34,17.34,17.33,17.36,17.36,17.33,17.33,17.02,16.12,15.86,15.81,15.02,14.23,12.24,11.59,10.92,9.79,9.23,8.58,8.21,8.05,7.93,7.93,7.96,7.93,7.93,7.94,7.96,7.96
2026-09-22 04:40:00,30.4,8.1,5.1,324,17.35,17.35,17.38,17.39,17.36,17.36,17.38,17.34,17.35,17.34,17.35,17.35,17.35,17.37,17.35,17.29,17.22,16.84,15.89,15.83,15.75,14.8,13.63,12.19,11.25,10.83,9.88,8.83,8.49,8.24,8.09,7.92,7.91,7.93,7.89,7.89,7.91,7.94,7.94
2026-09-22 04:50:00,30.4,7.9,4.2,325,17.36,17.36,17.39,17.39,17.37,17.36,17.38,17.34,17.35,17.33,17.35,17.34,17.34,17.34,17.33,17.28,17.15,16.48,15.84,15.8,15.08,14.38,12.7,11.52,10.82,10.2,9.74,8.79,8.52,8.27,8.16,7.9,7.89,7.89,7.83,7.8,7.79,7.8,7.79
2026-09-22 05:00:00,30.4,7.7,5.4,320,17.35,17.35,17.38,17.39,17.37,17.36,17.38,17.34,17.35,17.34,17.36,17.35,17.35,17.37,17.36,17.32,17.26,17.03,16.08,15.81,15.27,14.55,13.14,11.66,11.04,10.02,8.97,8.78,8.49,8.22,8.1,7.96,7.86,7.87,7.82,7.81,7.81,7.8,7.77
2026-09-22 05:10:00,30.4,7.8,5.4,324,17.34,17.35,17.38,17.38,17.36,17.36,17.37,17.34,17.34,17.33,17.35,17.35,17.35,17.37,17.36,17.32,17.27,16.86,15.9,15.77,15.22,14.54,12.88,11.54,10.9,9.58,8.9,8.53,8.36,8.12,8.06,7.96,7.87,7.84,7.79,7.78,7.78,7.8,7.73
2026-09-22 05:20:00,30.4,7.4,5.8,328,17.36,17.37,17.4,17.4,17.38,17.37,17.39,17.35,17.36,17.34,17.35,17.34,17.34,17.37,17.36,17.26,17.18,16.67,15.82,15.67,14.92,14.01,12.33,11.26,10.01,9.13,8.7,8.36,8.27,8.16,8.06,7.97,7.96,7.88,7.69,7.68,7.69,7.7,7.69
2026-09-22 05:30:00,30.4,7.5,6.1,329,17.33,17.34,17.37,17.37,17.35,17.35,17.37,17.33,17.34,17.32,17.34,17.33,17.31,17.32,17.33,17.28,17.12,16.43,15.79,15.66,14.91,13.84,12.4,11.03,9.66,9.12,8.67,8.41,8.29,8.16,8.15,8.07,7.95,7.84,7.66,7.63,7.62,7.66,7.66
2026-09-22 05:40:00,30.4,7.1,6.1,313,17.32,17.33,17.37,17.37,17.34,17.34,17.35,17.32,17.33,17.31,17.33,17.32,17.31,17.32,17.3,17.22,17.1,16.45,15.79,15.63,15.01,13.8,12.19,10.83,9.87,8.95,8.63,8.37,8.28,8.17,8.13,8.07,7.97,7.85,7.65,7.63,7.63,7.65,7.64
2026-09-22 05:50:00,30.4,6.7,6.3,309,17.32,17.32,17.35,17.35,17.33,17.32,17.34,17.31,17.32,17.3,17.32,17.32,17.31,17.34,17.31,17.27,17.16,16.77,15.86,15.6,15.18,14.32,12.62,11.17,10.11,9.06,8.63,8.36,8.3,8.18,8.11,8.01,7.94,7.86,7.74,7.66,7.65,7.63,7.61
2026-09-22 06:00:00,30.4,6.7,5.4,322,17.29,17.29,17.32,17.33,17.3,17.29,17.31,17.28,17.28,17.28,17.29,17.29,17.29,17.31,17.29,17.22,17.12,16.59,15.84,15.5,15.17,14.33,12.66,11.04,9.73,9.1,8.52,8.3,8.28,8.13,8.09,8,7.86,7.84,7.75,7.67,7.6,7.6,7.59
2026-09-22 06:10:00,30.4,6.7,5.3,319,17.27,17.28,17.32,17.32,17.3,17.29,17.31,17.28,17.29,17.26,17.28,17.26,17.27,17.3,17.28,17.23,17.18,16.49,15.78,15.36,14.98,14.11,12.38,10.93,9.46,8.81,8.53,8.28,8.23,8.13,8.09,7.99,7.85,7.8,7.68,7.58,7.58,7.59,7.57
2026-09-22 06:20:00,30.4,6.7,5.9,320,17.27,17.27,17.3,17.31,17.28,17.27,17.29,17.25,17.26,17.25,17.26,17.26,17.25,17.28,17.26,17.17,17.13,16.67,15.84,15.39,14.91,13.36,11.7,10.82,9.36,8.92,8.63,8.23,8.22,8.13,8.09,8.02,7.91,7.82,7.71,7.53,7.55,7.57,7.56
2026-09-22 06:30:00,30.4,6.7,6,325,17.23,17.23,17.26,17.27,17.25,17.25,17.27,17.24,17.25,17.23,17.25,17.24,17.24,17.25,17.24,17.17,17.06,16.13,15.64,15,14.63,13.21,11.82,11.03,9.38,8.98,8.74,8.31,8.26,8.12,8.07,8,7.88,7.81,7.66,7.54,7.52,7.55,7.55
2026-09-22 06:40:00,30.4,6.4,5,328,17.25,17.25,17.28,17.29,17.26,17.26,17.27,17.24,17.24,17.23,17.25,17.23,17.23,17.25,17.24,17.21,17.19,16.87,16.08,15.64,14.64,13.03,11.44,10.62,9.13,8.76,8.68,8.46,8.32,8.16,8.06,7.96,7.9,7.73,7.63,7.59,7.53,7.55,7.54
2026-09-22 06:50:00,30.4,6.5,5.3,318,17.23,17.23,17.26,17.26,17.23,17.24,17.25,17.22,17.22,17.21,17.23,17.23,17.23,17.25,17.25,17.18,16.99,16.46,15.79,14.58,13,11.51,10.99,9.86,8.7,8.61,8.48,8.39,8.29,8.12,8.01,7.91,7.86,7.73,7.61,7.57,7.56,7.57,7.56
2026-09-22 07:00:00,30.4,6.5,5.4,321,17.22,17.21,17.24,17.25,17.23,17.23,17.24,17.21,17.22,17.2,17.22,17.22,17.22,17.24,17.24,17.22,17.04,16.19,15.74,14.44,13.06,11.77,11.44,10.51,8.89,8.59,8.41,8.27,8.1,8.03,7.98,7.87,7.78,7.64,7.57,7.54,7.54,7.57,7.55
2026-09-22 07:10:00,30.5,6.6,5.2,322,17.22,17.22,17.26,17.26,17.24,17.24,17.26,17.22,17.22,17.21,17.23,17.23,17.23,17.22,17.17,17.04,16.91,16.14,15.69,14.09,12.53,11.74,11.28,10.46,8.69,8.41,8.26,8.15,8.11,7.95,7.89,7.77,7.65,7.59,7.55,7.54,7.54,7.57,7.56
2026-09-22 07:20:00,30.5,6.5,5.6,317,17.21,17.21,17.24,17.25,17.22,17.23,17.24,17.21,17.22,17.2,17.22,17.22,17.21,17.22,17.2,17.12,16.9,16.13,15.27,13.72,12.68,11.72,11.26,9.46,8.62,8.48,8.24,8.1,8.04,7.91,7.88,7.59,7.55,7.58,7.55,7.54,7.53,7.56,7.55
2026-09-22 07:30:00,30.5,6.5,4.9,334,17.21,17.21,17.24,17.25,17.23,17.22,17.24,17.2,17.22,17.2,17.22,17.21,17.21,17.24,17.23,17.11,16.34,15.76,14.39,13.38,12.6,11.7,11.23,9.21,8.63,8.51,8.43,8.23,8.16,8.02,7.91,7.77,7.57,7.6,7.58,7.57,7.57,7.61,7.6
2026-09-22 07:40:00,30.5,6.7,5.2,321,17.21,17.21,17.24,17.24,17.21,17.21,17.23,17.19,17.2,17.19,17.2,17.2,17.21,17.23,17.23,17.03,16.33,15.6,14.2,13.27,12.54,11.59,10.59,9.01,8.53,8.51,8.45,8.39,8.33,8.13,7.86,7.7,7.62,7.61,7.57,7.56,7.54,7.57,7.57
2026-09-22 07:50:00,30.5,6.7,5.5,315,17.22,17.22,17.25,17.25,17.23,17.22,17.23,17.2,17.2,17.19,17.21,17.2,17.2,17.22,17.22,17.18,16.77,15.66,14.24,13.05,11.9,11.39,10.45,9.06,8.69,8.41,8.35,8.32,8.29,8.27,7.88,7.77,7.66,7.6,7.51,7.51,7.52,7.54,7.54
2026-09-22 08:00:00,30.5,6.9,5,327,17.21,17.21,17.24,17.25,17.22,17.21,17.23,17.19,17.2,17.19,17.2,17.2,17.19,17.2,17.2,17.16,16.75,15.59,14.12,13.01,11.74,11.06,10.03,9.01,8.61,8.51,8.32,8.25,8.22,8.03,7.94,7.8,7.65,7.6,7.49,7.49,7.51,7.53,7.52
2026-09-22 08:10:00,30.5,7.2,5.3,337,17.22,17.22,17.24,17.25,17.22,17.22,17.24,17.2,17.21,17.2,17.21,17.21,17.21,17.23,17.23,17.21,16.35,15.23,13.52,12.33,11.77,11.01,9.18,8.76,8.55,8.51,8.4,8.36,8.35,8.07,7.94,7.78,7.59,7.61,7.55,7.49,7.5,7.52,7.51
2026-09-22 08:20:00,30.5,7.3,4.1,331,17.2,17.2,17.23,17.24,17.22,17.22,17.23,17.2,17.21,17.2,17.21,17.21,17.2,17.22,17.18,16.73,15.7,14.45,13.24,12.14,11.57,10.88,9.32,8.83,8.57,8.51,8.38,8.26,8.1,7.97,7.77,7.67,7.54,7.55,7.52,7.49,7.48,7.5,7.5
2026-09-22 08:30:00,30.5,7.5,3.7,330,17.21,17.21,17.23,17.23,17.21,17.21,17.23,17.19,17.2,17.2,17.21,17.21,17.18,17.21,17.16,16.98,15.95,14.7,13.29,12.2,11.47,10.73,9.21,8.89,8.56,8.56,8.38,8.24,8.19,7.78,7.77,7.64,7.6,7.56,7.48,7.46,7.47,7.5,7.49
2026-09-22 08:40:00,30.5,7.5,3.5,344,17.22,17.22,17.25,17.25,17.23,17.22,17.24,17.2,17.21,17.19,17.21,17.21,17.19,17.21,17.18,17,15.77,13.95,12.86,11.82,11.39,10.67,9.36,8.88,8.57,8.55,8.45,8.37,8,7.82,7.73,7.61,7.57,7.6,7.48,7.47,7.48,7.5,7.49
2026-09-22 08:50:00,30.5,7.9,2.8,329,17.23,17.23,17.25,17.25,17.23,17.22,17.24,17.2,17.21,17.2,17.22,17.21,17.21,17.14,17.08,16.52,15.08,13.37,12.4,11.63,11.32,10.44,9.08,8.79,8.47,8.46,8.32,8.21,8.01,7.75,7.72,7.65,7.56,7.56,7.47,7.47,7.48,7.5,7.49
2026-09-22 09:00:00,30.5,8.1,2.8,332,17.23,17.23,17.25,17.25,17.23,17.22,17.24,17.2,17.21,17.2,17.22,17.21,17.19,17.21,16.99,16.03,14.67,13.34,11.93,11.4,10.86,9.24,9.09,8.88,8.57,8.42,8.21,8.17,8.19,7.88,7.76,7.67,7.55,7.57,7.51,7.5,7.5,7.51,7.5
2026-09-22 09:10:00,30.5,8.5,3.4,337,17.25,17.25,17.26,17.26,17.24,17.23,17.25,17.22,17.22,17.2,17.21,17.19,17.17,17.18,17.17,16.92,15.62,13.46,11.93,11.41,10.83,9.91,9,8.56,8.51,8.5,8.32,8.16,7.91,7.74,7.72,7.64,7.52,7.53,7.49,7.48,7.5,7.52,7.51
2026-09-22 09:20:00,30.5,8.6,3.1,336,17.25,17.25,17.26,17.26,17.24,17.23,17.25,17.21,17.21,17.19,17.21,17.21,17.2,17.17,17.11,16.86,15.26,13.37,11.96,11.52,10.82,10.21,9.14,8.86,8.64,8.5,8.33,8.2,7.99,7.75,7.76,7.63,7.58,7.56,7.52,7.49,7.5,7.53,7.51
2026-09-22 09:30:00,30.5,8.8,3.2,336,17.25,17.25,17.27,17.27,17.24,17.24,17.25,17.22,17.23,17.21,17.23,17.22,17.21,17.22,17.19,16.95,15.51,13.38,11.55,11.23,10.87,10.17,9.07,8.89,8.62,8.52,8.42,8.14,7.96,7.78,7.73,7.68,7.52,7.54,7.52,7.5,7.5,7.53,7.51
2026-09-22 09:40:00,30.5,9,3.2,332,17.27,17.27,17.27,17.27,17.24,17.23,17.25,17.21,17.23,17.21,17.22,17.21,17.21,17.23,17.18,17.09,16.12,13.44,11.61,11.11,10.94,9.98,9.01,8.71,8.65,8.46,8.19,8.01,7.93,7.75,7.75,7.68,7.51,7.53,7.49,7.48,7.49,7.52,7.52
2026-09-22 09:50:00,30.5,9.3,3.1,341,17.28,17.27,17.27,17.27,17.25,17.24,17.26,17.22,17.23,17.21,17.22,17.21,17.19,17.2,17.16,16.95,15.45,13.17,11.39,10.88,10.71,9.89,9.07,8.87,8.6,8.28,8.1,7.95,7.81,7.77,7.76,7.61,7.56,7.54,7.48,7.48,7.49,7.51,7.51
2026-09-22 10:00:00,30.5,9.5,4.2,357,17.28,17.27,17.28,17.28,17.25,17.24,17.26,17.22,17.23,17.21,17.23,17.22,17.18,17.19,17.1,16.84,15.25,12.96,11.27,10.69,10.51,10.15,9.18,8.94,8.77,8.46,8.16,8.06,8.02,7.89,7.77,7.69,7.61,7.54,7.5,7.5,7.49,7.52,7.51
2026-09-22 10:10:00,30.5,9.9,3.1,16,17.29,17.28,17.28,17.28,17.25,17.24,17.25,17.22,17.22,17.2,17.21,17.17,17.1,16.91,16.69,16.03,15.14,12.37,11.16,10.79,10.41,10.19,9.24,8.99,8.55,8.3,8.18,8.06,8.01,7.86,7.76,7.66,7.53,7.51,7.48,7.48,7.5,7.53,7.52
2026-09-22 10:20:00,30.5,10,3.1,2,17.3,17.3,17.3,17.29,17.25,17.24,17.26,17.22,17.22,17.21,17.22,17.2,17.11,16.94,16.07,15.9,15.35,13.19,11.38,10.8,10.37,10.25,9.27,8.99,8.63,8.53,8.28,8.09,8.06,7.86,7.76,7.69,7.58,7.54,7.48,7.47,7.49,7.51,7.51
2026-09-22 10:30:00,30.5,9.9,4.1,13,17.31,17.3,17.3,17.3,17.27,17.25,17.26,17.22,17.22,17.21,17.22,17.2,17.15,17.09,16.7,15.84,14.6,12.39,11.13,10.72,10.36,9.91,9.18,8.75,8.62,8.59,8.32,8.08,8.05,7.87,7.74,7.68,7.58,7.53,7.48,7.48,7.48,7.51,7.5
2026-09-22 10:40:00,30.5,9.8,4.8,351,17.32,17.31,17.31,17.29,17.25,17.24,17.26,17.22,17.21,17.19,17.2,17.18,17.14,16.86,15.96,15.7,14.16,11.65,11.18,10.92,10.31,10.04,9.32,8.83,8.72,8.59,8.29,8.11,8.03,7.85,7.76,7.67,7.54,7.53,7.5,7.48,7.48,7.51,7.5
2026-09-22 10:50:00,30.5,9.9,5.2,353,17.33,17.31,17.31,17.31,17.27,17.25,17.26,17.22,17.22,17.2,17.21,17.19,17.11,16.95,15.87,15.22,13.57,12.32,11.31,11.02,10.29,10.15,9.28,8.97,8.78,8.58,8.27,8.12,8.04,7.79,7.72,7.56,7.5,7.52,7.48,7.48,7.49,7.51,7.5
2026-09-22 11:00:00,30.5,10,3.4,2,17.35,17.33,17.33,17.33,17.28,17.26,17.27,17.22,17.22,17.19,17.21,17.19,17.11,17.02,15.87,14.96,13.47,11.81,11.25,10.52,10.23,9.68,9.25,9.03,8.72,8.68,8.37,8.15,8.08,7.81,7.74,7.57,7.49,7.52,7.47,7.47,7.48,7.51,7.5
2026-09-22 11:10:00,30.5,10.4,4.8,348,17.35,17.34,17.34,17.32,17.28,17.26,17.26,17.22,17.22,17.2,17.21,17.19,17.16,16.96,15.78,15.16,13.5,11.87,11.25,10.54,10.2,9.7,9.29,9.03,8.79,8.63,8.25,8.09,8.07,7.8,7.71,7.59,7.51,7.53,7.49,7.47,7.48,7.51,7.5
2026-09-22 11:20:00,30.5,10.9,4.6,349,17.38,17.36,17.36,17.33,17.29,17.26,17.27,17.23,17.23,17.21,17.22,17.2,17.13,16.93,15.66,14.01,13.35,11.49,10.82,10.43,10.02,9.55,9.4,9.08,8.81,8.44,8.17,8.07,8.03,7.76,7.6,7.55,7.52,7.53,7.48,7.48,7.49,7.52,7.51
2026-09-22 11:30:00,30.5,11.1,3.1,345,17.4,17.37,17.37,17.35,17.3,17.26,17.27,17.23,17.23,17.21,17.22,17.18,17.04,15.98,15.56,14.29,13.29,11.45,10.76,10.46,10.16,9.61,9.23,9.03,8.85,8.36,8.14,8.06,8,7.76,7.69,7.59,7.57,7.56,7.5,7.49,7.49,7.52,7.51
2026-09-22 11:40:00,30.5,11.7,2.8,36,17.42,17.38,17.36,17.33,17.29,17.26,17.27,17.23,17.23,17.2,17.21,17.17,17.06,16.45,15.56,14.37,13.34,11.41,10.65,10.19,9.91,9.56,9.29,9.01,8.54,8.24,8.08,7.87,7.81,7.67,7.6,7.54,7.51,7.55,7.5,7.49,7.5,7.53,7.51
2026-09-22 11:50:00,30.5,12,2.7,10,17.42,17.38,17.36,17.34,17.29,17.26,17.27,17.23,17.24,17.21,17.22,17.18,17.05,16.11,15.38,13.89,13.37,11.39,10.7,10.34,10.04,9.71,9.28,8.68,8.29,8.13,8.02,7.85,7.81,7.66,7.6,7.53,7.51,7.54,7.5,7.5,7.52,7.54,7.52
2026-09-22 12:00:00,30.5,12,3.2,24,17.45,17.42,17.4,17.37,17.31,17.28,17.28,17.24,17.24,17.21,17.22,17.14,17,16.36,15.43,14.04,13.4,11.38,10.69,10.2,9.93,9.62,9.2,8.52,8.25,8.16,8.06,7.92,7.86,7.67,7.6,7.54,7.51,7.54,7.51,7.51,7.52,7.54,7.53
2026-09-22 12:10:00,30.5,12.5,3.4,356,17.46,17.42,17.39,17.35,17.3,17.27,17.28,17.24,17.24,17.22,17.23,17.14,17.03,16.03,15.26,13.98,12.89,11.28,10.64,10.19,9.84,9.29,9,8.4,8.23,8.24,8.19,8.08,8.04,7.81,7.58,7.52,7.5,7.54,7.51,7.51,7.52,7.55,7.53
2026-09-22 12:20:00,30.5,13.1,2.3,10,17.47,17.42,17.39,17.35,17.3,17.27,17.28,17.24,17.24,17.21,17.2,17.08,16.74,15.52,14.25,13.89,13.32,11.4,10.73,10.23,9.86,9.26,8.69,8.29,8.22,8.25,8.2,8.08,7.98,7.81,7.61,7.53,7.52,7.54,7.5,7.5,7.51,7.54,7.53
2026-09-22 12:30:00,30.5,13.2,2.8,347,17.51,17.44,17.39,17.35,17.29,17.27,17.28,17.24,17.24,17.21,17.17,17.05,15.97,15.39,14.12,13.58,12,11.27,10.73,10.35,10.05,9.36,8.84,8.5,8.37,8.22,8.21,8.15,8.06,7.82,7.71,7.52,7.51,7.54,7.5,7.5,7.5,7.53,7.52
2026-09-22 12:40:00,30.5,13.5,3,12,17.53,17.45,17.4,17.34,17.29,17.27,17.28,17.24,17.24,17.21,17.16,17.07,16.44,15.33,14.04,13.49,11.94,11.3,10.75,10.48,9.99,9.35,8.85,8.52,8.4,8.22,8.18,8.17,8.15,7.82,7.6,7.52,7.51,7.54,7.51,7.49,7.51,7.52,7.5
2026-09-22 12:50:00,30.5,13.7,2.6,12,17.56,17.46,17.38,17.32,17.29,17.27,17.28,17.24,17.24,17.18,17.13,17.03,16.14,15.11,14.01,13.41,11.7,11.32,10.71,10.37,9.49,9.07,8.91,8.51,8.44,8.32,8.21,8.17,8.07,7.82,7.68,7.52,7.52,7.53,7.5,7.49,7.49,7.52,7.51
2026-09-22 13:00:00,30.5,14,3,349,17.58,17.49,17.4,17.31,17.28,17.26,17.27,17.22,17.2,17.13,17.09,16.94,15.52,14.95,14.01,13.43,11.68,11.34,10.8,10.57,10.06,9.23,9.13,8.51,8.26,8.22,8.18,8.14,8.11,7.8,7.61,7.52,7.51,7.53,7.5,7.49,7.49,7.51,7.5
2026-09-22 13:10:00,30.5,14.3,3.2,8,17.6,17.52,17.42,17.33,17.28,17.24,17.24,17.16,17.12,17.1,17.06,16.97,16.51,15.01,14.14,13.56,11.79,11.35,10.79,10.59,9.96,9.27,9.17,8.51,8.29,8.22,8.14,8.05,7.94,7.76,7.58,7.54,7.52,7.55,7.5,7.49,7.49,7.53,7.52
2026-09-22 13:20:00,30.5,14.3,3.7,355,17.6,17.48,17.35,17.32,17.28,17.24,17.2,17.15,17.09,17.07,17.02,16.93,16.26,14.86,14.06,13.46,11.67,11.34,10.75,10.47,9.8,9.35,9.13,8.55,8.43,8.2,8.13,7.98,7.98,7.77,7.72,7.58,7.53,7.54,7.47,7.47,7.49,7.53,7.51
2026-09-22 13:30:00,30.5,14.6,2.7,7,17.64,17.53,17.35,17.32,17.27,17.21,17.19,17.11,17.07,17.05,17.03,16.91,15.62,14.45,13.94,13.12,11.37,10.9,10.72,10.34,9.51,9.38,8.8,8.48,8.41,8.14,8.07,7.94,7.86,7.74,7.68,7.59,7.54,7.51,7.48,7.47,7.48,7.5,7.5
2026-09-22 13:40:00,30.5,14.8,2.7,350,17.64,17.51,17.35,17.31,17.24,17.16,17.15,17.06,17.04,17.01,17,16.8,15.57,14.34,13.93,13.05,11.31,10.87,10.57,10.16,9.52,9.25,8.79,8.6,8.43,8.22,8.06,7.94,7.86,7.74,7.7,7.62,7.54,7.53,7.48,7.47,7.47,7.5,7.49
2026-09-22 13:50:00,30.5,15.3,2.3,348,17.64,17.55,17.35,17.31,17.25,17.18,17.14,17.1,17.02,17,17.01,16.9,16.18,14.26,13.88,12.91,11.3,10.96,10.65,10.15,9.59,9.32,8.73,8.59,8.4,8.34,8.09,7.88,7.83,7.75,7.7,7.62,7.49,7.51,7.47,7.45,7.46,7.49,7.48
2026-09-22 14:00:00,30.5,15.4,2.6,343,17.65,17.49,17.35,17.31,17.22,17.16,17.15,17.1,17.01,16.98,16.99,16.92,16.58,14.24,13.77,12.55,11.34,10.88,10.61,10.04,9.67,9.25,8.82,8.49,8.44,8.36,8.09,7.94,7.82,7.7,7.67,7.56,7.47,7.49,7.44,7.44,7.45,7.49,7.48
2026-09-22 14:10:00,30.5,15.6,2,312,17.66,17.48,17.35,17.31,17.19,17.15,17.14,17.09,16.98,16.96,16.96,16.89,16.6,14.76,13.77,12.91,11.42,10.92,10.59,9.94,9.56,9.23,8.83,8.48,8.44,8.33,8.14,7.96,7.83,7.69,7.63,7.53,7.48,7.5,7.44,7.43,7.45,7.48,7.47
2026-09-22 14:20:00,30.5,16.3,2.5,344,17.68,17.47,17.35,17.29,17.19,17.17,17.15,17.1,17.05,16.93,16.9,16.8,16.36,14.11,13.66,12.6,11.34,10.86,10.57,9.89,9.62,9.34,8.79,8.44,8.4,8.4,8.16,7.87,7.8,7.72,7.69,7.57,7.5,7.48,7.43,7.43,7.44,7.47,7.47
2026-09-22 14:30:00,30.5,16.4,2.4,341,17.68,17.41,17.34,17.25,17.2,17.19,17.16,17.11,17.1,16.92,16.87,16.62,16.13,14.28,13.62,12.58,11.35,10.99,10.53,9.93,9.68,9.39,8.77,8.38,8.35,8.38,8.05,7.79,7.78,7.71,7.68,7.55,7.46,7.47,7.43,7.43,7.44,7.47,7.46
2026-09-22 14:40:00,30.5,16.5,2.7,357,17.69,17.39,17.32,17.25,17.22,17.21,17.16,17.1,17.1,16.92,16.81,16.28,15.74,13.88,13.5,12.58,11.44,11.28,10.31,9.87,9.68,9.18,8.72,8.38,8.35,8.25,8.02,7.79,7.8,7.73,7.7,7.56,7.49,7.48,7.43,7.42,7.43,7.46,7.46
2026-09-22 14:50:00,30.5,16.5,2.8,349,17.61,17.48,17.33,17.27,17.23,17.22,17.17,17.1,17.09,17,16.86,16.43,15.76,14.29,13.43,12.49,11.46,11.27,10.4,9.98,9.66,9.24,8.63,8.53,8.39,8.26,7.91,7.78,7.77,7.72,7.7,7.58,7.48,7.49,7.44,7.42,7.43,7.46,7.45
2026-09-22 15:00:00,30.5,16.7,3.4,359,17.52,17.36,17.29,17.28,17.25,17.22,17.14,17.09,17.09,17.02,16.87,16.46,16.06,14.67,13.39,11.92,11.37,10.6,10.32,9.91,9.56,9.19,8.75,8.5,8.42,8.16,7.94,7.76,7.76,7.68,7.68,7.55,7.47,7.47,7.44,7.42,7.43,7.46,7.45
2026-09-22 15:10:00,30.5,16.5,3.7,343,17.52,17.35,17.31,17.3,17.24,17.16,17.12,17.08,17.08,17.05,16.87,16.66,16.11,14.58,13.26,11.88,11.28,10.69,10.18,9.92,9.57,9.05,8.68,8.51,8.41,8.16,7.96,7.8,7.77,7.68,7.68,7.59,7.54,7.47,7.43,7.41,7.42,7.45,7.45
2026-09-22 15:20:00,30.5,16.9,2.9,358,17.53,17.44,17.33,17.26,17.19,17.13,17.11,17.07,17.08,16.98,16.83,16.37,15.93,14.6,13.06,11.8,11.18,10.39,10.22,10.02,9.57,9,8.6,8.5,8.41,8.13,7.92,7.82,7.72,7.71,7.67,7.57,7.52,7.48,7.42,7.42,7.42,7.45,7.45
2026-09-22 15:30:00,30.5,16.9,2.9,336,17.54,17.47,17.35,17.25,17.16,17.11,17.1,17.06,17.06,17.02,16.86,16.54,15.84,14.69,13.11,11.96,11.2,10.41,10.09,9.87,9.51,9.05,8.56,8.49,8.27,8.11,7.86,7.74,7.74,7.71,7.62,7.58,7.56,7.5,7.42,7.41,7.42,7.45,7.44
2026-09-22 15:40:00,30.5,17.4,2.7,356,17.65,17.62,17.58,17.53,17.39,17.26,17.18,17.09,17.07,17.04,16.95,16.65,14.97,13.45,13.35,12.12,11.42,10.61,10.13,10.06,9.57,9.06,8.57,8.5,8.14,8.14,7.87,7.78,7.75,7.72,7.67,7.59,7.53,7.51,7.42,7.41,7.42,7.45,7.44
2026-09-22 15:50:00,30.5,17.7,2.8,352,17.69,17.64,17.53,17.47,17.22,17.15,17.11,17.05,17.05,16.96,16.82,16.1,15.17,14.6,13.38,11.76,11,10.39,10.13,9.78,9.43,8.56,8.53,8.49,8.14,8.02,7.87,7.74,7.75,7.69,7.65,7.55,7.5,7.51,7.46,7.42,7.41,7.44,7.43
2026-09-22 16:00:00,30.5,17.7,2.7,349,17.7,17.64,17.59,17.5,17.29,17.15,17.12,17.05,17.04,16.97,16.86,16.6,15.03,13.98,12.46,11.42,10.63,10.12,10.05,9.64,9.39,8.56,8.55,8.16,8.12,7.98,7.84,7.73,7.75,7.67,7.65,7.54,7.49,7.51,7.43,7.41,7.41,7.43,7.43
2026-09-22 16:10:00,30.5,17.8,2.3,327,17.68,17.63,17.61,17.56,17.41,17.17,17.12,17.03,17.03,16.95,16.91,16.75,15.11,14.19,12.6,11.37,10.58,10.07,10.01,9.61,8.94,8.57,8.56,8.18,8.12,7.99,7.88,7.73,7.75,7.7,7.65,7.53,7.49,7.48,7.44,7.42,7.41,7.43,7.42
2026-09-22 16:20:00,30.5,18.2,2.8,8,17.63,17.6,17.58,17.53,17.45,17.19,17.13,17.03,17.03,16.98,16.89,16.02,15.01,14.26,12.61,11.18,10.21,10.09,9.94,9.57,9.15,8.55,8.53,8.2,8.13,7.99,7.88,7.76,7.77,7.75,7.64,7.52,7.5,7.48,7.41,7.38,7.39,7.42,7.41
2026-09-22 16:30:00,30.5,17.9,3.1,8,17.61,17.59,17.57,17.51,17.43,17.18,17.11,17.03,17.02,16.95,16.86,15.9,15.06,13.97,12.48,11.01,10.25,10.12,9.88,9.58,9.15,8.59,8.53,8.46,8.16,8.1,7.93,7.8,7.79,7.74,7.65,7.54,7.46,7.48,7.43,7.4,7.4,7.42,7.41
2026-09-22 16:40:00,30.5,18,3.1,353,17.58,17.56,17.57,17.54,17.42,17.34,17.16,17.05,17.01,16.95,16.83,15.66,15.19,14.34,12.15,10.97,10.26,10.14,10.07,9.61,9.16,8.46,8.51,8.35,8.16,7.96,7.84,7.78,7.8,7.74,7.65,7.53,7.48,7.5,7.42,7.39,7.38,7.4,7.4
2026-09-22 16:50:00,30.5,17.9,3.7,347,17.55,17.53,17.54,17.5,17.42,17.3,17.11,17.03,16.98,16.89,16.12,15.54,15.12,14.31,12.44,11.01,10.23,10.11,9.96,9.66,9.25,8.45,8.49,8.2,8.05,7.9,7.82,7.79,7.81,7.73,7.67,7.62,7.49,7.49,7.42,7.41,7.4,7.4,7.39
2026-09-22 17:00:00,30.5,18.1,2.8,344,17.55,17.53,17.55,17.53,17.43,17.37,17.19,17.03,16.99,16.91,16.16,15.72,15.05,13.71,12.12,10.66,10.18,10.08,9.72,9.56,9.02,8.49,8.24,8.1,7.82,7.82,7.8,7.78,7.77,7.68,7.66,7.56,7.47,7.49,7.42,7.38,7.39,7.4,7.37
2026-09-22 17:10:00,30.5,18.3,2.9,354,17.51,17.5,17.52,17.52,17.46,17.38,17.3,17.03,16.96,16.5,16.23,16.09,15.14,13.5,11.99,10.42,10.23,10.11,9.74,9.52,9.27,8.53,8.26,8.13,7.89,7.84,7.81,7.78,7.76,7.66,7.67,7.58,7.48,7.49,7.43,7.4,7.39,7.39,7.37
2026-09-22 17:20:00,30.5,18.1,3.5,341,17.5,17.49,17.5,17.49,17.44,17.36,17.23,17.01,16.92,16.39,16.24,15.52,15.02,13.38,11.99,10.67,10.22,10.08,9.71,9.45,9.35,8.67,8.3,8.15,7.94,7.82,7.79,7.7,7.69,7.66,7.65,7.57,7.5,7.51,7.42,7.38,7.37,7.37,7.35
2026-09-22 17:30:00,30.5,18.2,3.2,351,17.49,17.48,17.5,17.49,17.45,17.38,17.3,17.03,16.9,16.48,16.35,15.48,14.82,12.77,11.08,10.68,10.18,10.08,9.75,9.36,9.25,8.56,8.25,8.16,7.96,7.84,7.77,7.74,7.73,7.66,7.65,7.57,7.51,7.48,7.42,7.41,7.37,7.38,7.34
2026-09-22 17:40:00,30.5,17.6,4.2,337,17.47,17.46,17.48,17.48,17.43,17.38,17.26,16.96,16.7,16.49,16.32,15.66,15.14,13.14,11.92,10.67,10.22,10.07,9.71,9.45,9.29,8.54,8.29,8.16,8.13,7.95,7.8,7.7,7.68,7.66,7.65,7.54,7.51,7.46,7.39,7.38,7.37,7.38,7.34
2026-09-22 17:50:00,30.5,17.4,4.1,344,17.45,17.45,17.47,17.47,17.41,17.37,17.31,17.01,16.84,16.55,16.36,15.61,14.92,12.43,11.07,10.41,10.23,9.94,9.65,9.42,9.15,8.34,8.2,8.16,8.02,7.86,7.77,7.69,7.7,7.66,7.65,7.55,7.53,7.47,7.42,7.39,7.37,7.36,7.35
2026-09-22 18:00:00,30.5,17.2,3.6,347,17.44,17.44,17.46,17.45,17.41,17.35,17.31,16.92,16.76,16.52,16.18,15.24,14.85,12.33,10.93,10.39,10.3,9.82,9.45,9.37,8.78,8.23,8.2,8.14,8.12,7.89,7.75,7.68,7.69,7.67,7.67,7.63,7.55,7.52,7.44,7.39,7.38,7.35,7.35
2026-09-22 18:10:00,30.5,16.9,4,344,17.42,17.42,17.44,17.44,17.4,17.37,17.34,17.15,16.77,16.58,16.55,15.97,15.04,12.72,11.39,10.53,10.34,9.83,9.48,9.4,9.06,8.23,8.21,8.15,8.13,7.98,7.74,7.66,7.67,7.66,7.66,7.62,7.58,7.53,7.43,7.39,7.4,7.4,7.33
2026-09-22 18:20:00,30.5,16.5,4.3,340,17.4,17.4,17.42,17.41,17.38,17.34,17.26,16.81,16.68,16.58,15.92,15.12,14.74,12.4,10.94,10.65,10.37,9.82,9.45,9.37,9.07,8.18,8.21,8.15,8.13,8.12,7.82,7.69,7.68,7.65,7.66,7.61,7.57,7.52,7.4,7.39,7.4,7.39,7.34
2026-09-22 18:30:00,30.5,16.2,4.6,345,17.37,17.37,17.4,17.4,17.37,17.35,17.26,16.9,16.66,16.55,15.92,15.19,14.75,12.32,11.13,10.55,10.39,9.5,9.42,9.35,8.29,8.19,8.21,8.16,8.15,8.16,7.92,7.72,7.69,7.66,7.66,7.61,7.57,7.53,7.41,7.41,7.4,7.4,7.34
2026-09-22 18:40:00,30.5,15.8,4.7,351,17.34,17.35,17.37,17.37,17.35,17.33,17.33,16.95,16.74,16.6,15.9,15.07,14.54,11.8,10.94,10.64,10.04,9.43,9.34,9.16,8.2,8.19,8.23,8.19,8.16,8.18,7.88,7.73,7.71,7.66,7.65,7.6,7.56,7.47,7.41,7.4,7.39,7.4,7.36
2026-09-22 18:50:00,30.5,15.2,3.5,345,17.33,17.34,17.37,17.37,17.34,17.32,17.3,17.15,16.74,16.43,15.92,15.22,14.75,12.56,11.22,10.7,9.79,9.44,9.35,8.62,8.21,8.18,8.23,8.21,8.21,8.25,7.93,7.84,7.78,7.68,7.65,7.59,7.55,7.48,7.39,7.38,7.38,7.4,7.36
2026-09-22 19:00:00,30.5,15.1,5.8,356,17.33,17.33,17.35,17.35,17.33,17.3,17.26,16.97,16.78,16.66,15.97,15.41,14.69,12.51,11.2,10.67,9.57,9.47,9.32,8.26,8.25,8.24,8.29,8.26,8.25,8.26,7.93,7.85,7.82,7.71,7.66,7.62,7.54,7.5,7.38,7.38,7.38,7.41,7.37
2026-09-22 19:10:00,30.5,15,5.5,360,17.31,17.3,17.35,17.35,17.32,17.3,17.29,17.2,16.89,16.78,16.57,15.79,15.01,12.79,11.29,10.79,9.58,9.48,8.97,8.51,8.45,8.43,8.37,8.33,8.27,8.28,8.14,7.86,7.8,7.69,7.66,7.57,7.55,7.54,7.39,7.37,7.38,7.41,7.39
2026-09-22 19:20:00,30.5,14.9,5.3,2,17.27,17.28,17.3,17.28,17.25,17.21,17.05,16.85,16.76,16.15,15.95,15.24,14.66,13.05,11.31,10.83,9.6,9.17,8.84,8.58,8.45,8.32,8.34,8.28,8.15,8.05,7.87,7.82,7.79,7.68,7.66,7.54,7.51,7.47,7.38,7.36,7.37,7.4,7.4
2026-09-22 19:30:00,30.5,14.8,5.6,5,17.29,17.28,17.31,17.3,17.27,17.23,17.18,17.03,16.84,16.63,16.01,15.23,14.6,12.61,11.27,10.52,9.62,9.22,8.93,8.61,8.45,8.37,8.32,8.16,8.11,7.89,7.8,7.72,7.74,7.67,7.62,7.54,7.49,7.42,7.36,7.36,7.38,7.4,7.4
2026-09-22 19:40:00,30.5,14.8,4.9,1,17.28,17.27,17.3,17.3,17.27,17.23,17.21,17.1,16.9,16.79,16.3,15.92,14.63,12.84,11.29,10.69,9.63,9.41,8.97,8.59,8.41,8.35,8.33,8.16,8.09,7.93,7.82,7.75,7.71,7.65,7.62,7.52,7.49,7.41,7.37,7.36,7.37,7.4,7.4
2026-09-22 19:50:00,30.5,14.8,5.3,358,17.26,17.26,17.28,17.28,17.25,17.23,17.18,16.87,16.84,16.59,16.17,15.5,14.57,12.64,11.24,10.61,9.6,9.27,8.81,8.51,8.44,8.41,8.31,8.19,8.11,7.92,7.81,7.71,7.7,7.64,7.6,7.51,7.46,7.42,7.37,7.36,7.37,7.4,7.39
2026-09-22 20:00:00,30.5,14.7,4.6,357,17.25,17.24,17.27,17.28,17.26,17.24,17.24,17.18,17.01,16.79,16.51,15.8,14.59,13.03,11.26,10.81,9.6,9.22,8.71,8.59,8.45,8.36,8.26,8.19,7.98,7.87,7.82,7.68,7.67,7.62,7.56,7.51,7.41,7.42,7.37,7.37,7.38,7.4,7.39
2026-09-22 20:10:00,30.5,14.4,4.2,3,17.24,17.24,17.27,17.25,17.23,17.21,17.13,16.98,16.84,16.42,15.99,15.1,13.91,11.4,11.03,10.26,9.4,9.07,8.91,8.58,8.43,8.36,8.19,8.13,8.01,7.94,7.85,7.68,7.66,7.61,7.57,7.52,7.44,7.42,7.37,7.36,7.37,7.4,7.39
2026-09-22 20:20:00,30.5,14.2,3.8,344,17.24,17.24,17.26,17.26,17.23,17.22,17.19,17.03,16.87,16.49,16.05,15.14,14.07,11.5,11.19,10.27,9.59,9.26,8.81,8.52,8.45,8.34,8.28,8.21,7.96,7.9,7.8,7.65,7.66,7.62,7.57,7.53,7.45,7.43,7.38,7.37,7.38,7.41,7.4
2026-09-22 20:30:00,30.5,14,4.1,353,17.23,17.23,17.26,17.26,17.22,17.2,17.2,17.08,16.85,16.58,16.13,15.16,14.06,11.4,11.2,10.41,9.56,9.09,8.8,8.6,8.51,8.4,8.37,8.23,7.91,7.88,7.81,7.73,7.63,7.57,7.58,7.51,7.45,7.44,7.39,7.38,7.38,7.41,7.4
2026-09-22 20:40:00,30.5,14,4.2,356,17.24,17.23,17.26,17.26,17.23,17.22,17.22,17.15,17.04,16.67,16.2,15.51,14.3,11.43,11.14,9.82,9.53,9.2,8.94,8.65,8.58,8.31,8.35,8.26,7.96,7.88,7.82,7.75,7.65,7.59,7.58,7.51,7.45,7.43,7.39,7.39,7.39,7.41,7.4
2026-09-22 20:50:00,30.5,14.3,5.3,351,17.22,17.21,17.24,17.25,17.22,17.21,17.19,17.13,16.9,16.52,16.13,14.88,12.98,11.33,11.08,9.53,9.25,9.14,8.83,8.69,8.62,8.44,8.32,8.11,7.92,7.85,7.79,7.75,7.68,7.6,7.56,7.51,7.45,7.42,7.39,7.39,7.4,7.41,7.41
2026-09-22 21:00:00,30.5,13.7,4.9,335,17.21,17.21,17.24,17.24,17.22,17.2,17.19,17.01,16.82,16.44,16.21,15.72,13.97,11.37,11.1,9.58,9.25,9.03,8.84,8.79,8.67,8.47,8.28,8.11,7.92,7.87,7.77,7.74,7.72,7.56,7.57,7.52,7.46,7.43,7.39,7.39,7.4,7.42,7.41
2026-09-22 21:10:00,30.5,13.3,4.7,338,17.21,17.21,17.24,17.24,17.21,17.2,17.2,17.11,16.96,16.5,16.19,14.96,13.15,11.38,11.13,9.57,9.35,8.99,8.85,8.82,8.73,8.62,8.58,8,7.9,7.86,7.8,7.73,7.6,7.57,7.59,7.55,7.47,7.45,7.41,7.39,7.4,7.43,7.42
2026-09-22 21:20:00,30.5,13.1,4.6,326,17.19,17.19,17.22,17.22,17.2,17.19,17.2,17.13,17.05,16.51,16.33,15.67,13.27,11.41,10.6,9.56,9.34,9.1,8.94,8.84,8.8,8.62,8.43,7.97,7.93,7.91,7.84,7.75,7.75,7.6,7.6,7.56,7.47,7.46,7.4,7.39,7.4,7.42,7.42
2026-09-22 21:30:00,30.5,13,4.9,341,17.2,17.19,17.22,17.23,17.2,17.19,17.21,17.17,17.15,16.81,16.27,15.27,13.28,11.38,9.82,9.44,9.38,9.13,8.96,8.91,8.83,8.69,8.42,8.01,7.85,7.84,7.72,7.7,7.72,7.6,7.6,7.51,7.43,7.45,7.39,7.39,7.41,7.44,7.42
2026-09-22 21:40:00,30.5,12.9,4.8,340,17.2,17.19,17.22,17.23,17.2,17.19,17.18,17.04,16.87,16.4,16.06,14.75,11.98,11.44,10.32,9.51,9.44,9.07,9.04,8.98,8.91,8.82,8.44,7.97,7.87,7.83,7.71,7.69,7.7,7.61,7.61,7.55,7.46,7.43,7.4,7.39,7.4,7.44,7.43
2026-09-22 21:50:00,30.5,12.8,4.4,346,17.18,17.18,17.22,17.21,17.19,17.18,17.17,17.07,16.8,16.38,16.14,14.82,12.04,11.45,11.04,9.59,9.54,9.06,8.98,8.93,8.87,8.67,8.6,7.98,7.88,7.8,7.76,7.68,7.7,7.62,7.6,7.51,7.43,7.44,7.39,7.39,7.41,7.44,7.43
2026-09-22 22:00:00,30.5,12.9,3.9,341,17.15,17.15,17.18,17.18,17.16,17.16,17.17,17.09,16.84,16.37,16.06,14.39,11.86,11.4,11.03,9.6,9.24,9.06,8.98,8.93,8.89,8.59,8.05,7.88,7.79,7.81,7.78,7.67,7.69,7.64,7.61,7.57,7.48,7.45,7.38,7.37,7.38,7.41,7.4
2026-09-22 22:10:00,30.5,12.8,4.8,348,17.14,17.14,17.17,17.17,17.15,17.14,17.15,17.1,16.92,16.44,16.19,14.37,11.99,11.44,10.85,9.67,9.16,9.1,8.94,8.9,8.83,8.47,7.91,7.83,7.81,7.83,7.81,7.66,7.68,7.63,7.61,7.53,7.46,7.45,7.38,7.36,7.37,7.4,7.39
2026-09-22 22:20:00,30.5,13.1,5.4,10,17.13,17.13,17.16,17.16,17.13,17.13,17.14,17.04,17,16.49,16.26,14.45,11.97,11.46,11.13,9.71,9.37,9.16,8.91,8.87,8.87,8.64,7.99,7.85,7.83,7.85,7.82,7.65,7.67,7.64,7.62,7.55,7.5,7.45,7.39,7.35,7.35,7.38,7.38
2026-09-22 22:30:00,30.5,13.1,5,6,17.11,17.11,17.15,17.15,17.12,17.11,17.11,17.01,16.82,16.38,15.84,13.84,11.77,11.38,10.88,9.69,9.24,9.14,8.84,8.84,8.78,8.14,8.1,8.03,7.94,7.9,7.75,7.64,7.66,7.62,7.63,7.54,7.49,7.45,7.37,7.35,7.34,7.37,7.37
2026-09-22 22:40:00,30.5,13,5,5,17.11,17.11,17.15,17.14,17.12,17.12,17.14,17.05,16.97,16.79,15.76,13.84,11.65,11.45,10.72,9.68,9.23,8.93,8.76,8.65,8.44,8.36,8.37,8.16,8.11,7.89,7.65,7.63,7.65,7.62,7.63,7.54,7.48,7.44,7.38,7.34,7.34,7.37,7.36
2026-09-22 22:50:00,30.5,12.8,4.1,344,17.12,17.12,17.15,17.15,17.13,17.13,17.14,17.09,17.02,16.44,15.33,13.62,11.64,11.38,10.66,9.79,9.45,8.89,8.71,8.46,8.41,8.25,8.24,8.16,7.95,7.9,7.83,7.63,7.64,7.61,7.61,7.57,7.48,7.45,7.35,7.33,7.33,7.37,7.36
2026-09-22 23:00:00,30.5,12.6,4.2,345,17.13,17.12,17.15,17.15,17.13,17.12,17.12,17.08,17.08,16.82,16.18,14.17,11.72,11.34,10.61,9.94,9.6,9.15,8.79,8.7,8.44,8.28,8.2,8.13,8.08,8.02,7.86,7.75,7.65,7.62,7.6,7.55,7.49,7.47,7.38,7.33,7.34,7.36,7.36
2026-09-22 23:10:00,30.5,12.5,4,344,17.12,17.11,17.14,17.14,17.12,17.11,17.13,17.05,16.98,16.51,15.72,13.93,11.6,10.92,10.49,10.01,9.56,9.2,8.87,8.78,8.51,8.3,8.18,8.09,8.06,7.91,7.86,7.82,7.67,7.61,7.61,7.55,7.52,7.47,7.4,7.35,7.34,7.37,7.36
2026-09-22 23:20:00,30.5,12.5,4.4,340,17.11,17.11,17.14,17.14,17.1,17.1,17.1,17.05,17.01,16.65,15.3,13,11.53,10.61,10.33,9.98,9.52,9.16,8.85,8.69,8.55,8.26,8.19,8.06,8.01,8.01,7.85,7.83,7.83,7.64,7.59,7.55,7.52,7.47,7.39,7.35,7.34,7.37,7.36
2026-09-22 23:30:00,30.5,12.5,4.2,343,17.1,17.1,17.13,17.14,17.11,17.1,17.11,17.06,17.02,16.93,15.91,13.51,11.58,10.84,10.16,10,9.38,9.15,8.88,8.68,8.56,8.3,8.16,8.02,7.98,7.98,7.9,7.84,7.8,7.65,7.58,7.55,7.52,7.47,7.39,7.35,7.35,7.38,7.37
2026-09-22 23:40:00,30.5,11.6,4,302,17.08,17.08,17.11,17.11,17.09,17.09,17.1,17.05,16.98,16.82,15.94,13.59,11.6,10.93,10.27,9.99,9.43,9.02,8.89,8.67,8.54,8.27,8.16,7.99,7.91,7.94,7.91,7.89,7.85,7.68,7.58,7.54,7.52,7.49,7.39,7.37,7.36,7.39,7.37
2026-09-22 23:50:00,30.5,11,4.7,315,17.08,17.08,17.12,17.12,17.09,17.08,17.1,17.05,17.03,16.79,15.83,13.29,11.62,10.72,10.21,9.97,9.48,9.04,8.82,8.69,8.42,8.27,8.17,8.02,7.99,7.96,7.88,7.8,7.73,7.65,7.58,7.53,7.48,7.5,7.38,7.36,7.36,7.39,7.38
2026-09-23,30.5,10.9,4.7,320,17.07,17.08,17.11,17.11,17.08,17.07,17.08,17.04,17.04,16.78,15.78,13.02,11.54,10.41,10.2,9.85,9.63,9.04,8.81,8.62,8.4,8.28,8.19,8.03,7.92,7.91,7.89,7.87,7.86,7.68,7.57,7.53,7.49,7.5,7.38,7.36,7.37,7.39,7.38
2026-09-23 00:10:00,30.5,10.5,4.7,323,17.07,17.06,17.09,17.1,17.08,17.08,17.09,17.05,17.02,16.86,16.03,14.22,12.3,11,10.04,9.8,9.65,9.32,9.04,8.45,8.31,8.11,8.02,7.87,7.87,7.91,7.88,7.85,7.89,7.72,7.57,7.52,7.49,7.5,7.39,7.35,7.36,7.39,7.39
2026-09-23 00:20:00,30.5,10.1,4.3,316,17.07,17.06,17.1,17.1,17.08,17.07,17.09,17.05,16.99,16.74,15.78,14.03,11.95,10.84,9.87,9.76,9.51,9.24,8.61,8.37,8.33,8.25,8.04,7.92,7.88,7.91,7.89,7.87,7.87,7.65,7.55,7.52,7.48,7.49,7.4,7.37,7.37,7.39,7.38
2026-09-23 00:30:00,30.5,10,4.3,323,17.07,17.07,17.1,17.1,17.08,17.07,17.09,17.03,17,16.57,15.87,13.67,11.67,10.39,9.73,9.65,9.59,9.26,8.74,8.42,8.36,8.24,8.05,7.9,7.86,7.9,7.87,7.84,7.86,7.75,7.56,7.51,7.48,7.49,7.4,7.37,7.38,7.4,7.38
2026-09-23 00:40:00,30.5,9.8,4.8,328,17.05,17.06,17.09,17.09,17.07,17.06,17.08,17.04,17.02,16.94,16.06,13.86,11.71,10.34,9.65,9.61,9.55,9.28,8.59,8.43,8.3,8.13,7.94,7.86,7.85,7.88,7.86,7.81,7.83,7.75,7.56,7.51,7.48,7.45,7.4,7.37,7.37,7.4,7.39
2026-09-23 00:50:00,30.6,9.7,4.9,333,17.06,17.05,17.08,17.08,17.06,17.05,17.06,17.02,17,16.8,15.72,13.06,11.95,10.26,9.7,9.61,9.57,9.37,8.59,8.44,8.26,8.14,7.96,7.85,7.84,7.88,7.85,7.82,7.83,7.81,7.67,7.49,7.49,7.5,7.41,7.39,7.37,7.4,7.39
2026-09-23 01:00:00,30.6,9.7,4.9,328,17.05,17.05,17.08,17.09,17.06,17.06,17.08,17.03,16.99,16.58,15.12,13.13,11.75,10.29,9.69,9.61,9.58,9.42,8.58,8.37,8.22,8.07,7.89,7.86,7.85,7.87,7.83,7.82,7.84,7.79,7.73,7.49,7.48,7.48,7.42,7.37,7.38,7.41,7.4
2026-09-23 01:10:00,30.6,9.8,5,334,17.06,17.05,17.08,17.08,17.06,17.05,17.05,16.98,16.92,16.25,15.43,14.03,12.05,10.66,9.69,9.59,9.51,9.28,8.53,8.33,8.23,8.06,7.87,7.84,7.83,7.87,7.83,7.81,7.81,7.77,7.75,7.49,7.46,7.47,7.43,7.37,7.38,7.41,7.4
2026-09-23 01:20:00,30.6,9.8,5.1,333,17.03,17.03,17.06,17.06,17.03,17.03,17.04,17,16.99,16.78,15,13.64,12.14,10.78,9.71,9.58,9.54,9.04,8.5,8.25,8.21,8.12,7.91,7.84,7.79,7.81,7.79,7.77,7.8,7.78,7.76,7.63,7.5,7.48,7.45,7.42,7.38,7.41,7.41
2026-09-23 01:30:00,30.6,9.8,5.1,333,17.04,17.04,17.07,17.07,17.05,17.04,17.06,17.02,16.99,16.44,15.01,12.96,11.98,10.98,9.67,9.54,9.48,9.28,8.6,8.26,8.17,8.14,8.1,7.93,7.83,7.85,7.78,7.76,7.78,7.76,7.75,7.57,7.49,7.49,7.47,7.44,7.42,7.41,7.41
2026-09-23 01:40:00,30.6,9.8,3.9,329,17.04,17.04,17.07,17.07,17.05,17.04,17.06,17.01,16.97,16.58,15.5,13.78,12.04,11.4,9.69,9.53,9.43,9.3,8.64,8.22,8.16,8.12,8.06,7.87,7.84,7.85,7.82,7.76,7.76,7.75,7.76,7.71,7.62,7.58,7.47,7.42,7.42,7.48,7.42
2026-09-23 01:50:00,30.6,9.7,4,326,17.02,17.02,17.05,17.05,17.03,17.02,17.03,16.98,16.95,16.42,14.98,13.33,11.67,10.42,9.58,9.47,9.44,9.27,8.72,8.41,8.17,8.12,8.13,8,7.98,7.91,7.86,7.8,7.78,7.75,7.75,7.61,7.47,7.48,7.45,7.45,7.47,7.45,7.42
2026-09-23 02:00:00,30.6,9.6,4.5,307,17.04,17.03,17.06,17.06,17.03,17.03,17.04,16.98,16.97,16.54,14.97,13.32,11.6,9.82,9.54,9.5,9.42,9.4,8.8,8.59,8.28,8.13,8.16,8.06,7.94,7.96,7.94,7.86,7.81,7.75,7.74,7.69,7.55,7.49,7.45,7.44,7.44,7.48,7.43
2026-09-23 02:10:00,30.6,9.6,4.9,323,17.02,17.01,17.05,17.05,17.02,17.02,17.03,16.97,16.79,16.12,14.51,12.72,11.59,9.76,9.57,9.52,9.48,9.27,8.82,8.63,8.27,8.13,8.16,8.02,7.91,7.92,7.88,7.86,7.85,7.72,7.72,7.56,7.48,7.5,7.46,7.46,7.47,7.48,7.43
2026-09-23 02:20:00,30.6,9.7,4.8,325,17.01,17.01,17.05,17.05,17.02,17.01,17.03,16.98,16.9,16.31,14.58,12.92,11.87,9.72,9.63,9.56,9.47,9.32,8.76,8.54,8.29,8.13,8.15,7.99,7.9,7.91,7.9,7.86,7.83,7.7,7.6,7.53,7.47,7.48,7.45,7.45,7.46,7.48,7.45
2026-09-23 02:30:00,30.6,9.9,4.6,336,17,17,17.04,17.04,17.01,17,17.01,16.94,16.87,16.28,14.77,12.78,11.7,9.74,9.62,9.61,9.54,9.05,8.68,8.52,8.33,8.14,8.16,8,7.88,7.9,7.88,7.85,7.84,7.7,7.7,7.59,7.55,7.5,7.45,7.45,7.46,7.49,7.46
2026-09-23 02:40:00,30.6,9.9,5.3,331,17.01,17.01,17.04,17.04,17.02,17.01,17.03,16.99,16.74,15.94,13.9,12.46,11.59,9.64,9.64,9.54,9.4,8.94,8.7,8.51,8.35,8.14,8.18,8.08,7.93,7.88,7.86,7.84,7.86,7.77,7.7,7.57,7.55,7.56,7.46,7.45,7.46,7.49,7.45
2026-09-23 02:50:00,30.6,9.8,4.9,333,17.01,17.01,17.04,17.05,17.02,17.01,17.02,16.95,16.72,15.8,13.68,12.09,11.36,9.83,9.69,9.62,9.59,8.99,8.68,8.48,8.35,8.15,8.19,8.06,8,7.94,7.85,7.83,7.85,7.82,7.71,7.61,7.57,7.55,7.46,7.46,7.47,7.49,7.47
2026-09-23 03:00:00,30.6,9.8,5.4,336,17,16.99,17.02,17.03,17,17,17.01,16.94,16.83,15.67,13.95,12.29,11.21,9.81,9.76,9.55,9.2,8.77,8.52,8.47,8.35,8.16,8.2,8.17,8.04,7.95,7.86,7.82,7.84,7.76,7.7,7.55,7.55,7.54,7.46,7.46,7.46,7.5,7.48
2026-09-23 03:10:00,30.6,9.6,4.6,335,16.99,16.99,17.02,17.02,17,16.99,17.01,16.97,16.45,15.12,13.4,12.03,10.43,9.91,9.81,9.43,9.16,8.69,8.51,8.45,8.32,8.22,8.21,8.18,8.07,8.08,7.95,7.86,7.83,7.72,7.69,7.55,7.54,7.54,7.45,7.45,7.46,7.49,7.48
2026-09-23 03:20:00,30.6,9.3,4.4,342,16.99,16.99,17.02,17.02,17,16.99,16.99,16.93,16.89,15.99,13.97,12.38,10.69,9.94,9.73,9.41,9.13,8.58,8.49,8.37,8.31,8.22,8.22,8.18,8.08,8.1,7.91,7.81,7.81,7.73,7.71,7.62,7.55,7.57,7.47,7.45,7.46,7.49,7.48
2026-09-23 03:30:00,30.6,9.2,4.5,335,17,16.99,17.02,17.02,17,16.99,17.01,16.9,16.52,14.98,13.35,12.12,10.16,9.92,9.68,9.36,9.08,8.57,8.47,8.34,8.29,8.21,8.23,8.17,8.1,8.11,7.89,7.81,7.81,7.73,7.72,7.57,7.52,7.52,7.44,7.45,7.45,7.48,7.48
2026-09-23 03:40:00,30.6,9.1,4.6,336,17,17,17.03,17.03,17.01,17,17.01,16.93,16.28,14.87,13.28,12.09,10.29,9.86,9.64,9.36,9.09,8.75,8.56,8.38,8.29,8.25,8.26,8.21,8.15,8.13,7.98,7.88,7.82,7.76,7.75,7.61,7.54,7.48,7.45,7.45,7.46,7.48,7.48
2026-09-23 03:50:00,30.6,9,4.2,343,16.98,16.98,17,17.01,16.99,16.98,17,16.95,16.5,14.87,13.18,11.9,10.24,9.65,9.62,9.4,9.03,8.72,8.49,8.31,8.26,8.22,8.25,8.19,8.14,8.11,7.99,7.83,7.81,7.76,7.75,7.65,7.57,7.47,7.44,7.44,7.46,7.49,7.48
2026-09-23 04:00:00,30.6,9,4.1,333,16.98,16.98,17.01,17.02,16.99,16.99,17,16.93,16.48,14.61,12.88,11.8,10.32,9.68,9.65,9.38,8.99,8.68,8.51,8.3,8.26,8.2,8.21,8.14,8.12,8.1,7.92,7.82,7.79,7.76,7.74,7.58,7.53,7.48,7.44,7.44,7.45,7.48,7.48
2026-09-23 04:10:00,30.6,9.1,3.4,328,16.97,16.97,16.99,17,16.98,16.98,16.99,16.93,16.61,14.99,13.08,11.82,10.32,9.7,9.68,9.38,8.92,8.66,8.46,8.31,8.25,8.19,8.19,8.13,8.06,8.08,7.93,7.86,7.82,7.76,7.76,7.56,7.49,7.47,7.44,7.44,7.45,7.48,7.47
2026-09-23 04:20:00,30.6,9,3.8,331,16.98,16.97,17,17,16.97,16.97,16.98,16.95,16.15,14.75,12.78,11.56,10.35,9.73,9.7,9.33,8.89,8.63,8.39,8.29,8.22,8.16,8.19,8.09,8.06,8.02,7.92,7.82,7.81,7.76,7.74,7.57,7.54,7.49,7.45,7.44,7.45,7.48,7.47
2026-09-23 04:30:00,30.6,9,3.7,319,16.95,16.95,16.99,16.99,16.96,16.95,16.95,16.86,16.39,14.6,12.75,11.31,10.25,9.75,9.71,9.16,8.83,8.59,8.36,8.29,8.24,8.18,8.2,8.12,8.07,8.03,7.91,7.81,7.8,7.75,7.74,7.57,7.47,7.47,7.44,7.44,7.46,7.48,7.47
2026-09-23 04:40:00,30.6,9,3.7,339,16.96,16.96,16.99,16.99,16.95,16.94,16.92,16.73,15.48,14.18,12.69,11.36,10.37,9.78,9.68,9.09,8.81,8.49,8.35,8.29,8.24,8.18,8.17,8.1,8.05,8.01,7.9,7.79,7.79,7.74,7.74,7.56,7.47,7.48,7.45,7.45,7.45,7.48,7.47
2026-09-23 04:50:00,30.6,9.2,3.9,339,16.95,16.95,16.99,16.99,16.96,16.96,16.96,16.87,16.06,14.19,12.61,11.21,10.33,9.8,9.5,8.97,8.72,8.38,8.31,8.27,8.22,8.17,8.16,8.11,8.04,7.97,7.89,7.79,7.78,7.76,7.73,7.57,7.54,7.54,7.44,7.44,7.45,7.48,7.47
2026-09-23 05:00:00,30.6,9.2,3.8,337,16.94,16.94,16.97,16.97,16.95,16.94,16.96,16.9,16.07,14.46,12.83,11.67,10.42,9.82,9.49,8.9,8.65,8.39,8.32,8.28,8.22,8.19,8.19,8.08,8.02,7.95,7.89,7.83,7.8,7.76,7.74,7.55,7.53,7.51,7.44,7.43,7.45,7.48,7.47
2026-09-23 05:10:00,30.6,9,4.2,331,16.93,16.93,16.96,16.96,16.93,16.93,16.94,16.82,16.06,14.32,12.53,10.95,10.39,9.85,9.48,8.88,8.64,8.36,8.33,8.24,8.21,8.14,8.13,8.08,7.97,7.94,7.9,7.86,7.8,7.75,7.73,7.55,7.53,7.56,7.44,7.44,7.45,7.48,7.47
2026-09-23 05:20:00,30.6,9,4.1,339,16.91,16.92,16.94,16.94,16.92,16.91,16.92,16.79,15.78,14.21,12.49,10.7,10.11,9.8,9.27,8.83,8.63,8.38,8.35,8.25,8.22,8.09,8.11,8.06,7.99,7.94,7.92,7.88,7.83,7.75,7.72,7.54,7.52,7.49,7.44,7.43,7.45,7.48,7.47
2026-09-23 05:30:00,30.6,9,4.3,343,16.91,16.91,16.94,16.94,16.91,16.9,16.87,16.7,15.37,14.31,12.51,10.76,10.17,9.68,9.15,8.81,8.62,8.41,8.38,8.28,8.25,8.1,8.12,8.07,8.01,7.97,7.93,7.88,7.79,7.73,7.72,7.53,7.52,7.51,7.44,7.44,7.45,7.48,7.47
2026-09-23 05:40:00,30.6,9,4.6,332,16.9,16.9,16.93,16.93,16.9,16.9,16.86,16.56,15.12,13.83,12.37,10.69,10.39,9.69,9.19,8.79,8.57,8.42,8.39,8.29,8.28,8.09,8.11,8.06,7.99,7.97,7.93,7.88,7.79,7.74,7.7,7.54,7.53,7.53,7.44,7.44,7.44,7.47,7.47
2026-09-23 05:50:00,30.6,8.9,4.3,336,16.89,16.9,16.92,16.92,16.89,16.88,16.88,16.59,15.24,14.06,12.39,10.78,10.6,9.76,9.15,8.76,8.51,8.41,8.34,8.31,8.27,8.09,8.11,8.05,7.98,7.96,7.91,7.82,7.79,7.74,7.71,7.55,7.53,7.54,7.45,7.43,7.45,7.47,7.47
2026-09-23 06:00:00,30.6,8.7,4.1,342,16.9,16.89,16.93,16.93,16.9,16.89,16.88,16.45,15,13.57,12.14,10.78,10.71,9.59,8.94,8.7,8.45,8.39,8.33,8.31,8.17,8.09,8.09,8.01,7.98,7.99,7.9,7.83,7.77,7.73,7.61,7.56,7.55,7.56,7.46,7.44,7.45,7.48,7.47
2026-09-23 06:10:00,30.6,8.5,4.1,334,16.89,16.89,16.91,16.92,16.89,16.89,16.89,16.77,15.95,14.36,12.41,10.97,10.77,9.51,8.91,8.7,8.48,8.41,8.35,8.34,8.19,8.1,8.09,8.01,7.98,7.99,7.89,7.81,7.77,7.72,7.61,7.56,7.56,7.51,7.46,7.45,7.45,7.48,7.47
2026-09-23 06:20:00,30.6,8.5,3.8,333,16.88,16.88,16.92,16.91,16.88,16.87,16.88,16.71,15.65,14.23,12.4,10.89,10.37,9.43,8.89,8.68,8.49,8.4,8.37,8.36,8.2,8.11,8.08,8.03,7.99,7.97,7.91,7.82,7.79,7.7,7.61,7.57,7.54,7.5,7.46,7.44,7.45,7.48,7.47
2026-09-23 06:30:00,30.6,8.3,4.1,335,16.87,16.87,16.9,16.9,16.88,16.88,16.89,16.83,15.73,14.09,12.34,10.93,9.99,9.25,8.87,8.66,8.47,8.41,8.39,8.36,8.21,8.12,8.1,8.03,7.99,7.98,7.93,7.81,7.77,7.74,7.61,7.56,7.55,7.49,7.45,7.44,7.45,7.48,7.47
2026-09-23 06:40:00,30.6,8,4.4,337,16.88,16.88,16.91,16.91,16.88,16.87,16.87,16.72,15.29,14.01,12.36,11.01,10.24,9.32,8.86,8.68,8.48,8.42,8.39,8.35,8.16,8.08,8.08,8.02,7.98,7.98,7.89,7.81,7.76,7.72,7.61,7.57,7.57,7.52,7.44,7.44,7.45,7.48,7.47
2026-09-23 06:50:00,30.6,8.2,4.7,338,16.88,16.89,16.92,16.92,16.89,16.89,16.88,16.79,16.2,14.29,12.41,11.04,10.6,9.27,8.83,8.63,8.5,8.43,8.38,8.28,8.16,8.08,8.09,8.02,7.97,7.99,7.92,7.84,7.82,7.71,7.62,7.57,7.57,7.56,7.43,7.43,7.45,7.48,7.47
2026-09-23 07:00:00,30.6,8.4,4.5,330,16.87,16.87,16.9,16.91,16.88,16.88,16.89,16.76,16.02,14.16,12.45,11.08,10.43,9.2,8.8,8.61,8.51,8.45,8.38,8.28,8.16,8.1,8.09,8.03,7.96,7.98,7.85,7.79,7.79,7.68,7.64,7.59,7.59,7.59,7.44,7.43,7.44,7.48,7.47
2026-09-23 07:10:00,30.6,8.3,4.9,334,16.87,16.86,16.89,16.9,16.87,16.87,16.88,16.81,16.23,14.14,12.36,11.08,10.04,8.95,8.81,8.59,8.51,8.39,8.28,8.21,8.13,8.09,8.08,8.02,7.95,7.95,7.8,7.77,7.75,7.72,7.64,7.6,7.6,7.6,7.48,7.44,7.45,7.48,7.47
2026-09-23 07:20:00,30.6,8.3,4.6,333,16.87,16.87,16.9,16.9,16.88,16.87,16.88,16.82,16.35,14.2,12.32,11.06,9.99,8.9,8.73,8.58,8.49,8.38,8.23,8.16,8.13,8.07,8.08,8.02,7.95,7.96,7.82,7.74,7.73,7.68,7.64,7.6,7.57,7.49,7.44,7.44,7.45,7.48,7.47
2026-09-23 07:30:00,30.6,8.3,4.5,336,16.85,16.85,16.88,16.88,16.87,16.86,16.86,16.76,15.6,13.98,12.25,11.07,10,8.99,8.8,8.62,8.45,8.32,8.18,8.16,8.13,8.06,8.06,7.99,7.97,7.96,7.84,7.76,7.71,7.64,7.64,7.59,7.58,7.58,7.45,7.44,7.45,7.48,7.47
2026-09-23 07:40:00,30.7,8.5,4.1,328,16.86,16.86,16.89,16.9,16.87,16.86,16.86,16.75,16.32,14.13,12.27,11.09,10.21,9.06,8.78,8.65,8.48,8.39,8.25,8.14,8.06,8.02,8.04,7.97,7.94,7.95,7.86,7.8,7.77,7.67,7.65,7.62,7.6,7.51,7.44,7.44,7.45,7.48,7.48
2026-09-23 07:50:00,30.7,8.4,4.4,332,16.85,16.86,16.89,16.89,16.86,16.86,16.86,16.73,15.7,13.77,12.17,11.11,10.07,9.02,8.85,8.66,8.57,8.44,8.22,8.18,8.07,7.99,8.02,7.97,7.94,7.95,7.82,7.76,7.76,7.66,7.66,7.62,7.57,7.52,7.44,7.44,7.45,7.48,7.47
2026-09-23 08:00:00,30.7,8.6,3.8,330,16.87,16.87,16.89,16.89,16.87,16.86,16.87,16.73,15.26,13.69,12.13,11.12,9.96,9.06,8.87,8.68,8.62,8.46,8.34,8.23,8.09,7.98,8,7.95,7.91,7.92,7.85,7.73,7.71,7.65,7.66,7.62,7.56,7.49,7.44,7.44,7.45,7.48,7.48
2026-09-23 08:10:00,30.7,8.7,3.7,330,16.87,16.87,16.89,16.89,16.87,16.86,16.87,16.77,16.36,14.27,12.22,11.23,10.16,9.17,8.89,8.68,8.63,8.57,8.47,8.17,8.08,7.98,7.99,7.96,7.91,7.91,7.84,7.71,7.71,7.68,7.68,7.63,7.56,7.48,7.45,7.44,7.45,7.48,7.48
2026-09-23 08:20:00,30.7,8.9,3.4,336,16.87,16.87,16.89,16.89,16.86,16.85,16.84,16.74,15.57,13.81,12.14,11.25,9.92,9.24,8.93,8.68,8.61,8.52,8.31,8.19,8.08,8.03,8.05,7.98,7.95,7.99,7.95,7.84,7.71,7.67,7.67,7.6,7.55,7.5,7.45,7.45,7.46,7.49,7.48
2026-09-23 08:30:00,30.7,9.1,3.7,340,16.88,16.88,16.89,16.89,16.87,16.86,16.87,16.76,16.4,14.23,12.19,11.3,10,9.27,8.99,8.67,8.6,8.53,8.25,8.18,8.09,8.04,8.05,7.97,7.95,7.97,7.91,7.79,7.7,7.65,7.65,7.59,7.58,7.5,7.45,7.45,7.46,7.49,7.48
2026-09-23 08:40:00,30.7,9.5,3.7,338,16.88,16.88,16.89,16.89,16.87,16.86,16.86,16.74,15.57,13.86,12.11,11.33,10,9.23,9.02,8.64,8.57,8.44,8.25,8.22,8.12,8.04,8.05,7.99,7.96,7.97,7.92,7.83,7.7,7.64,7.64,7.59,7.54,7.52,7.47,7.45,7.47,7.49,7.48
2026-09-23 08:50:00,30.7,10,2.9,351,16.89,16.88,16.9,16.9,16.87,16.86,16.87,16.8,16.32,14.11,12.14,11.37,10.01,9.31,9.01,8.6,8.53,8.31,8.25,8.23,8.15,8.05,8.04,7.98,7.94,7.96,7.93,7.9,7.92,7.69,7.64,7.56,7.48,7.5,7.47,7.46,7.47,7.49,7.49
2026-09-23 09:00:00,30.7,10,3.7,355,16.89,16.89,16.9,16.9,16.87,16.87,16.88,16.8,16.54,14.3,12.15,11.39,10.03,9.48,8.93,8.6,8.5,8.36,8.29,8.2,8.09,8.06,8.06,7.96,7.93,7.95,7.91,7.89,7.9,7.64,7.64,7.58,7.51,7.5,7.46,7.46,7.47,7.5,7.49
2026-09-23 09:10:00,30.7,10.1,3.2,23,16.9,16.89,16.9,16.91,16.88,16.86,16.87,16.79,16.33,14.18,12.1,11.39,9.78,9.2,8.82,8.57,8.41,8.33,8.24,8.18,8.09,8.03,8,7.95,7.92,7.94,7.91,7.87,7.78,7.64,7.64,7.54,7.49,7.5,7.46,7.46,7.48,7.5,7.49
2026-09-23 09:20:00,30.7,10.4,2.5,10,16.9,16.9,16.91,16.91,16.88,16.87,16.87,16.79,16.2,14.22,12.13,11.41,9.87,9.31,8.84,8.56,8.42,8.32,8.27,8.21,8.18,8.06,8.05,7.97,7.91,7.94,7.91,7.89,7.91,7.85,7.64,7.54,7.5,7.5,7.47,7.47,7.48,7.51,7.49
2026-09-23 09:30:00,30.7,10.5,2.4,332,16.91,16.9,16.9,16.9,16.87,16.86,16.86,16.71,15.24,14.13,12.13,11.43,9.86,9.47,8.86,8.45,8.41,8.35,8.27,8.16,8.1,8.06,8.02,7.97,7.92,7.92,7.89,7.88,7.88,7.72,7.65,7.52,7.48,7.51,7.47,7.47,7.49,7.52,7.49
2026-09-23 09:40:00,30.7,11,1.4,355,16.93,16.92,16.92,16.91,16.88,16.86,16.86,16.72,15.29,14.2,12.1,11.45,9.66,9.38,8.93,8.51,8.38,8.27,8.24,8.19,8.13,8.11,8.09,7.98,7.96,7.94,7.88,7.85,7.85,7.7,7.59,7.5,7.49,7.51,7.47,7.47,7.48,7.51,7.49
2026-09-23 09:50:00,30.7,11,2.3,293,16.94,16.93,16.92,16.91,16.88,16.88,16.88,16.74,15.26,13.98,12.06,11.29,9.63,9.35,8.78,8.48,8.34,8.28,8.26,8.17,8.11,8.09,8.07,7.99,7.97,7.93,7.88,7.83,7.82,7.56,7.52,7.48,7.49,7.52,7.48,7.48,7.49,7.52,7.5
2026-09-23 10:00:00,30.7,11.7,0.7,282,16.97,16.94,16.92,16.92,16.88,16.87,16.87,16.74,14.96,14.04,12.07,11.01,9.52,9.32,8.66,8.45,8.33,8.31,8.29,8.23,8.1,8.07,8.08,8.02,7.98,7.95,7.9,7.81,7.72,7.61,7.56,7.5,7.49,7.51,7.47,7.48,7.49,7.52,7.5
2026-09-23 10:10:00,30.7,12.5,1,346,16.98,16.95,16.92,16.92,16.88,16.87,16.87,16.75,15.03,14.32,12.12,11.45,9.48,9.36,8.65,8.42,8.34,8.31,8.29,8.09,8.07,8.05,8.08,8,7.98,7.97,7.94,7.79,7.69,7.59,7.56,7.51,7.49,7.51,7.47,7.47,7.49,7.51,7.5
2026-09-23 10:20:00,30.7,13.2,0.5,331,17,16.96,16.94,16.93,16.89,16.87,16.85,16.69,14.73,14.04,12.04,10.25,9.36,9.29,8.53,8.39,8.33,8.25,8.23,8.11,8.08,8.03,8.08,8.04,8.01,8.02,7.95,7.86,7.78,7.59,7.58,7.51,7.49,7.5,7.47,7.47,7.48,7.51,7.5
2026-09-23 10:30:00,30.7,13.6,0.6,61,17.04,16.98,16.94,16.93,16.89,16.88,16.87,16.72,14.68,13.82,11.98,9.94,9.4,9.28,8.53,8.38,8.33,8.28,8.23,8.11,8.07,8.03,8.05,8.02,7.98,8,7.88,7.75,7.73,7.57,7.56,7.48,7.49,7.5,7.47,7.47,7.49,7.51,7.51
2026-09-23 10:40:00,30.7,13.6,0.2,84,17.05,16.98,16.96,16.94,16.9,16.88,16.88,16.73,14.66,13.86,12.01,10.36,9.52,9.15,8.51,8.4,8.35,8.27,8.24,8.09,8.07,8.04,8.05,8,7.98,8.01,7.94,7.68,7.64,7.59,7.57,7.51,7.48,7.51,7.47,7.47,7.49,7.52,7.51
2026-09-23 10:50:00,30.7,13,2,41,17.07,16.99,16.96,16.94,16.9,16.88,16.87,16.69,14.59,13.62,11.91,10.12,9.31,8.81,8.46,8.41,8.34,8.24,8.12,8.09,8.06,8.02,8,7.96,7.94,7.96,7.92,7.78,7.67,7.56,7.55,7.5,7.49,7.5,7.47,7.47,7.48,7.52,7.51
2026-09-23 11:00:00,30.7,12.5,1.9,10,17.11,17.01,16.97,16.95,16.91,16.89,16.86,16.66,14.57,13.58,11.96,10.23,9.43,8.93,8.47,8.42,8.28,8.24,8.1,8.07,8.04,8,8.02,7.96,7.92,7.93,7.9,7.77,7.71,7.59,7.57,7.5,7.49,7.51,7.47,7.48,7.49,7.52,7.51
2026-09-23 11:10:00,30.7,12.5,2,9,17.18,17.02,16.98,16.96,16.91,16.89,16.86,16.61,14.83,13.88,12,10.62,9.31,9.04,8.5,8.45,8.27,8.14,8.09,8.06,8.04,7.97,8,7.96,7.9,7.91,7.87,7.8,7.72,7.59,7.57,7.51,7.49,7.51,7.48,7.48,7.49,7.52,7.51
2026-09-23 11:20:00,30.7,12.7,2.3,15,17.22,17.03,16.99,16.97,16.92,16.89,16.84,16.56,14.57,13.71,12.02,10.55,9.58,9.23,8.51,8.46,8.29,8.21,8.1,8.07,8.05,7.99,7.99,7.95,7.9,7.9,7.88,7.84,7.75,7.6,7.58,7.52,7.49,7.52,7.48,7.48,7.49,7.53,7.51
2026-09-23 11:30:00,30.7,13.1,2.7,351,17.27,17.05,17,16.97,16.93,16.9,16.86,16.6,14.74,13.77,12.03,10.77,9.67,9.2,8.53,8.48,8.39,8.26,8.12,8.09,8.07,8.02,8.01,7.94,7.89,7.89,7.86,7.83,7.77,7.67,7.59,7.53,7.51,7.52,7.48,7.48,7.5,7.53,7.52
2026-09-23 11:40:00,30.7,13.4,2.9,5,17.28,17.07,17.01,16.98,16.93,16.9,16.84,16.48,14.56,13.6,12.04,10.92,9.71,9.2,8.55,8.47,8.34,8.15,8.11,8.09,8.07,8.01,8,7.92,7.88,7.88,7.85,7.83,7.79,7.67,7.58,7.53,7.51,7.52,7.48,7.48,7.5,7.53,7.52
2026-09-23 11:50:00,30.7,13.8,3.2,9,17.32,17.1,17.03,16.99,16.93,16.9,16.85,16.58,14.55,13.62,12.07,10.83,9.71,9.19,8.57,8.48,8.44,8.25,8.1,8.08,8.07,8.01,8.01,7.91,7.86,7.87,7.84,7.8,7.77,7.63,7.56,7.51,7.49,7.52,7.49,7.49,7.5,7.53,7.52
2026-09-23 12:00:00,30.7,14.2,3.2,360,17.37,17.2,17.04,17,16.94,16.91,16.86,16.46,14.5,13.54,12.09,10.9,9.75,9.18,8.59,8.49,8.38,8.2,8.1,8.08,8.06,8.01,7.99,7.91,7.87,7.87,7.84,7.8,7.81,7.65,7.57,7.51,7.51,7.52,7.49,7.49,7.5,7.53,7.53
2026-09-23 12:10:00,30.7,14.7,3.1,11,17.38,17.21,17.06,17.01,16.95,16.92,16.87,16.61,14.68,13.78,12.12,11.07,9.78,9.18,9.01,8.52,8.42,8.25,8.14,8.08,8.06,8.04,8.03,7.95,7.87,7.86,7.83,7.8,7.82,7.63,7.56,7.52,7.51,7.52,7.49,7.49,7.5,7.53,7.53
2026-09-23 12:20:00,30.7,14.9,3.4,9,17.38,17.28,17.06,17.02,16.95,16.92,16.87,16.56,14.66,13.8,12.14,11.09,9.81,9.2,9.14,8.52,8.43,8.28,8.17,8.11,8.06,8.04,8.04,7.97,7.9,7.88,7.83,7.8,7.81,7.63,7.58,7.51,7.5,7.53,7.49,7.49,7.51,7.54,7.53
2026-09-23 12:30:00,30.7,15.2,3.7,9,17.36,17.23,17.07,17.02,16.96,16.92,16.87,16.62,15.01,13.85,12.17,11.13,9.94,9.66,9.15,8.56,8.44,8.37,8.24,8.13,8.07,8.04,8.05,7.97,7.91,7.89,7.83,7.8,7.81,7.62,7.56,7.5,7.5,7.53,7.5,7.5,7.52,7.54,7.53
2026-09-23 12:40:00,30.7,15.5,3.4,12,17.39,17.22,17.1,17.02,16.96,16.93,16.88,16.67,15.17,13.91,12.19,11.25,10.19,9.76,9.17,8.65,8.48,8.39,8.27,8.19,8.13,8.05,8.06,7.99,7.94,7.9,7.85,7.8,7.75,7.61,7.57,7.52,7.51,7.53,7.5,7.5,7.52,7.54,7.53
2026-09-23 12:50:00,30.7,16,2.7,351,17.4,17.29,17.18,17.03,16.98,16.94,16.89,16.75,15.61,14.05,12.24,11.36,10.84,9.83,9.17,8.9,8.5,8.39,8.29,8.18,8.07,8.04,8.06,7.96,7.9,7.88,7.82,7.8,7.74,7.59,7.56,7.5,7.51,7.53,7.5,7.5,7.51,7.55,7.53
2026-09-23 13:00:00,30.7,16.6,2.8,352,17.42,17.3,17.16,17.03,16.98,16.95,16.89,16.77,15.76,14.11,12.41,11.48,10.96,9.86,9.26,8.97,8.53,8.39,8.3,8.18,8.08,8.04,8.07,7.97,7.92,7.89,7.83,7.8,7.81,7.68,7.58,7.53,7.52,7.53,7.5,7.51,7.52,7.54,7.52
2026-09-23 13:10:00,30.7,17.2,1.8,336,17.45,17.32,17.13,17.03,16.98,16.95,16.91,16.79,16.33,14.13,12.46,11.8,11.07,10.04,9.76,9.05,8.54,8.4,8.28,8.18,8.07,8.03,8.07,7.98,7.93,7.9,7.83,7.79,7.76,7.56,7.55,7.52,7.52,7.54,7.51,7.51,7.52,7.55,7.53
2026-09-23 13:20:00,30.6,17.8,2.7,346,17.47,17.27,17.08,17.03,16.98,16.96,16.91,16.78,16.34,14.1,12.43,12.12,11.06,10.05,9.65,8.98,8.55,8.42,8.28,8.2,8.07,8.03,8.05,7.97,7.93,7.88,7.81,7.79,7.79,7.58,7.55,7.51,7.51,7.54,7.51,7.51,7.52,7.55,7.55
2026-09-23 13:30:00,30.6,17.6,3.3,335,17.48,17.22,17.06,17.02,16.98,16.95,16.93,16.76,16.38,14.19,12.36,12.13,11.07,10.09,9.81,9.03,8.54,8.43,8.28,8.2,8.07,8.03,8.06,7.99,7.94,7.91,7.83,7.79,7.79,7.61,7.57,7.53,7.53,7.54,7.51,7.51,7.52,7.55,7.54
2026-09-23 13:40:00,30.6,17.8,3.2,344,17.51,17.25,17.04,17.02,16.98,16.95,16.93,16.75,16.55,14.27,12.48,12.14,11.11,10.24,9.86,9.03,8.6,8.43,8.26,8.2,8.06,8.02,8.06,7.98,7.95,7.92,7.84,7.79,7.81,7.62,7.57,7.53,7.52,7.54,7.51,7.51,7.53,7.56,7.53
2026-09-23 13:50:00,30.6,17.9,3.4,343,17.45,17.26,17.06,17.03,16.98,16.95,16.94,16.72,16.41,14.19,12.35,12.14,11.07,10.29,9.89,9.04,8.71,8.45,8.28,8.16,8.05,8.02,8.06,8,7.96,7.97,7.87,7.8,7.81,7.71,7.58,7.53,7.52,7.55,7.51,7.52,7.53,7.56,7.54
2026-09-23 14:00:00,30.6,18.3,2.6,324,17.46,17.28,17.07,17.04,16.99,16.95,16.93,16.75,16.54,14.4,12.7,12.15,11.13,10.56,9.9,8.97,8.68,8.48,8.31,8.16,8.08,8.02,8.05,8,7.96,7.96,7.88,7.82,7.81,7.71,7.6,7.53,7.52,7.55,7.51,7.52,7.53,7.56,7.55
2026-09-23 14:10:00,30.6,18.1,3.7,312,17.58,17.36,17.09,17.05,16.99,16.96,16.94,16.75,16.6,14.45,12.87,12.16,11.07,10.68,9.93,9.06,8.67,8.5,8.36,8.2,8.11,8.05,8.05,8,7.96,7.96,7.89,7.82,7.81,7.71,7.59,7.53,7.52,7.55,7.52,7.52,7.53,7.56,7.54
2026-09-23 14:20:00,30.6,18.4,3,331,17.61,17.29,17.08,17.05,16.99,16.96,16.94,16.73,15.94,14.37,12.32,12.14,11.1,10.75,9.94,9.35,8.81,8.58,8.4,8.24,8.1,8.07,8.05,8.01,7.97,7.96,7.93,7.84,7.83,7.73,7.58,7.54,7.53,7.55,7.52,7.52,7.53,7.56,7.54
2026-09-23 14:30:00,30.6,18.4,3.1,341,17.64,17.42,17.12,17.05,16.99,16.96,16.95,16.73,15.49,14.33,12.21,11.63,11.05,10.66,9.95,9.4,8.85,8.52,8.4,8.18,8.09,8.06,8.04,8,7.95,7.95,7.89,7.81,7.81,7.62,7.57,7.54,7.53,7.55,7.52,7.52,7.53,7.56,7.55
2026-09-23 14:40:00,30.6,18.7,3.7,349,17.58,17.43,17.11,17.05,17,16.96,16.91,16.74,15.15,14.31,12.2,11.55,11.01,10.89,9.99,9.55,8.9,8.56,8.4,8.23,8.08,8.06,8.04,8,7.96,7.96,7.93,7.85,7.83,7.71,7.57,7.54,7.54,7.56,7.53,7.52,7.53,7.56,7.55
2026-09-23 14:50:00,30.6,18.5,4.1,335,17.59,17.4,17.2,17.06,16.99,16.97,16.93,16.76,16.34,14.45,12.27,11.68,11.02,10.73,9.97,8.98,8.91,8.55,8.4,8.23,8.08,8.06,8.06,8,7.98,7.97,7.93,7.9,7.85,7.73,7.59,7.54,7.54,7.56,7.52,7.52,7.53,7.56,7.55
2026-09-23 15:00:00,30.6,18.8,3.9,344,17.54,17.39,17.2,17.11,17,16.97,16.91,16.77,15.53,14.44,12.28,12.02,11.2,10.91,10.02,9.41,8.95,8.56,8.39,8.22,8.07,8.04,8.05,8,7.99,8.01,7.96,7.91,7.89,7.76,7.6,7.53,7.54,7.56,7.53,7.52,7.53,7.56,7.55
2026-09-23 15:10:00,30.6,19.1,3.1,344,17.56,17.41,17.28,17.06,17,16.98,16.94,16.79,15.91,14.45,12.27,12,11.2,10.71,9.99,9.01,8.88,8.6,8.39,8.24,8.08,8.04,8.05,8,7.99,8.02,7.98,7.92,7.93,7.8,7.57,7.53,7.54,7.56,7.52,7.52,7.53,7.56,7.55
2026-09-23 15:20:00,30.6,19,3.8,345,17.55,17.48,17.24,17.05,17,16.98,16.95,16.82,16.65,14.61,12.61,12.18,11.36,10.7,10.02,8.94,8.91,8.62,8.42,8.27,8.09,8.02,8.04,8,7.99,8.01,7.97,7.94,7.93,7.83,7.6,7.53,7.53,7.56,7.52,7.52,7.53,7.56,7.56
2026-09-23 15:30:00,30.6,19.2,4,349,17.55,17.4,17.24,17.05,17,16.98,16.95,16.82,16.76,14.59,12.39,12.07,11.39,10.43,10.01,9.22,8.94,8.77,8.48,8.33,8.21,8.06,8.06,8,7.99,8.02,7.98,7.94,7.93,7.81,7.64,7.54,7.53,7.56,7.53,7.53,7.54,7.56,7.56
2026-09-23 15:40:00,30.6,19.4,3.4,1,17.51,17.37,17.21,17.04,17,16.98,16.95,16.83,15.97,14.53,12.41,12.08,11.49,10.66,10.04,9.66,8.99,8.85,8.57,8.31,8.15,8.08,8.09,8.01,7.99,8.02,7.99,7.95,7.94,7.83,7.6,7.53,7.53,7.56,7.53,7.53,7.53,7.56,7.56
2026-09-23 15:50:00,30.6,19.3,4,349,17.51,17.39,17.15,17.03,17,16.97,16.95,16.84,16.38,14.58,12.44,12.09,11.46,10.66,10.06,9.71,9.14,8.91,8.5,8.3,8.12,8.07,8.08,8.02,7.99,8.02,7.98,7.94,7.92,7.78,7.66,7.54,7.53,7.56,7.53,7.53,7.54,7.57,7.55
2026-09-23 16:00:00,30.6,19.3,3.9,352,17.47,17.31,17.13,17.02,16.98,16.97,16.91,16.83,15.21,14.55,12.41,12.1,11.39,10.81,10.11,9.87,9.21,8.9,8.59,8.37,8.23,8.07,8.08,8.01,7.99,8.01,7.96,7.92,7.9,7.81,7.64,7.53,7.53,7.56,7.53,7.52,7.54,7.57,7.56
2026-09-23 16:10:00,30.6,19.5,3.4,349,17.42,17.3,17.17,16.99,16.96,16.95,16.93,16.83,15.11,14.52,12.33,12.06,11.24,10.68,10.11,10.01,9.34,8.98,8.6,8.36,8.21,8.07,8.08,8.02,7.99,8.01,7.97,7.92,7.9,7.82,7.65,7.53,7.53,7.56,7.52,7.52,7.54,7.57,7.56
2026-09-23 16:20:00,30.6,19.4,4,3,17.36,17.29,17.17,17,16.93,16.92,16.91,16.84,15.36,14.61,12.46,12.12,11.26,10.84,10.31,10.04,9.58,9.07,8.61,8.37,8.24,8.06,8.07,8.02,7.99,8,7.97,7.93,7.93,7.84,7.65,7.54,7.53,7.56,7.53,7.53,7.54,7.56,7.56
2026-09-23 16:30:00,30.6,19.5,3.6,352,17.34,17.28,17.27,17.06,16.9,16.89,16.91,16.85,16.73,15.07,12.6,12.09,11.22,10.78,10.43,10.06,9.82,9.1,8.65,8.43,8.26,8.06,8.07,8.02,7.98,7.99,7.97,7.93,7.92,7.84,7.64,7.54,7.54,7.56,7.52,7.52,7.54,7.56,7.56
2026-09-23 16:40:00,30.6,19.6,3.5,0,17.34,17.18,16.96,16.92,16.89,16.88,16.89,16.84,16.41,15.14,12.63,11.81,11.14,10.84,10.56,9.99,9.76,9.31,8.67,8.48,8.27,8.17,8.1,8.02,7.98,7.99,7.96,7.95,7.92,7.83,7.68,7.56,7.54,7.56,7.52,7.53,7.54,7.57,7.56
2026-09-23 16:50:00,30.6,19.6,3.9,357,17.28,17.21,17.16,17,16.89,16.86,16.77,16.66,16.4,15.26,12.83,11.66,10.97,10.89,10.37,10.12,9.84,9.35,8.87,8.49,8.27,8.2,8.11,8.02,7.99,7.99,7.96,7.94,7.92,7.86,7.72,7.59,7.56,7.57,7.52,7.52,7.54,7.57,7.56
2026-09-23 17:00:00,30.6,19.5,3.9,357,17.21,17.13,17.14,17.11,16.91,16.85,16.79,16.68,16.05,14.57,12.43,11.57,11.03,10.97,10.41,10.26,9.75,9.33,8.69,8.42,8.24,8.08,8.08,8.02,7.97,7.98,7.96,7.91,7.91,7.85,7.69,7.59,7.55,7.56,7.52,7.52,7.53,7.56,7.52
2026-09-23 17:10:00,30.6,19.4,3.8,0,17.26,17.24,17.22,17.06,16.92,16.85,16.81,16.7,16.19,14.81,12.75,11.69,11.14,11.06,10.59,10.15,9.68,8.96,8.44,8.3,8.22,8.06,8.06,8.01,7.96,7.97,7.95,7.91,7.91,7.86,7.73,7.6,7.55,7.56,7.52,7.52,7.53,7.55,7.5
2026-09-23 17:20:00,30.6,19.4,3.8,359,17.24,17.21,17.21,17.14,17.02,16.87,16.8,16.69,16.26,15.05,13.29,12.29,11.3,11.13,10.7,10.33,9.61,8.86,8.41,8.25,8.17,8.06,8.06,8.01,7.96,7.98,7.95,7.93,7.92,7.87,7.76,7.65,7.61,7.59,7.52,7.52,7.53,7.56,7.51
2026-09-23 17:30:00,30.6,19.2,4,358,17.22,17.2,17.2,17.14,17.02,16.91,16.8,16.67,16.28,15.01,13.47,11.81,11.26,10.97,10.67,9.97,9.53,8.78,8.37,8.25,8.13,8.07,8.08,8.02,8,7.99,7.95,7.93,7.92,7.87,7.77,7.62,7.62,7.64,7.53,7.53,7.53,7.54,7.53
2026-09-23 17:40:00,30.6,19.1,4.1,5,17.22,17.21,17.2,17.15,17.02,16.95,16.82,16.65,16.37,15.17,13.68,11.83,11.29,10.99,10.75,10.02,9.44,8.63,8.32,8.25,8.19,8.08,8.09,8.02,8,7.99,7.95,7.93,7.92,7.87,7.76,7.64,7.63,7.62,7.54,7.53,7.53,7.56,7.53
2026-09-23 17:50:00,30.6,18.8,4.4,358,17.26,17.25,17.27,17.22,17.1,17,16.86,16.69,16.2,14.91,13.74,11.81,11.34,11.01,10.8,10.17,9.43,8.62,8.35,8.26,8.21,8.08,8.09,8.02,8,7.97,7.95,7.94,7.93,7.87,7.79,7.64,7.65,7.63,7.54,7.53,7.53,7.56,7.52
2026-09-23 18:00:00,30.6,18.6,4.1,7,17.24,17.23,17.25,17.12,17.02,16.88,16.76,16.49,15.78,14.56,13.94,11.86,11.42,11.26,10.88,10.2,9.47,9.14,8.41,8.26,8.22,8.07,8.06,8.01,7.95,7.97,7.95,7.93,7.92,7.87,7.74,7.66,7.62,7.59,7.53,7.52,7.53,7.55,7.52
2026-09-23 18:10:00,30.6,18.3,3.4,6,17.23,17.21,17.19,17.15,17.07,16.98,16.82,16.51,15.96,14.41,12.96,11.51,11.46,11.16,10.66,9.81,9.39,9.16,8.59,8.4,8.24,8.15,8.08,8.01,7.96,7.98,7.95,7.93,7.92,7.83,7.71,7.66,7.61,7.6,7.52,7.52,7.53,7.56,7.5
2026-09-23 18:20:00,30.6,17.8,3.8,7,17.2,17.2,17.21,17.17,17.1,16.96,16.79,16.43,15.43,14.44,12.26,11.56,11.5,11.21,10.9,9.74,9.39,9.18,8.7,8.41,8.26,8.22,8.1,8.02,7.99,7.98,7.95,7.93,7.93,7.86,7.72,7.65,7.6,7.57,7.52,7.52,7.53,7.55,7.46
2026-09-23 18:30:00,30.6,17.4,3.7,9,17.2,17.2,17.22,17.21,17.13,17.01,16.96,16.49,15.84,14.59,12.84,11.64,11.5,11.27,11.07,9.79,9.38,9.24,8.75,8.38,8.28,8.19,8.09,8.02,7.97,7.98,7.95,7.93,7.93,7.86,7.72,7.68,7.6,7.6,7.52,7.52,7.53,7.54,7.46
2026-09-23 18:40:00,30.6,16.8,3.4,5,17.21,17.21,17.23,17.22,17.17,17.06,17.05,16.74,16.21,14.86,14.26,11.72,11.62,11.35,11.1,9.87,9.36,9.25,8.85,8.58,8.32,8.22,8.12,8.03,7.99,7.98,7.95,7.93,7.94,7.87,7.75,7.7,7.61,7.61,7.52,7.52,7.53,7.55,7.5
2026-09-23 18:50:00,30.6,16.2,3.7,15,17.21,17.21,17.24,17.22,17.16,17.04,17.04,16.74,16.4,15.3,13.73,11.73,11.56,11.45,10.95,9.84,9.3,9.23,8.93,8.65,8.38,8.29,8.24,8.06,8,7.98,7.95,7.93,7.94,7.87,7.77,7.71,7.63,7.63,7.52,7.52,7.53,7.55,7.51
2026-09-23 19:00:00,30.6,16.2,3.5,8,17.18,17.18,17.21,17.21,17.17,17.13,17.02,16.71,16.39,15.41,13.67,11.77,11.64,11.34,10.78,10.02,9.29,9.2,9.14,8.77,8.48,8.32,8.28,8.09,8.01,8,7.95,7.93,7.95,7.89,7.8,7.74,7.64,7.62,7.52,7.52,7.52,7.55,7.5
2026-09-23 19:10:00,30.6,16,3.8,14,17.17,17.17,17.19,17.19,17.16,17.09,17.04,16.95,16.42,15.11,13.33,11.82,11.6,11.19,10.64,9.97,9.38,9.2,9.12,8.8,8.51,8.34,8.35,8.22,8.06,8.03,7.95,7.92,7.94,7.88,7.79,7.74,7.64,7.63,7.53,7.52,7.52,7.53,7.48
2026-09-23 19:20:00,30.6,15.8,3.2,19,17.17,17.17,17.2,17.19,17.12,17.06,17.01,16.64,16.36,15.09,12.73,11.89,11.72,11.27,10.68,10.33,9.69,9.25,9.18,9.11,8.77,8.47,8.37,8.26,8.08,8.04,7.97,7.93,7.94,7.88,7.81,7.73,7.64,7.61,7.51,7.51,7.52,7.53,7.5
2026-09-23 19:30:00,30.6,15.7,4,22,17.17,17.17,17.2,17.17,17.13,17.06,17.03,16.8,16.29,14.95,12.74,11.94,11.61,11.13,10.54,10.21,9.6,9.18,9.14,9.06,8.7,8.45,8.36,8.25,8.08,8.03,7.95,7.92,7.93,7.88,7.85,7.76,7.65,7.57,7.51,7.51,7.51,7.53,7.51
2026-09-23 19:40:00,30.6,15.5,3,32,17.17,17.16,17.17,17.17,17.12,17.06,16.98,16.57,16.22,14.88,12.2,11.99,11.6,11.11,10.59,10.31,9.8,9.49,9.14,9.08,8.82,8.56,8.4,8.33,8.22,8.07,8.01,7.93,7.93,7.9,7.87,7.77,7.69,7.61,7.51,7.51,7.52,7.54,7.5
2026-09-23 19:50:00,30.6,15.5,2.9,30,17.16,17.16,17.19,17.17,17.13,17.08,17.05,16.86,16.28,14.95,12.24,12.02,11.63,11.09,10.6,10.34,9.87,9.55,9.18,9.05,8.75,8.53,8.39,8.35,8.24,8.13,8.02,7.96,7.95,7.9,7.88,7.76,7.63,7.59,7.51,7.51,7.51,7.53,7.5
2026-09-23 20:00:00,30.6,15.3,2.8,29,17.15,17.15,17.16,17.16,17.13,17.12,17.09,16.91,16.47,15.3,13.08,12.09,11.58,11.08,10.59,10.31,9.92,9.6,9.17,9.06,8.84,8.57,8.42,8.36,8.27,8.14,8.05,8,7.98,7.92,7.88,7.79,7.72,7.61,7.51,7.5,7.48,7.5,7.49
2026-09-23 20:10:00,30.6,15.2,3.1,23,17.15,17.15,17.17,17.18,17.14,17.11,17.08,16.96,16.52,15.11,13.01,12.12,11.59,11.08,10.61,10.33,10.04,9.63,9.25,9.05,8.95,8.66,8.45,8.36,8.23,8.11,8.03,8,7.99,7.92,7.88,7.82,7.74,7.61,7.51,7.5,7.5,7.5,7.47
2026-09-23 20:20:00,30.6,14.9,3.3,324,17.15,17.14,17.18,17.17,17.14,17.12,17.1,17.02,16.51,15.19,13.15,12.18,11.64,11.1,10.56,10.37,9.95,9.64,9.4,9.05,8.94,8.66,8.53,8.39,8.28,8.16,8.04,7.99,8,7.93,7.92,7.85,7.75,7.64,7.52,7.5,7.51,7.51,7.45
2026-09-23 20:30:00,30.6,14.9,3.8,346,17.17,17.17,17.19,17.19,17.16,17.12,17.08,17,16.59,15.28,13.18,12.21,11.61,11.17,10.57,10.42,10.19,9.74,9.6,9.07,8.99,8.73,8.61,8.43,8.35,8.26,8.05,8,8.01,7.93,7.93,7.86,7.79,7.67,7.52,7.51,7.51,7.52,7.46
2026-09-23 20:40:00,30.6,14.8,3.6,347,17.16,17.16,17.19,17.18,17.13,17.12,17.09,16.98,16.4,15.11,12.76,12.25,11.7,11.37,10.7,10.42,10.13,9.73,9.56,9.14,8.99,8.71,8.62,8.44,8.33,8.13,8.04,8,8.01,7.98,7.95,7.88,7.86,7.76,7.53,7.52,7.52,7.52,7.45
2026-09-23 20:50:00,30.6,14.6,3.5,351,17.15,17.15,17.18,17.18,17.14,17.12,17.1,16.97,16.41,15.2,12.75,12.3,11.71,11.38,10.76,10.45,10.14,9.7,9.46,9.08,8.94,8.67,8.57,8.43,8.31,8.14,8.04,8,8.02,7.99,7.99,7.9,7.87,7.79,7.54,7.52,7.53,7.53,7.46
2026-09-23 21:00:00,30.6,14.6,4.3,353,17.14,17.14,17.17,17.17,17.13,17.09,17.09,17,16.33,15.17,13.68,12.33,11.94,11.49,10.88,10.47,10.22,9.73,9.34,9.01,8.95,8.68,8.51,8.44,8.35,8.25,8.08,8.01,8.03,8.02,8.02,7.91,7.87,7.79,7.53,7.52,7.53,7.53,7.45
2026-09-23 21:10:00,30.6,14.5,5.6,358,17.12,17.13,17.16,17.16,17.14,17.13,17.14,17.07,16.82,15.51,14.81,12.4,12,11.66,11.3,10.65,10.37,10,9.73,9.25,9,8.72,8.7,8.45,8.4,8.27,8.1,8.04,8.04,8.03,8.04,7.95,7.88,7.7,7.53,7.52,7.53,7.53,7.46
2026-09-23 21:20:00,30.6,14.3,5.9,357,17.13,17.13,17.16,17.16,17.13,17.11,17.1,16.99,16.38,15.32,14.27,12.55,12.42,11.62,11.29,10.61,10.32,9.9,9.66,9.15,9.02,8.75,8.65,8.45,8.38,8.28,8.12,8.03,8.05,8.05,8.02,7.95,7.88,7.73,7.53,7.53,7.52,7.53,7.45
2026-09-23 21:30:00,30.6,14.1,4.9,345,17.12,17.12,17.15,17.15,17.11,17.09,17.09,17,16.31,15.18,13.07,12.59,11.86,11.54,11.34,10.65,10.33,10.08,9.74,9.29,8.99,8.87,8.71,8.47,8.42,8.38,8.2,8.07,8.08,8.06,8.03,7.97,7.88,7.76,7.53,7.53,7.52,7.52,7.44
2026-09-23 21:40:00,30.6,14.2,5.4,1,17.1,17.1,17.13,17.14,17.11,17.1,17.1,17.04,16.68,15.42,13.28,12.7,11.8,11.63,11.43,10.97,10.48,10.2,9.86,9.49,9.08,8.93,8.73,8.55,8.44,8.4,8.26,8.08,8.09,8.08,8.03,7.97,7.91,7.77,7.53,7.52,7.52,7.53,7.44
2026-09-23 21:50:00,30.6,14,5.5,357,17.1,17.09,17.13,17.13,17.1,17.1,17.11,17.03,16.36,15.03,13.17,12.68,11.78,11.67,11.38,10.77,10.37,10.21,9.79,9.31,9.05,8.93,8.8,8.63,8.45,8.44,8.37,8.23,8.11,8.08,8.04,7.98,7.9,7.76,7.53,7.52,7.51,7.52,7.45
2026-09-23 22:00:00,30.6,14,4.2,352,17.09,17.09,17.12,17.12,17.1,17.1,17.11,17.06,16.75,15.22,13.07,12.62,11.91,11.64,11.35,10.58,10.28,10.06,9.67,9.13,9,8.9,8.79,8.67,8.59,8.48,8.4,8.33,8.23,8.09,8.08,7.98,7.94,7.78,7.56,7.51,7.51,7.52,7.44
2026-09-23 22:10:00,30.6,13.5,4.5,345,17.08,17.09,17.12,17.12,17.1,17.09,17.11,17.06,16.96,15.42,13.36,12.68,11.97,11.68,11.51,11.01,10.31,10.08,9.65,9.07,8.97,8.89,8.7,8.65,8.54,8.47,8.39,8.32,8.15,8.09,8.02,7.98,7.95,7.76,7.58,7.51,7.51,7.52,7.44
2026-09-23 22:20:00,30.6,13.4,4.8,332,17.08,17.08,17.11,17.11,17.09,17.08,17.1,17.04,16.91,14.93,12.97,12.69,11.89,11.69,11.33,10.87,10.34,10.18,9.76,9.13,8.94,8.92,8.77,8.61,8.53,8.54,8.39,8.2,8.11,8.09,8.02,7.97,7.94,7.67,7.57,7.51,7.5,7.49,7.43
2026-09-23 22:30:00,30.6,13.4,4.5,357,17.07,17.07,17.1,17.11,17.08,17.06,17.08,17.03,16.86,15.45,13.53,12.72,12.41,11.79,11.39,10.93,10.31,10.11,9.8,9.39,9,8.91,8.9,8.73,8.53,8.54,8.41,8.31,8.13,8.09,8.02,7.96,7.76,7.65,7.51,7.5,7.49,7.47,7.43
2026-09-23 22:40:00,30.6,13.3,4.5,3,17.08,17.08,17.11,17.11,17.08,17.08,17.08,17,16.27,14.54,13.21,12.6,12.1,11.82,11.36,10.93,10.32,10.04,9.73,9.13,8.96,8.92,8.93,8.81,8.58,8.52,8.37,8.28,8.13,8.09,8.01,7.95,7.75,7.64,7.51,7.49,7.48,7.47,7.44
2026-09-23 22:50:00,30.6,13.3,4.6,5,17.08,17.08,17.11,17.12,17.09,17.07,17.09,17.02,16.8,15.25,13.38,12.86,12.17,11.89,11.34,10.71,10.3,9.9,9.61,8.99,8.94,8.91,8.93,8.63,8.54,8.49,8.38,8.32,8.15,8.08,8.01,7.89,7.65,7.61,7.5,7.49,7.47,7.47,7.44
2026-09-23 23:00:00,30.6,13.3,3.7,355,17.08,17.07,17.11,17.11,17.08,17.07,17.09,17.05,16.9,15.03,13.44,13.1,12.14,12.01,11.63,10.75,10.31,9.9,9.5,8.97,8.89,8.86,8.91,8.61,8.54,8.48,8.36,8.24,8.13,8.09,8.01,7.91,7.67,7.61,7.5,7.48,7.47,7.48,7.43
2026-09-23 23:10:00,30.6,12.7,3.7,325,17.08,17.07,17.1,17.11,17.08,17.08,17.06,16.97,16.24,14.76,13.57,12.81,12.24,12.01,11.52,10.58,10.29,9.76,9.25,8.92,8.91,8.88,8.8,8.53,8.46,8.39,8.28,8.1,8.11,8.04,8.01,7.89,7.65,7.59,7.5,7.47,7.47,7.47,7.43
2026-09-23 23:20:00,30.6,12.6,3.9,320,17.06,17.06,17.09,17.1,17.07,17.06,17.08,17.02,16.86,15.42,13.73,12.87,12.19,11.87,11.6,10.96,10.35,9.93,9.5,9.1,8.9,8.89,8.93,8.58,8.52,8.47,8.35,8.16,8.11,8.05,8.02,7.89,7.62,7.58,7.49,7.46,7.46,7.45,7.43
2026-09-23 23:30:00,30.6,12,3.1,306,17.06,17.06,17.09,17.09,17.07,17.06,17.07,17.01,16.97,15.41,13.54,12.73,12.22,11.68,11.53,10.86,10.33,9.74,9.25,8.98,8.94,8.86,8.88,8.56,8.52,8.42,8.27,8.15,8.11,8.03,8.02,7.89,7.63,7.58,7.49,7.45,7.44,7.44,7.43
2026-09-23 23:40:00,30.6,11.5,2.9,327,17.05,17.06,17.08,17.08,17.06,17.05,17.07,17.02,16.91,15.43,13.46,13.08,12.32,11.63,11.43,10.98,10.34,9.84,9.25,9.02,8.97,8.85,8.88,8.56,8.52,8.42,8.24,8.11,8.11,8.03,8.01,7.91,7.59,7.55,7.48,7.45,7.43,7.44,7.43
2026-09-23 23:50:00,30.6,11.1,2.8,329,17.05,17.05,17.08,17.09,17.06,17.06,17.08,17.02,16.92,15.37,13.6,13.02,12.5,11.53,11.26,11.01,10.37,9.96,9.44,9.05,8.96,8.88,8.89,8.58,8.53,8.46,8.24,8.11,8.11,8.03,8,7.88,7.59,7.57,7.47,7.45,7.42,7.43,7.43
2026-09-24,30.6,10.9,3.9,326,17.04,17.05,17.08,17.08,17.06,17.05,17.06,16.98,16.88,15.64,13.69,12.94,12.7,11.57,11.23,10.91,10.37,9.88,9.29,9.03,8.93,8.88,8.82,8.56,8.49,8.38,8.15,8.09,8.1,8.02,7.99,7.74,7.58,7.53,7.46,7.45,7.44,7.43,7.42
2026-09-24 00:10:00,30.6,10.8,3.7,301,17.06,17.06,17.09,17.09,17.07,17.06,17.08,17.04,16.96,15.93,13.67,13.27,12.85,11.75,11.28,11.01,10.42,9.96,9.4,9.08,8.93,8.88,8.89,8.57,8.49,8.39,8.13,8.08,8.09,8.02,7.98,7.72,7.58,7.53,7.45,7.45,7.44,7.42,7.42
2026-09-24 00:20:00,30.6,10.6,3.5,304,17.04,17.04,17.07,17.08,17.06,17.05,17.07,17.03,16.96,16.3,13.89,13.39,12.8,11.66,11.31,11,10.5,9.98,9.37,9.04,8.95,8.89,8.86,8.57,8.45,8.37,8.11,8.07,8.08,8.02,7.9,7.65,7.55,7.51,7.46,7.46,7.42,7.42,7.41
2026-09-24 00:30:00,30.6,10.5,3.4,320,17.04,17.04,17.07,17.07,17.05,17.04,17.06,17.02,16.92,15.84,13.92,13.37,12.7,11.71,11.28,10.95,10.47,9.9,9.34,9.04,8.95,8.92,8.82,8.57,8.44,8.27,8.1,8.07,8.08,8.02,7.79,7.68,7.54,7.51,7.46,7.44,7.43,7.42,7.4
2026-09-24 00:40:00,30.6,10.4,3.7,292,17.03,17.03,17.06,17.06,17.05,17.04,17.06,17,16.95,16.16,14.08,13.41,12.67,11.48,11.24,10.96,10.47,9.91,9.35,9.13,8.98,8.95,8.84,8.57,8.45,8.26,8.1,8.08,8.09,8.03,7.93,7.63,7.5,7.5,7.46,7.44,7.42,7.42,7.4
2026-09-24 00:50:00,30.6,10.4,4.1,304,17.03,17.03,17.06,17.06,17.04,17.03,17.05,17.01,16.93,15.49,14.12,13.33,12.62,11.34,11.19,10.93,10.45,9.82,9.29,9.09,9,8.95,8.87,8.57,8.41,8.18,8.09,8.07,8.08,8.03,7.9,7.6,7.5,7.5,7.46,7.45,7.42,7.43,7.4
2026-09-24 01:00:00,30.6,10.6,4.8,312,17.01,17.01,17.05,17.05,17.03,17.02,17.04,17,16.89,14.74,13.75,13.38,12.62,11.42,11.16,10.86,10.42,9.95,9.3,9.15,9.01,8.96,8.92,8.59,8.5,8.25,8.09,8.06,8.08,8.03,7.9,7.62,7.52,7.5,7.46,7.45,7.43,7.44,7.4
2026-09-24 01:10:00,30.6,10.6,4.6,307,17.01,17.02,17.05,17.05,17.03,17.02,17.04,17,16.94,16.42,14.33,13.67,12.72,12.06,11.1,10.99,10.47,9.97,9.31,9.14,9.03,8.97,8.95,8.6,8.5,8.41,8.13,8.07,8.08,8.03,7.94,7.65,7.55,7.5,7.46,7.45,7.43,7.41,7.4
2026-09-24 01:20:00,30.6,10.6,4.6,314,17.03,17.03,17.06,17.06,17.03,17.03,17.05,16.98,16.9,14.7,14.19,13.66,12.68,11.87,11.03,10.91,10.39,9.83,9.27,9.13,9.07,8.98,8.95,8.6,8.5,8.38,8.16,8.08,8.08,8.03,7.92,7.68,7.57,7.52,7.47,7.45,7.43,7.4,7.39
2026-09-24 01:30:00,30.6,10.7,4.5,326,17.02,17.02,17.06,17.06,17.03,17.03,17.04,17,16.99,15.68,14.35,13.73,12.88,12.21,11.01,10.88,10.38,9.95,9.28,9.13,9.08,8.96,8.93,8.58,8.49,8.26,8.13,8.07,8.09,8.04,7.96,7.67,7.58,7.51,7.47,7.45,7.43,7.43,7.39
2026-09-24 01:40:00,30.6,10.6,4.7,323,17.02,17.02,17.06,17.07,17.04,17.04,17.05,17.02,16.98,14.67,14.27,13.63,12.67,11.78,10.92,10.82,10.28,9.93,9.23,9.11,9.06,8.95,8.87,8.6,8.47,8.27,8.13,8.07,8.08,8.04,7.97,7.75,7.58,7.51,7.47,7.45,7.43,7.44,7.39
2026-09-24 01:50:00,30.6,10.6,4.7,316,17.03,17.03,17.06,17.06,17.03,17.02,17.05,17,16.85,15.28,14.47,13.62,12.67,12.02,10.9,10.77,10.21,10.01,9.25,9.13,9.11,8.98,8.9,8.6,8.43,8.26,8.13,8.07,8.09,8.02,7.97,7.72,7.59,7.51,7.47,7.46,7.44,7.44,7.38
2026-09-24 02:00:00,30.6,10.5,3.6,330,17.03,17.03,17.06,17.06,17.03,17.02,17.03,16.99,16.87,15.55,14.63,13.86,12.82,12.16,10.9,10.7,10.16,9.96,9.28,9.14,9.12,9.02,8.93,8.62,8.45,8.28,8.12,8.07,8.09,8.04,7.96,7.74,7.59,7.51,7.47,7.45,7.44,7.43,7.38
2026-09-24 02:10:00,30.6,10.4,3.3,339,17.03,17.02,17.05,17.06,17.03,17.02,17.03,16.97,16.88,15.65,14.63,13.96,12.93,12.11,11.03,10.69,10.16,9.98,9.48,9.16,9.13,9.03,8.94,8.65,8.46,8.27,8.14,8.08,8.1,8.04,7.96,7.82,7.59,7.51,7.47,7.45,7.44,7.41,7.4
2026-09-24 02:20:00,30.6,10.4,3.1,314,17.02,17.01,17.03,17.04,17.01,17.01,17.02,16.98,16.82,15.56,14.57,13.8,12.97,12.03,11.28,10.68,10.24,9.98,9.47,9.16,9.14,9.12,9.02,8.73,8.5,8.35,8.14,8.08,8.1,8.03,7.94,7.85,7.63,7.53,7.47,7.45,7.44,7.44,7.39
2026-09-24 02:30:00,30.6,10.3,3.1,333,17.01,17.01,17.04,17.04,17.01,17,17.02,16.96,16.86,15.64,14.68,13.95,13.01,11.96,11.63,10.7,10.41,10.02,9.8,9.23,9.14,9.12,9,8.69,8.48,8.26,8.11,8.08,8.1,8.04,7.95,7.87,7.65,7.54,7.48,7.46,7.44,7.44,7.39
2026-09-24 02:40:00,30.6,10.4,3.4,346,17,17,17.03,17.03,17,16.99,17.02,16.93,16.82,15.68,14.82,14.1,12.94,12.72,11.65,10.76,10.48,10.04,9.85,9.23,9.15,9.13,9.06,8.72,8.49,8.38,8.12,8.08,8.1,8.04,7.94,7.87,7.72,7.59,7.48,7.46,7.45,7.44,7.4
2026-09-24 02:50:00,30.6,10.6,4.1,342,16.98,16.99,17.02,17.02,17,16.99,17,16.97,16.83,15.95,14.97,14.25,13.31,12.61,11.5,11.02,10.44,9.98,9.59,9.23,9.16,9.13,9.08,8.72,8.49,8.29,8.11,8.08,8.1,8.02,7.93,7.88,7.77,7.59,7.5,7.45,7.44,7.44,7.39
2026-09-24 03:00:00,30.6,10.8,3.7,341,16.98,16.98,17.02,17.02,17,16.99,17,16.95,16.86,16.24,15.04,14.21,13.42,12.75,11.63,11.13,10.49,10.03,9.88,9.43,9.17,9.14,9.06,8.73,8.49,8.29,8.1,8.08,8.1,7.99,7.94,7.86,7.8,7.6,7.5,7.45,7.45,7.44,7.39
2026-09-24 03:10:00,30.6,10.9,4,347,16.98,16.98,17.01,17.01,16.98,16.98,16.99,16.92,16.83,16.1,15.11,14.28,13.53,12.8,11.7,10.99,10.4,10.01,9.83,9.23,9.2,9.13,8.99,8.63,8.47,8.27,8.11,8.08,8.11,8.03,7.94,7.88,7.82,7.62,7.49,7.46,7.45,7.45,7.39
2026-09-24 03:20:00,30.6,10.7,3.5,342,16.97,16.96,17,17,16.98,16.97,16.97,16.87,16.83,16.21,15.07,14.3,13.65,12.77,11.81,11.32,10.46,10.08,9.88,9.48,9.22,9.15,9.09,8.77,8.49,8.39,8.13,8.09,8.12,8.04,7.99,7.9,7.87,7.73,7.57,7.46,7.44,7.41,7.4
2026-09-24 03:30:00,30.6,10.4,3.3,339,16.97,16.97,17,17,16.96,16.95,16.94,16.91,16.77,15.82,15.1,14.36,13.83,12.77,11.7,11.28,10.44,10.07,9.86,9.59,9.24,9.21,9.14,8.74,8.49,8.34,8.13,8.11,8.12,8.01,7.98,7.92,7.86,7.68,7.48,7.45,7.44,7.44,7.39
2026-09-24 03:40:00,30.6,10.4,3.1,338,16.93,16.95,16.98,16.98,16.96,16.96,16.97,16.92,16.83,16.06,15.25,14.6,13.94,12.95,11.95,11.29,10.45,10.06,9.88,9.61,9.25,9.22,9.17,8.76,8.5,8.43,8.13,8.11,8.12,8.03,7.99,7.95,7.85,7.69,7.48,7.46,7.44,7.44,7.39
2026-09-24 03:50:00,30.6,10.4,2.8,332,16.95,16.95,16.98,16.98,16.96,16.95,16.97,16.93,16.79,15.86,15.41,14.79,14.11,13.17,12.04,11.48,10.59,10.14,9.91,9.55,9.36,9.23,9.18,8.74,8.5,8.32,8.13,8.1,8.09,8.03,8.02,7.96,7.8,7.66,7.47,7.45,7.45,7.41,7.39
2026-09-24 04:00:00,30.6,10.2,2.8,311,16.94,16.94,16.98,16.98,16.95,16.94,16.93,16.88,16.8,16,15.44,14.85,14.29,13.26,11.87,11.24,10.45,10.07,9.84,9.55,9.35,9.23,9.18,8.73,8.46,8.16,8.13,8.1,8.07,8.02,8.02,7.92,7.73,7.64,7.47,7.45,7.44,7.4,7.39
2026-09-24 04:10:00,30.6,9.8,2.3,305,16.93,16.93,16.96,16.96,16.94,16.93,16.93,16.85,16.73,15.98,15.5,14.82,14.26,13.12,11.98,11.49,10.44,10.06,9.76,9.45,9.38,9.23,9.14,8.66,8.45,8.18,8.12,8.07,8.04,8.03,8.03,7.94,7.74,7.64,7.46,7.45,7.43,7.39,7.38
2026-09-24 04:20:00,30.6,9.5,2.8,280,16.94,16.94,16.96,16.96,16.94,16.92,16.93,16.77,16.65,16.02,15.52,14.81,14.29,13.28,12.2,11.59,10.49,10.18,9.9,9.58,9.36,9.26,9.09,8.71,8.45,8.17,8.12,8.08,8.04,8.02,8.03,7.89,7.73,7.62,7.46,7.45,7.42,7.39,7.38
2026-09-24 04:30:00,30.6,9.4,2.4,325,16.93,16.93,16.96,16.96,16.93,16.92,16.93,16.85,16.7,16.09,15.65,15.08,14.34,13.63,12.39,11.6,10.62,10.24,9.94,9.55,9.37,9.26,9.19,8.78,8.5,8.34,8.11,8.07,8.04,8.02,8.03,7.89,7.73,7.63,7.47,7.45,7.38,7.39,7.38
2026-09-24 04:40:00,30.6,9.4,3.4,313,16.92,16.92,16.95,16.95,16.92,16.91,16.92,16.81,16.54,16.07,15.27,14.71,14.3,13.58,12.31,11.59,10.65,10.22,9.85,9.56,9.35,9.24,9.16,8.77,8.51,8.18,8.1,8.02,8.04,8.02,8.03,7.93,7.74,7.61,7.46,7.44,7.41,7.39,7.38
2026-09-24 04:50:00,30.6,9,3.1,303,16.9,16.9,16.93,16.93,16.91,16.9,16.91,16.78,16.46,16.12,15.41,14.75,14.3,13.51,12.37,11.58,10.58,10.26,9.87,9.52,9.34,9.27,9.19,8.79,8.52,8.25,8.1,8.07,8.05,8.02,8.03,7.93,7.74,7.56,7.47,7.43,7.38,7.38,7.38
2026-09-24 05:00:00,30.6,9,2.5,324,16.91,16.9,16.93,16.93,16.91,16.89,16.85,16.69,16.58,16.14,15.52,14.75,14.26,13.38,12.38,11.59,10.58,10.26,9.88,9.54,9.39,9.3,9.25,8.85,8.53,8.22,8.1,8.07,8.04,8.03,8.04,7.85,7.75,7.57,7.47,7.41,7.37,7.38,7.38
2026-09-24 05:10:00,30.6,8.9,2.6,301,16.89,16.9,16.93,16.93,16.91,16.9,16.9,16.66,16.52,16.01,15.61,14.68,14.28,13.65,12.57,11.65,10.69,10.41,10.08,9.82,9.45,9.3,9.25,8.83,8.51,8.16,8.1,8.06,8.04,8.03,8.04,7.89,7.74,7.57,7.47,7.43,7.36,7.38,7.38
2026-09-24 05:20:00,30.6,8.7,2.8,331,16.9,16.89,16.92,16.92,16.9,16.89,16.87,16.71,16.46,16.05,15.66,14.7,14.24,13.68,12.62,11.58,10.65,10.46,10.17,9.87,9.41,9.29,9.25,8.83,8.45,8.14,8.1,8.05,8.04,8.03,8.04,7.78,7.71,7.55,7.46,7.4,7.35,7.38,7.37
2026-09-24 05:30:00,30.6,8.6,3.4,305,16.9,16.9,16.92,16.93,16.9,16.89,16.84,16.7,16.47,16.16,15.85,14.87,14.28,13.81,12.85,11.66,10.68,10.52,10.22,9.88,9.42,9.31,9.26,8.84,8.47,8.15,8.1,8.04,8.05,8.03,8.05,7.76,7.7,7.55,7.46,7.39,7.35,7.38,7.37
2026-09-24 05:40:00,30.6,8.5,2.9,308,16.89,16.89,16.92,16.92,16.89,16.88,16.83,16.59,16.42,16.16,15.8,14.87,14.2,13.76,12.59,11.43,10.66,10.59,10.21,9.95,9.41,9.3,9.18,8.68,8.41,8.14,8.1,8.08,8.05,8.04,8.05,7.76,7.71,7.54,7.47,7.38,7.35,7.38,7.37
2026-09-24 05:50:00,30.6,8.2,2.7,325,16.89,16.89,16.92,16.92,16.89,16.88,16.84,16.62,16.45,16.2,15.89,15.04,14.3,13.74,12.78,11.66,10.7,10.66,10.35,10.07,9.39,9.27,9.14,8.61,8.39,8.14,8.1,8.06,8.05,8.04,8.05,7.73,7.67,7.53,7.41,7.35,7.35,7.38,7.37
2026-09-24 06:00:00,30.6,8.2,3.4,308,16.89,16.89,16.91,16.91,16.88,16.81,16.76,16.61,16.44,16.19,15.99,15.22,14.24,13.85,12.97,11.6,10.74,10.7,10.41,10.1,9.37,9.27,9.19,8.62,8.42,8.16,8.11,8.07,8.06,8.04,8.05,7.8,7.72,7.54,7.41,7.35,7.35,7.38,7.37
2026-09-24 06:10:00,30.6,8,4.2,314,16.87,16.87,16.9,16.9,16.86,16.82,16.77,16.61,16.45,16.2,16.09,15.41,14.38,13.86,12.91,11.72,10.79,10.73,10.48,9.82,9.36,9.26,9.14,8.62,8.45,8.18,8.11,8.07,8.05,8.04,8.05,7.84,7.7,7.54,7.42,7.34,7.35,7.38,7.37
2026-09-24 06:20:00,30.6,8,3.7,323,16.84,16.85,16.88,16.88,16.85,16.79,16.7,16.53,16.4,16.21,16.1,15.63,14.66,13.89,13.04,11.63,10.91,10.75,10.66,10.06,9.35,9.29,9.12,8.67,8.51,8.37,8.12,8.1,8.07,8.04,8.05,8,7.71,7.56,7.41,7.35,7.36,7.39,7.38
2026-09-24 06:30:00,30.6,8.1,3.6,314,16.86,16.86,16.89,16.89,16.85,16.75,16.7,16.54,16.38,16.24,16.12,15.71,14.84,13.91,13.27,11.64,10.96,10.79,10.71,10.13,9.34,9.24,9.13,8.64,8.47,8.29,8.14,8.1,8.06,8.04,8.05,8,7.69,7.52,7.36,7.35,7.36,7.39,7.38
2026-09-24 06:40:00,30.6,8,2.9,328,16.85,16.85,16.88,16.88,16.83,16.76,16.66,16.48,16.35,16.25,16.14,15.77,15.19,14.18,13.25,11.77,10.99,10.82,10.7,9.89,9.33,9.23,9.06,8.64,8.48,8.34,8.15,8.1,8.09,8.05,8.04,7.99,7.8,7.55,7.4,7.36,7.36,7.39,7.38
2026-09-24 06:50:00,30.6,8.2,3.4,324,16.84,16.84,16.87,16.86,16.81,16.75,16.65,16.49,16.32,16.26,16.17,15.81,15.02,14.32,13.21,11.82,11.06,10.85,10.84,10.1,9.34,9.24,9.06,8.66,8.44,8.33,8.16,8.14,8.12,8.05,8.06,7.99,7.91,7.63,7.39,7.35,7.36,7.39,7.39
2026-09-24 07:00:00,30.6,8,3.1,324,16.82,16.82,16.85,16.85,16.81,16.75,16.7,16.55,16.36,16.29,16.22,15.8,15.08,14.42,13.28,12.05,11.06,10.86,10.86,10.2,9.33,9.22,9.05,8.64,8.47,8.39,8.19,8.16,8.15,8.05,8.06,7.99,7.88,7.54,7.37,7.35,7.36,7.39,7.39
2026-09-24 07:10:00,30.6,8.4,3.8,334,16.81,16.81,16.84,16.83,16.79,16.72,16.66,16.49,16.41,16.32,16.26,15.8,14.81,14.16,13.25,12.36,11.2,10.9,10.89,10.31,9.51,9.27,9.13,8.76,8.51,8.42,8.23,8.16,8.18,8.06,8.06,7.98,7.92,7.61,7.41,7.36,7.37,7.4,7.39
2026-09-24 07:20:00,30.6,8.8,3.7,338,16.79,16.8,16.82,16.8,16.76,16.72,16.66,16.58,16.47,16.37,16.33,16.02,14.7,14.07,13.26,12.57,11.31,10.93,10.93,10.57,9.55,9.28,9.18,8.85,8.49,8.38,8.22,8.19,8.15,8.08,8.04,7.99,7.96,7.53,7.41,7.35,7.37,7.4,7.39
2026-09-24 07:30:00,30.6,9.1,3.2,336,16.78,16.78,16.8,16.8,16.74,16.71,16.67,16.61,16.5,16.39,16.35,16.16,14.65,13.77,13.3,12.73,11.36,10.97,10.94,10.4,9.38,9.28,9.22,8.97,8.52,8.4,8.24,8.18,8.13,8.08,8.06,8,7.98,7.59,7.43,7.39,7.37,7.4,7.39
2026-09-24 07:40:00,30.6,9.2,3.4,335,16.76,16.76,16.79,16.78,16.74,16.71,16.7,16.6,16.5,16.42,16.36,16.28,15.13,13.65,13.2,12.91,11.73,11.07,11.01,10.93,9.77,9.28,9.28,9.05,8.56,8.38,8.24,8.12,8.1,8.06,8.06,7.99,7.98,7.82,7.43,7.36,7.37,7.4,7.39
2026-09-24 07:50:00,30.6,9.2,3.4,334,16.74,16.74,16.76,16.76,16.71,16.68,16.65,16.55,16.52,16.45,16.4,16.34,15.5,13.46,13.13,12.89,12.04,11.14,11.04,10.97,10,9.29,9.3,9.1,8.6,8.44,8.26,8.14,8.12,8.09,8.07,7.99,7.97,7.92,7.44,7.38,7.37,7.4,7.39
2026-09-24 08:00:00,30.6,9.1,3.7,333,16.74,16.74,16.76,16.75,16.71,16.69,16.66,16.58,16.53,16.45,16.45,16.42,15.77,13.4,13.01,12.82,12.36,11.35,11.11,11.03,10.01,9.28,9.29,9.14,8.66,8.45,8.28,8.14,8.13,8.08,8.07,7.99,7.97,7.95,7.42,7.37,7.37,7.4,7.39
2026-09-24 08:10:00,30.6,9.2,3.7,336,16.72,16.71,16.73,16.72,16.68,16.65,16.61,16.55,16.51,16.47,16.47,16.42,16.09,13.33,12.9,12.69,12.44,11.69,11.16,11.1,10.2,9.29,9.29,9.18,8.59,8.43,8.31,8.16,8.16,8.11,8.07,8,7.98,7.98,7.53,7.39,7.37,7.4,7.39
2026-09-24 08:20:00,30.6,9.4,3.3,335,16.7,16.7,16.72,16.72,16.69,16.66,16.62,16.53,16.51,16.48,16.47,16.44,16.29,14.63,12.89,12.61,12.5,12.1,11.26,11.17,10.94,9.39,9.3,9.21,8.75,8.52,8.34,8.3,8.22,8.15,8.06,7.99,7.96,7.97,7.57,7.4,7.38,7.4,7.39
2026-09-24 08:30:00,30.6,9.8,3.4,339,16.69,16.69,16.71,16.68,16.63,16.6,16.59,16.5,16.48,16.46,16.47,16.44,16.34,13.98,12.68,12.36,11.94,11.75,11.66,11.29,10.68,9.29,9.27,9.08,8.68,8.43,8.36,8.31,8.24,8.16,8.06,7.98,7.97,7.97,7.57,7.41,7.4,7.41,7.4
2026-09-24 08:40:00,30.6,9.9,2.8,337,16.68,16.68,16.69,16.68,16.65,16.62,16.6,16.54,16.5,16.47,16.47,16.46,16.45,15.84,13.26,12.64,12.19,11.87,11.79,11.55,10.99,9.33,9.28,9.13,8.76,8.47,8.39,8.37,8.32,8.11,8.06,7.98,7.97,7.96,7.59,7.41,7.39,7.41,7.4
2026-09-24 08:50:00,30.6,10,2.1,340,16.66,16.65,16.65,16.63,16.59,16.58,16.59,16.54,16.51,16.47,16.46,16.45,16.44,16,13.78,12.49,12.2,11.93,11.87,11.6,11.04,9.31,9.22,8.95,8.75,8.57,8.42,8.39,8.36,8.16,8.06,7.99,7.95,7.95,7.54,7.42,7.4,7.42,7.41
2026-09-24 09:00:00,30.6,10.4,1.9,341,16.53,16.54,16.56,16.55,16.52,16.52,16.52,16.46,16.45,16.41,16.43,16.42,16.41,16.09,14.8,12.7,12.25,11.98,11.94,11.77,11.29,9.7,9.2,9,8.79,8.61,8.47,8.43,8.39,8.2,8.07,8.01,7.94,7.94,7.62,7.43,7.39,7.42,7.41
2026-09-24 09:10:00,30.6,10.9,1.4,323,16.57,16.58,16.59,16.58,16.55,16.54,16.54,16.5,16.41,16.38,16.39,16.34,16.26,15.36,14.9,13.59,12.25,12.03,11.99,11.86,11.53,10.04,9.18,8.93,8.81,8.56,8.5,8.4,8.34,8.27,8.08,7.96,7.9,7.92,7.58,7.41,7.4,7.43,7.41
2026-09-24 09:20:00,30.6,11.2,2,330,16.62,16.61,16.61,16.59,16.56,16.54,16.5,16.46,16.44,16.36,16.35,16.32,16.14,15.74,14.93,13.67,12.68,12.07,12.06,11.92,11.6,10.75,9.19,9,8.72,8.57,8.44,8.34,8.33,8.32,8.08,7.97,7.91,7.91,7.58,7.44,7.4,7.43,7.42
2026-09-24 09:30:00,30.6,11.7,1.4,344,16.6,16.6,16.57,16.52,16.48,16.45,16.41,16.34,16.32,16.29,16.3,16.29,16.19,15.84,14.94,14.11,12.65,12.12,12.11,11.95,11.51,9.95,9.26,9.12,8.95,8.8,8.58,8.54,8.42,8.37,8.03,7.97,7.89,7.89,7.6,7.43,7.41,7.43,7.42
2026-09-24 09:40:00,30.6,11.9,1.2,344,16.7,16.71,16.65,16.59,16.48,16.4,16.33,16.23,16.23,16.2,16.2,16.17,16.15,15.88,14.82,14.19,12.73,12.17,12.13,11.92,11.48,9.97,9.15,9.06,8.95,8.96,8.75,8.59,8.49,8.4,8.05,7.92,7.87,7.89,7.77,7.46,7.42,7.44,7.43
2026-09-24 09:50:00,30.6,12.5,1.1,37,16.78,16.77,16.72,16.63,16.53,16.5,16.47,16.19,16.13,16.11,16.11,16.07,16.04,15.51,14.75,14.23,12.85,12.35,12.22,12.17,11.72,11.04,9.33,9.04,8.94,8.93,8.89,8.58,8.52,8.36,8.02,7.9,7.86,7.88,7.63,7.5,7.43,7.45,7.43
2026-09-24 10:00:00,30.6,13.2,1.1,27,16.81,16.79,16.76,16.66,16.56,16.5,16.49,16.38,15.98,15.95,15.96,15.95,15.94,15.47,14.88,14.45,12.77,12.47,12.28,11.95,11.69,11.11,9.36,9.09,9,8.92,8.82,8.65,8.62,8.4,7.96,7.88,7.85,7.87,7.69,7.46,7.43,7.46,7.45
2026-09-24 10:10:00,30.6,13.5,0.5,44,16.85,16.77,16.74,16.69,16.6,16.53,16.51,16.42,15.98,15.82,15.81,15.77,15.62,15.41,14.9,14.36,12.97,12.42,12.32,11.86,11.66,11.14,9.5,9.09,9.02,8.91,8.78,8.67,8.66,8.14,7.94,7.85,7.84,7.85,7.63,7.47,7.45,7.45,7.45
2026-09-24 10:20:00,30.6,13.5,1.3,31,16.92,16.76,16.72,16.67,16.6,16.5,16.5,16.27,16.04,15.91,15.83,15.59,15.24,14.94,14.88,14.36,13.66,12.41,12.34,11.87,11.62,11.11,9.41,9.12,9.03,8.93,8.84,8.72,8.69,8.17,7.92,7.85,7.84,7.84,7.56,7.46,7.46,7.47,7.46
2026-09-24 10:30:00,30.6,13.1,1,355,17.03,16.82,16.72,16.64,16.55,16.48,16.49,16.45,16.44,16,15.76,15.36,15.18,15.15,14.88,14.09,13.68,12.59,12.39,11.79,11.53,10.77,9.34,9.08,8.98,8.92,8.79,8.72,8.7,8.09,7.92,7.84,7.82,7.82,7.61,7.46,7.46,7.48,7.47
2026-09-24 10:40:00,30.6,12.7,1.8,18,16.87,16.76,16.67,16.58,16.46,16.43,16.45,16.41,16.41,16.35,16.21,15.63,15.35,15.02,14.29,13.81,13.71,13.38,12.43,11.73,11.38,10.06,9.16,9.02,8.97,8.91,8.79,8.75,8.53,8.02,7.92,7.83,7.81,7.81,7.55,7.47,7.46,7.49,7.48
2026-09-24 10:50:00,30.6,12.2,2.9,26,17.05,16.7,16.59,16.51,16.45,16.37,16.37,16.33,16.34,16.32,16.31,15.81,15.46,14.96,14.12,13.69,13.54,13.04,12.48,11.72,11.36,9.81,9.12,9.03,8.99,8.96,8.82,8.78,8.56,7.95,7.93,7.82,7.8,7.82,7.6,7.48,7.47,7.5,7.48
2026-09-24 11:00:00,30.6,12.4,3.7,27,17.11,16.79,16.64,16.58,16.45,16.37,16.39,16.35,16.32,16.23,16.11,15.78,15.56,14.85,14.02,13.6,13.44,13.34,12.54,11.93,11.43,9.82,9.18,9.05,8.98,8.97,8.84,8.78,8.4,7.93,7.89,7.82,7.79,7.81,7.5,7.47,7.49,7.5,7.49
2026-09-24 11:10:00,30.6,12.7,4.3,25,16.98,16.72,16.59,16.5,16.45,16.42,16.41,16.32,16.31,16.23,16.16,15.84,15.65,15.27,13.97,13.52,13.36,13.25,12.51,11.71,11.22,9.5,9.26,9.08,9,9,8.87,8.7,8.49,7.96,7.93,7.84,7.78,7.81,7.54,7.47,7.47,7.5,7.49
2026-09-24 11:20:00,30.6,13.2,4.3,25,17.06,16.74,16.54,16.5,16.45,16.39,16.39,16.31,16.26,16.22,16.17,15.97,15.81,15.35,14.08,13.52,13.3,13.21,12.58,12.04,11.32,9.71,9.36,9.09,9.04,8.98,8.9,8.73,8.5,7.97,7.91,7.84,7.78,7.8,7.58,7.47,7.47,7.5,7.49
2026-09-24 11:30:00,30.6,13.5,3.7,8,17.05,16.73,16.58,16.52,16.46,16.43,16.41,16.32,16.31,16.26,16.17,16.13,15.85,15.27,14.4,13.41,13.22,13.17,12.61,12.06,11.29,9.8,9.43,9.12,9.05,9.02,8.96,8.8,8.42,7.96,7.93,7.84,7.79,7.81,7.68,7.46,7.47,7.49,7.49
2026-09-24 11:40:00,30.6,13.6,3.5,30,16.99,16.76,16.66,16.54,16.47,16.44,16.4,16.31,16.32,16.29,16.25,16.21,15.9,15.64,14.26,13.61,13.19,13.14,12.67,12.08,11.38,10.05,9.51,9.21,9.07,9.07,8.99,8.82,8.4,7.95,7.92,7.84,7.79,7.8,7.71,7.47,7.47,7.5,7.49
2026-09-24 11:50:00,30.6,13.9,3.5,28,17.03,16.91,16.69,16.57,16.51,16.49,16.46,16.39,16.36,16.35,16.36,16.35,15.94,15.57,14.26,13.48,13.14,13.05,12.59,12.09,11.33,10.18,9.54,9.21,9.11,9.08,9.01,8.76,8.31,7.95,7.93,7.85,7.77,7.79,7.69,7.46,7.46,7.49,7.49
2026-09-24 12:00:00,30.6,14.4,3.5,19,17,16.75,16.71,16.64,16.58,16.56,16.57,16.5,16.48,16.45,16.44,16.38,15.91,15.59,14.42,13.56,13.13,13.03,12.73,12.14,11.46,10.26,9.61,9.27,9.15,9.1,9.03,8.7,8.2,7.94,7.94,7.79,7.78,7.78,7.72,7.48,7.48,7.49,7.48
2026-09-24 12:10:00,30.6,14.9,3.2,36,16.93,16.8,16.73,16.69,16.62,16.6,16.61,16.57,16.56,16.52,16.52,16.41,15.87,15.58,14.7,13.61,13.2,12.99,12.94,12.29,11.47,10.42,9.8,9.33,9.21,9.14,9.06,8.64,8.26,7.97,7.95,7.81,7.78,7.77,7.71,7.48,7.47,7.49,7.48
2026-09-24 12:20:00,30.6,15.1,3,27,17.02,16.84,16.77,16.76,16.71,16.69,16.7,16.64,16.63,16.58,16.57,16.51,16.03,15.51,14.56,13.7,13.07,12.95,12.91,12.13,11.44,10.43,9.7,9.35,9.21,9.13,9.08,8.69,8.43,7.96,7.96,7.8,7.76,7.74,7.69,7.52,7.47,7.49,7.48
2026-09-24 12:30:00,30.6,15.6,2.6,21,17.03,16.92,16.85,16.77,16.69,16.66,16.67,16.63,16.62,16.58,16.56,16.52,16.13,15.53,14.96,13.75,13.23,12.96,12.93,12.2,11.4,10.36,9.63,9.38,9.21,9.17,9.12,8.77,8.45,7.98,7.96,7.81,7.78,7.76,7.67,7.6,7.46,7.49,7.48
2026-09-24 12:40:00,30.6,16.1,2.7,12,17.16,16.95,16.91,16.88,16.71,16.66,16.66,16.58,16.58,16.56,16.53,16.48,16.2,15.56,15.11,13.84,13.26,12.97,12.92,12.19,11.4,10.47,9.58,9.4,9.24,9.21,9.17,8.96,8.67,8,7.97,7.79,7.75,7.73,7.64,7.52,7.47,7.49,7.48
2026-09-24 12:50:00,30.5,16.3,3.6,25,17.17,16.99,16.94,16.91,16.8,16.68,16.58,16.54,16.53,16.51,16.51,16.49,16.38,15.58,15.45,14.17,13.32,13,12.92,12.29,11.43,10.61,9.67,9.42,9.28,9.25,9.19,9.02,8.76,8.03,7.98,7.79,7.75,7.73,7.6,7.53,7.46,7.49,7.48
2026-09-24 13:00:00,30.5,16.6,2.7,30,17.18,17.06,17.01,16.93,16.83,16.65,16.55,16.5,16.5,16.46,16.45,16.43,16.39,15.85,15.5,14.23,13.45,13.02,12.91,12.38,11.43,10.87,10.19,9.52,9.41,9.3,9.23,9.09,8.94,8.04,7.99,7.81,7.74,7.73,7.64,7.52,7.46,7.49,7.48
2026-09-24 13:10:00,30.5,17.1,3.2,0,17.22,17.12,17.07,16.94,16.85,16.69,16.6,16.41,16.4,16.39,16.4,16.38,16.36,15.97,15.56,14.88,13.51,12.98,12.92,12.43,11.42,10.97,10.1,9.6,9.49,9.45,9.28,9.21,9.06,8.13,7.99,7.8,7.76,7.73,7.6,7.48,7.47,7.49,7.49
2026-09-24 13:20:00,30.5,17.6,2.4,12,17.29,17.2,17.03,16.96,16.88,16.77,16.58,16.38,16.34,16.31,16.32,16.31,16.29,16.17,15.55,15.41,13.65,13.08,12.9,12.67,11.45,11.01,10.37,9.63,9.53,9.5,9.33,9.27,9.09,8.18,7.98,7.8,7.78,7.73,7.58,7.5,7.48,7.5,7.49
2026-09-24 13:30:00,30.5,17.7,3.1,349,17.33,17.23,17.07,16.96,16.9,16.8,16.6,16.42,16.28,16.23,16.24,16.22,16.19,15.95,15.65,15.47,13.76,13.12,12.95,12.76,11.5,11.12,10.09,9.63,9.57,9.53,9.4,9.36,9.03,8.25,8.01,7.87,7.82,7.75,7.58,7.52,7.47,7.5,7.49
2026-09-24 13:40:00,30.5,18.3,2.4,344,17.37,17.21,17.16,16.96,16.89,16.82,16.62,16.42,16.3,16.17,16.17,16.12,16.09,15.86,15.7,15.61,14.15,13.03,12.99,12.77,11.5,11.06,10.12,9.65,9.63,9.6,9.45,9.34,9.13,8.19,7.99,7.9,7.87,7.78,7.52,7.47,7.48,7.5,7.49
2026-09-24 13:50:00,30.5,18.3,3.2,345,17.36,17.28,17.19,17,16.89,16.83,16.58,16.43,16.31,16.21,16.19,16.17,15.93,15.76,15.71,15.58,14.45,13.16,13.01,12.81,12.37,11.18,10.31,9.77,9.67,9.68,9.54,9.37,9.22,8.28,8,7.94,7.91,7.75,7.49,7.48,7.48,7.51,7.5
2026-09-24 14:00:00,30.5,18.8,2.5,348,17.43,17.26,17.22,17.08,16.9,16.82,16.59,16.41,16.32,16.23,16.17,16.12,15.85,15.74,15.6,15.47,14.97,13.17,13.05,12.89,12.55,11.33,10.66,9.95,9.71,9.73,9.58,9.44,9.26,8.5,8.03,7.98,7.85,7.8,7.5,7.48,7.49,7.51,7.5
2026-09-24 14:10:00,30.5,18.7,3.3,350,17.43,17.32,17.19,17,16.91,16.81,16.56,16.42,16.32,16.27,16.14,16.11,15.87,15.76,15.7,15.49,15.11,13.37,13.08,12.99,12.65,11.28,10.5,9.94,9.76,9.78,9.62,9.45,9.32,8.55,8.07,7.98,7.79,7.54,7.48,7.48,7.48,7.51,7.5
2026-09-24 14:20:00,30.5,19,2.4,356,17.47,17.32,17.22,16.97,16.9,16.79,16.59,16.42,16.34,16.28,16.16,15.97,15.86,15.72,15.72,15.66,15.23,13.32,13.18,12.82,12.14,11.35,11.04,10.11,9.84,9.84,9.68,9.49,9.36,8.85,8.09,7.97,7.85,7.63,7.5,7.48,7.48,7.51,7.5
2026-09-24 14:30:00,30.5,19.4,2.3,340,17.48,17.37,17.29,17.04,16.9,16.83,16.6,16.45,16.36,16.27,16.2,15.93,15.77,15.77,15.78,15.65,15.4,13.5,13.18,12.77,11.73,11.14,10.6,10.07,9.89,9.83,9.63,9.41,9.39,9.01,8.14,8.02,7.81,7.64,7.51,7.5,7.5,7.5,7.49
2026-09-24 14:40:00,30.5,19.7,2.6,351,17.49,17.4,17.24,16.98,16.87,16.74,16.62,16.47,16.4,16.27,16.24,15.84,15.81,15.79,15.65,15.56,15.52,14.65,13.33,12.9,11.78,11.25,10.82,10.17,9.97,9.78,9.51,9.43,9.29,9.04,8.32,8.1,7.94,7.61,7.52,7.51,7.5,7.52,7.49
2026-09-24 14:50:00,30.5,19.5,2.7,349,17.54,17.42,17.26,16.97,16.86,16.8,16.67,16.54,16.47,16.31,16.15,15.83,15.81,15.7,15.56,15.45,15.39,14.16,13.1,12.92,11.98,11.34,10.91,10.33,10.05,9.85,9.64,9.5,9.4,9.05,8.44,8.14,7.97,7.61,7.53,7.53,7.52,7.5,7.49
2026-09-24 15:00:00,30.5,20,2.1,350,17.56,17.46,17.25,17,16.89,16.82,16.66,16.58,16.46,16.31,16.22,15.9,15.78,15.67,15.48,15.42,15.38,14.02,13.13,13,12.25,11.42,10.99,10.35,10.11,9.92,9.68,9.51,9.41,8.86,8.46,8.23,7.87,7.6,7.54,7.52,7.49,7.5,7.49
2026-09-24 15:10:00,30.5,20.2,1.6,327,17.57,17.43,17.21,16.99,16.89,16.82,16.72,16.56,16.46,16.31,16.27,16.08,15.82,15.72,15.52,15.3,15.26,14.16,13.17,13.01,12.26,11.38,10.99,10.32,10.13,9.87,9.69,9.5,9.4,8.84,8.45,8.06,7.73,7.59,7.55,7.53,7.5,7.51,7.49
2026-09-24 15:20:00,30.5,20.5,1.5,347,17.61,17.48,17.23,17,16.9,16.81,16.75,16.66,16.56,16.36,16.29,16.03,15.83,15.7,15.48,15.22,15.18,14.6,13.29,13.05,12.27,11.38,11,10.33,10.05,9.81,9.68,9.56,9.33,8.67,8.47,8.09,7.67,7.61,7.55,7.55,7.5,7.52,7.47
2026-09-24 15:30:00,30.5,20.4,1.7,322,17.59,17.47,17.26,17.02,16.94,16.86,16.82,16.71,16.62,16.41,16.29,16.06,15.81,15.8,15.56,15.22,15.12,13.98,13.26,13.1,12.79,11.52,11.04,10.34,10.01,9.81,9.63,9.43,9.22,8.58,8.44,8.09,7.61,7.6,7.56,7.55,7.47,7.48,7.47
2026-09-24 15:40:00,30.5,21,1.1,323,17.62,17.42,17.23,17.01,16.93,16.86,16.82,16.7,16.57,16.34,16.27,16.08,15.85,15.75,15.61,15.23,15.04,14.61,13.25,13.05,12.76,11.53,11.17,10.39,10.07,9.82,9.64,9.42,9.07,8.56,8.43,8.13,7.69,7.62,7.56,7.56,7.56,7.48,7.47
2026-09-24 15:50:00,30.5,21.2,1.7,353,17.6,17.44,17.23,17.02,16.93,16.88,16.84,16.65,16.58,16.34,16.26,16.12,16,15.73,15.7,15.4,14.98,14.54,13.25,13.18,12.49,11.5,11.04,10.39,10.05,9.82,9.61,9.44,9.12,8.58,8.41,8.29,7.76,7.63,7.57,7.56,7.54,7.51,7.48
2026-09-24 16:00:00,30.5,20.8,1.8,348,17.63,17.44,17.21,17.03,16.95,16.89,16.79,16.7,16.6,16.4,16.27,16.21,16.04,15.79,15.69,15.59,14.95,14.42,13.46,13.26,12.65,11.53,11.15,10.4,9.98,9.76,9.61,9.4,9.05,8.56,8.42,8.3,7.76,7.62,7.57,7.55,7.49,7.5,7.49
2026-09-24 16:10:00,30.5,21,1.7,329,17.66,17.48,17.25,17.04,16.96,16.9,16.85,16.77,16.7,16.57,16.33,16.24,16.18,15.89,15.65,15.51,14.86,14.37,13.53,13.22,12.64,11.6,11.21,10.44,10.02,9.78,9.6,9.4,8.95,8.54,8.42,8.35,7.84,7.61,7.57,7.56,7.53,7.51,7.5
2026-09-24 16:20:00,30.5,20.7,2.1,326,17.67,17.54,17.31,17.08,16.97,16.93,16.89,16.79,16.73,16.6,16.32,16.21,16.15,15.98,15.58,15.41,14.79,14.2,13.52,13.23,12.77,11.92,11.27,10.5,10,9.82,9.6,9.37,8.95,8.53,8.41,8.31,7.83,7.64,7.57,7.53,7.51,7.52,7.5
2026-09-24 16:30:00,30.5,20.8,1.9,326,17.73,17.56,17.36,17.16,17.01,16.95,16.91,16.83,16.74,16.59,16.36,16.29,16.13,15.97,15.53,15.3,14.37,14.13,13.5,13.26,12.87,11.97,11.31,10.54,9.98,9.81,9.59,9.39,8.98,8.55,8.41,8.28,7.93,7.66,7.6,7.57,7.51,7.52,7.51
2026-09-24 16:40:00,30.5,20.9,2,326,17.73,17.59,17.37,17.21,17.02,16.96,16.92,16.84,16.69,16.61,16.47,16.29,15.99,15.98,15.49,15.29,15.03,14.17,13.65,13.34,13.03,12.17,11.36,10.52,9.95,9.81,9.5,9.24,9.06,8.56,8.42,8.26,7.89,7.64,7.59,7.55,7.52,7.53,7.52
2026-09-24 16:50:00,30.5,20.4,2.9,323,17.74,17.59,17.37,17.17,17.01,16.95,16.92,16.8,16.77,16.7,16.65,16.32,15.99,15.91,15.36,15.3,15.17,14.05,13.58,13.31,13.05,12.16,11.31,10.53,9.96,9.82,9.48,9.28,9.07,8.56,8.44,8.3,8.1,7.66,7.62,7.56,7.51,7.53,7.53
2026-09-24 17:00:00,30.4,20.7,2.1,324,17.78,17.66,17.34,17.18,17,16.96,16.91,16.85,16.83,16.73,16.38,16.27,16.01,15.92,15.77,15.3,15.13,14.08,13.59,13.25,13.02,11.94,11.26,10.45,9.94,9.8,9.54,9.32,9.13,8.62,8.46,8.31,8.15,7.69,7.6,7.57,7.54,7.54,7.53
2026-09-24 17:10:00,30.4,20.7,2.5,325,17.74,17.61,17.32,17.15,17.02,16.97,16.93,16.89,16.85,16.77,16.55,16.2,16.09,15.98,15.86,15.35,15.21,14.05,13.53,13.21,13.07,12.02,11.31,10.47,9.97,9.82,9.59,9.33,9.21,8.67,8.46,8.35,8.16,7.79,7.6,7.53,7.54,7.56,7.54
2026-09-24 17:20:00,30.4,20.4,2.7,328,17.65,17.49,17.32,17.2,17.02,16.96,16.95,16.88,16.85,16.71,16.39,16.19,16.1,16.01,15.9,15.38,15.19,14.3,13.57,13.24,13.15,12.39,11.44,10.59,10.04,9.81,9.62,9.38,9.29,8.75,8.54,8.4,8.26,7.76,7.61,7.56,7.53,7.56,7.55
2026-09-24 17:30:00,30.4,20.4,2.8,324,17.62,17.51,17.32,17.13,17.01,16.97,16.95,16.9,16.86,16.7,16.39,16.24,16.1,16.04,15.91,15.36,15.08,14.15,13.48,13.2,13.1,12.36,11.41,10.59,10.03,9.73,9.54,9.39,9.25,8.78,8.56,8.41,8.28,7.81,7.62,7.59,7.53,7.56,7.55
2026-09-24 17:40:00,30.4,20.4,2.2,322,17.63,17.48,17.28,17.11,17.02,16.98,16.97,16.91,16.79,16.64,16.4,16.24,16.13,16.01,15.92,15.66,15.21,14.25,13.55,13.2,13.08,12.35,11.38,10.59,10.06,9.8,9.5,9.42,9.25,8.84,8.6,8.44,8.31,8.02,7.6,7.59,7.54,7.57,7.56
2026-09-24 17:50:00,30.4,20.2,2,321,17.65,17.51,17.24,17.09,17.01,16.97,16.97,16.91,16.84,16.59,16.41,16.25,16.11,16.05,15.97,15.71,15.26,14.52,13.67,13.21,13.1,12.49,11.35,10.48,10.07,9.76,9.51,9.41,9.25,8.89,8.63,8.45,8.28,7.9,7.62,7.6,7.55,7.57,7.56
2026-09-24 18:00:00,30.4,19.8,2.4,330,17.61,17.47,17.22,17.08,17.02,16.99,16.99,16.91,16.77,16.42,16.41,16.37,16.11,16.04,15.95,15.66,15.29,14.63,13.73,13.16,13.09,12.66,11.37,10.45,10.01,9.67,9.56,9.43,9.25,8.94,8.63,8.48,8.38,7.97,7.62,7.6,7.55,7.57,7.56
2026-09-24 18:10:00,30.4,19.3,2.2,325,17.61,17.51,17.23,17.08,17.01,16.99,16.99,16.91,16.79,16.46,16.42,16.36,16.14,16.07,15.9,15.81,15.36,15.17,13.78,13.22,13.1,12.71,11.41,10.54,9.93,9.69,9.5,9.35,9.27,9.07,8.58,8.51,8.34,7.91,7.62,7.58,7.55,7.59,7.57
2026-09-24 18:20:00,30.4,18.7,2.3,310,17.54,17.32,17.13,17.06,17.01,17,16.99,16.88,16.78,16.43,16.41,16.22,16.13,16.06,15.96,15.9,15.38,15.11,13.88,13.24,13.1,12.7,11.51,10.57,10.06,9.7,9.51,9.37,9.29,8.98,8.61,8.53,8.32,7.75,7.64,7.63,7.58,7.58,7.57
2026-09-24 18:30:00,30.4,17.9,2.4,303,17.53,17.28,17.1,17.06,17.03,17.01,16.99,16.93,16.84,16.66,16.43,16.3,16.12,16.1,16,15.86,15.41,14.97,13.87,13.24,13.11,12.84,11.56,10.77,10.16,9.7,9.51,9.35,9.31,9.01,8.62,8.53,8.28,7.69,7.63,7.63,7.57,7.58,7.57
2026-09-24 18:40:00,30.4,17.2,2.5,301,17.5,17.28,17.1,17.07,17.04,17.03,17.01,16.91,16.85,16.46,16.44,16.29,16.12,16.12,16,15.6,15.4,14.96,13.91,13.28,13.11,12.86,11.65,10.84,10.2,9.72,9.53,9.41,9.34,8.79,8.61,8.52,8.19,7.7,7.65,7.64,7.58,7.59,7.57
2026-09-24 18:50:00,30.4,16.6,2,297,17.46,17.22,17.09,17.09,17.05,17.04,17.05,16.96,16.86,16.56,16.46,16.41,16.27,16.1,16.01,15.88,15.49,15.07,13.87,13.38,13.11,12.7,11.64,10.85,10.25,9.74,9.55,9.42,9.35,8.88,8.64,8.51,8.14,7.71,7.67,7.64,7.58,7.62,7.58
2026-09-24 19:00:00,30.4,16.3,2.5,304,17.43,17.19,17.11,17.1,17.07,17.06,17.05,16.93,16.82,16.52,16.47,16.38,16.22,16.14,16.03,15.85,15.52,15.23,13.86,13.28,13.11,12.67,11.62,10.85,10.24,9.79,9.61,9.49,9.38,8.89,8.66,8.51,7.93,7.71,7.67,7.65,7.61,7.6,7.58
2026-09-24 19:10:00,30.4,16.1,3.2,316,17.39,17.13,17.11,17.11,17.08,17.06,17,16.85,16.68,16.49,16.47,16.39,16.17,16.08,16.03,15.9,15.49,15.28,13.87,13.45,13.11,12.96,11.89,10.91,10.37,9.98,9.67,9.56,9.38,8.9,8.63,8.46,7.91,7.73,7.69,7.68,7.61,7.61,7.58
2026-09-24 19:20:00,30.4,16.1,3.4,308,17.34,17.12,17.13,17.12,17.09,17.03,16.96,16.81,16.67,16.48,16.45,16.41,16.17,16.14,16.01,15.91,15.49,15.28,13.83,13.5,13.13,13.02,11.83,10.91,10.36,9.9,9.75,9.53,9.37,8.92,8.64,8.45,7.84,7.75,7.7,7.69,7.67,7.61,7.6
2026-09-24 19:30:00,30.4,16.1,3.4,308,17.27,17.22,17.18,17.13,17.08,17,16.94,16.82,16.73,16.49,16.46,16.4,16.19,16.08,16.02,15.95,15.52,15.35,13.94,13.56,13.15,13.04,11.85,11.15,10.38,10.04,9.78,9.53,9.39,8.97,8.64,8.39,7.86,7.74,7.71,7.7,7.69,7.65,7.6
2026-09-24 19:40:00,30.4,15.9,3.8,303,17.25,17.23,17.23,17.17,17.09,17.04,17,16.88,16.66,16.46,16.46,16.33,16.2,16.17,16.09,15.95,15.55,15.34,13.89,13.53,13.15,12.97,11.79,10.91,10.41,10.02,9.8,9.51,9.37,9,8.61,8.37,7.87,7.74,7.71,7.69,7.62,7.62,7.61
2026-09-24 19:50:00,30.4,15.6,3.7,306,17.22,17.22,17.2,17.19,17.13,17.05,17.03,16.92,16.74,16.5,16.47,16.42,16.2,16.19,16.1,15.98,15.61,15.36,13.95,13.53,13.1,12.9,11.74,10.87,10.39,10,9.8,9.57,9.39,9.05,8.69,8.33,7.85,7.75,7.7,7.69,7.68,7.63,7.61
2026-09-24 20:00:00,30.4,15.5,4.1,305,17.18,17.17,17.2,17.2,17.13,17.09,17.06,16.92,16.71,16.49,16.47,16.38,16.24,16.22,16.15,15.99,15.62,15.38,14.13,13.53,13.14,12.96,11.72,10.87,10.39,9.97,9.82,9.51,9.4,9.08,8.63,8.34,7.85,7.75,7.7,7.7,7.67,7.64,7.62
2026-09-24 20:10:00,30.4,15.3,4.3,309,17.19,17.18,17.22,17.22,17.17,17.1,17.04,16.89,16.62,16.47,16.48,16.33,16.24,16.24,16.18,16,15.62,15.44,14.29,13.52,13.17,13.05,12.06,11.38,10.42,9.97,9.82,9.52,9.43,9.09,8.65,8.39,7.87,7.76,7.71,7.7,7.65,7.65,7.62
2026-09-24 20:20:00,30.4,15.1,5,309,17.16,17.17,17.2,17.2,17.17,17.14,17.08,16.95,16.83,16.53,16.48,16.46,16.27,16.28,16.2,16.06,15.71,15.47,14.07,13.49,13.16,13.07,12,11.3,10.44,10.02,9.84,9.56,9.42,9.07,8.69,8.31,7.92,7.77,7.71,7.7,7.68,7.66,7.63
2026-09-24 20:30:00,30.4,15,5.4,314,17.16,17.16,17.19,17.19,17.15,17.12,17.08,16.93,16.77,16.49,16.49,16.38,16.32,16.31,16.16,16.01,15.77,15.43,14.42,13.49,13.18,13.09,12.5,11.59,10.45,10.11,9.85,9.7,9.46,9.18,8.72,8.25,7.8,7.77,7.72,7.72,7.71,7.68,7.64
2026-09-24 20:40:00,30.4,14.8,5.1,314,17.15,17.15,17.17,17.17,17.13,17.1,17.08,16.97,16.9,16.59,16.5,16.39,16.32,16.31,16.16,16.03,15.65,15.43,14.64,13.49,13.18,13.12,12.61,11.57,10.48,9.99,9.86,9.75,9.49,9.16,8.76,8.21,7.86,7.78,7.74,7.73,7.72,7.68,7.65
2026-09-24 20:50:00,30.4,14.8,5.4,315,17.13,17.13,17.16,17.16,17.12,17.11,17.1,17,16.9,16.61,16.5,16.41,16.35,16.3,16.17,16,15.71,15.48,14.57,13.62,13.21,13.14,13.1,11.68,10.68,10.27,9.87,9.76,9.52,9.19,8.83,8.28,7.89,7.81,7.75,7.74,7.7,7.67,7.65
2026-09-24 21:00:00,30.4,14.6,5.1,315,17.12,17.11,17.14,17.15,17.12,17.12,17.12,17.01,16.96,16.71,16.52,16.47,16.42,16.37,16.16,15.97,15.61,15.4,14.37,13.69,13.22,13.13,13.08,11.63,10.62,10.37,9.86,9.8,9.55,9.27,8.79,8.27,7.81,7.81,7.75,7.75,7.73,7.69,7.68
2026-09-24 21:10:00,30.4,14.6,5.1,310,17.1,17.11,17.14,17.14,17.11,17.09,17.11,17.04,16.86,16.74,16.58,16.51,16.45,16.43,16.24,16.03,15.68,15.44,14.11,13.77,13.22,13.16,13.15,11.77,10.81,10.41,9.88,9.79,9.57,9.24,8.88,8.39,7.88,7.81,7.77,7.76,7.73,7.7,7.68
2026-09-24 21:20:00,30.4,14.4,4.9,309,17.08,17.08,17.12,17.11,17.08,17.07,17.05,17,16.97,16.86,16.64,16.54,16.5,16.46,16.32,16.08,15.92,15.57,14.39,13.74,13.28,13.18,13.16,11.89,11.03,10.51,9.89,9.84,9.58,9.29,8.91,8.34,7.91,7.82,7.77,7.75,7.71,7.7,7.68
2026-09-24 21:30:00,30.4,14.4,5,307,17.09,17.09,17.12,17.12,17.09,17.06,17.06,17,16.89,16.66,16.59,16.53,16.45,16.41,16.35,16.12,15.97,15.69,14.21,13.71,13.27,13.2,13.14,11.87,11.07,10.43,9.9,9.85,9.59,9.27,8.94,8.27,7.86,7.84,7.79,7.76,7.69,7.71,7.69
2026-09-24 21:40:00,30.4,14.2,4.5,314,17.08,17.08,17.11,17.11,17.09,17.08,17.1,17.04,16.89,16.61,16.59,16.51,16.44,16.42,16.33,16.14,15.99,15.78,14.01,13.6,13.28,13.21,13.13,12.37,11.28,10.52,9.91,9.84,9.59,9.29,8.99,8.33,7.97,7.85,7.78,7.76,7.72,7.71,7.69
2026-09-24 21:50:00,30.4,14,3.5,340,17.09,17.09,17.11,17.11,17.08,17.06,17.04,16.97,16.86,16.67,16.6,16.54,16.48,16.4,16.33,16.12,16.03,15.82,14.59,13.64,13.33,13.21,13.14,12.18,11.32,10.54,9.92,9.79,9.61,9.28,9.03,8.39,7.96,7.86,7.81,7.78,7.72,7.72,7.7
2026-09-24 22:00:00,30.4,14,4.2,324,17.08,17.07,17.11,17.11,17.08,17.07,17.08,17.01,16.88,16.67,16.63,16.58,16.51,16.47,16.39,16.19,16.06,15.72,14.39,13.59,13.32,13.23,13.16,12.99,11.59,10.61,9.93,9.79,9.65,9.34,9.16,8.47,8.09,7.86,7.8,7.8,7.78,7.73,7.71
2026-09-24 22:10:00,30.4,14,3.2,332,17.06,17.07,17.11,17.1,17.06,17.04,17.07,16.98,16.88,16.66,16.63,16.58,16.55,16.55,16.39,16.25,16.06,15.77,14.24,13.57,13.33,13.24,13.17,13.02,11.53,10.67,9.95,9.73,9.69,9.38,9.21,8.47,7.96,7.89,7.84,7.81,7.72,7.72,7.71
2026-09-24 22:20:00,30.4,14,3.1,337,17.09,17.09,17.12,17.11,17.08,17.07,17.07,16.89,16.67,16.62,16.61,16.57,16.39,16.38,16.31,16.1,16.05,15.81,15.06,13.85,13.44,13.31,13.25,12.95,11.43,10.56,9.96,9.71,9.73,9.4,9.18,8.38,7.91,7.89,7.85,7.8,7.73,7.75,7.72
2026-09-24 22:30:00,30.4,14,3.1,335,17.08,17.08,17.11,17.11,17.09,17.09,17.1,17.03,16.98,16.79,16.65,16.62,16.59,16.36,16.22,16.07,15.89,15.74,15.1,14.21,13.58,13.35,13.26,12.49,11.58,10.69,9.98,9.74,9.76,9.46,9.2,8.41,7.93,7.89,7.85,7.82,7.74,7.74,7.73
2026-09-24 22:40:00,30.4,14,3.4,329,17.08,17.08,17.11,17.11,17.08,17.08,17.08,17,16.86,16.66,16.63,16.59,16.58,16.33,16.27,16.07,16,15.61,15.12,14.37,13.67,13.43,13.38,12.27,11.58,10.66,9.99,9.8,9.77,9.52,9.3,8.46,7.91,7.92,7.85,7.83,7.8,7.77,7.74
2026-09-24 22:50:00,30.4,13.8,2.9,334,17.06,17.07,17.1,17.1,17.07,17.06,17.07,16.96,16.83,16.66,16.63,16.6,16.58,16.5,16.28,16.15,16.01,15.66,15.1,14.36,13.78,13.49,13.39,12.48,11.54,10.73,10,9.8,9.8,9.55,9.27,8.4,7.93,7.91,7.87,7.8,7.77,7.77,7.75
2026-09-24 23:00:00,30.4,13.9,3.1,330,17.07,17.08,17.1,17.1,17.07,17.05,17.07,17.02,16.95,16.7,16.66,16.61,16.6,16.59,16.26,16.16,15.95,15.58,15.26,14.48,13.7,13.49,13.4,12.72,11.67,10.78,10.02,9.8,9.81,9.57,9.29,8.37,7.95,7.95,7.87,7.85,7.79,7.77,7.75
2026-09-24 23:10:00,30.4,13.9,3.1,330,17.07,17.06,17.1,17.1,17.07,17.06,17.06,16.96,16.84,16.67,16.65,16.6,16.58,16.35,16.27,16.17,15.92,15.53,15.4,14.58,13.71,13.48,13.31,12.37,11.68,10.87,10.04,9.82,9.83,9.61,9.34,8.54,7.96,7.95,7.87,7.83,7.78,7.78,7.76
2026-09-24 23:20:00,30.4,13.9,2.8,331,17.04,17.05,17.08,17.08,17.06,17.05,17.07,17.01,16.83,16.68,16.66,16.61,16.55,16.39,16.28,16.22,16.02,15.6,15.45,14.41,13.79,13.5,13.31,12.83,11.7,10.9,10.07,9.85,9.86,9.66,9.36,8.46,8.01,8,7.92,7.86,7.84,7.82,7.78
2026-09-24 23:30:00,30.4,13.9,3.1,324,17.04,17.04,17.07,17.07,17.04,17.03,17.04,16.97,16.94,16.7,16.69,16.6,16.59,16.46,16.31,16.23,16.05,15.6,15.45,14.58,13.82,13.49,13.29,12.62,11.71,10.95,10.08,9.91,9.88,9.68,9.31,8.32,8.03,7.99,7.94,7.86,7.81,7.83,7.78
2026-09-24 23:40:00,30.4,14,4.1,322,17.03,17.03,17.06,17.06,17.03,17.03,17.02,16.94,16.87,16.71,16.65,16.61,16.59,16.36,16.3,16.27,16.17,15.72,15.49,14.41,13.75,13.49,13.24,12.36,11.69,10.91,10.1,9.91,9.89,9.73,9.29,8.38,8.05,8.02,7.9,7.88,7.85,7.86,7.79
2026-09-24 23:50:00,30.4,14,3.4,303,17.03,17.03,17.06,17.06,17.02,16.99,16.99,16.87,16.73,16.67,16.64,16.59,16.55,16.39,16.35,16.33,16.21,15.72,15.49,14.48,13.78,13.49,13.26,12.41,11.68,11,10.14,9.95,9.9,9.81,9.42,8.46,8.11,8.02,7.98,7.9,7.84,7.83,7.81
2026-09-25,30.4,13.7,3.5,317,17.03,17.03,17.06,17.06,17.03,17.01,16.99,16.82,16.71,16.64,16.62,16.59,16.46,16.41,16.38,16.36,16.21,15.72,15.5,14.49,13.82,13.53,13.25,12.86,11.68,11.13,10.36,10.11,9.93,9.8,9.46,8.54,8.09,8.07,7.96,7.92,7.85,7.84,7.82
2026-09-25 00:10:00,30.4,13.5,4,311,17.02,17.01,17.05,17.05,17.03,17.02,17,16.92,16.79,16.7,16.66,16.61,16.48,16.45,16.42,16.35,16.21,15.82,15.49,14.48,13.84,13.53,13.29,12.8,11.68,11.15,10.52,10.14,9.96,9.86,9.5,8.56,8.16,8.07,7.96,7.93,7.86,7.84,7.82
2026-09-25 00:20:00,30.4,13.3,3.2,323,17.02,17.01,17.05,17.05,17.02,17.01,17.01,16.88,16.8,16.65,16.62,16.6,16.48,16.44,16.43,16.35,15.97,15.77,14.93,14.41,13.76,13.54,13.39,12.99,11.73,11.48,10.92,10.16,10.09,9.89,9.58,8.68,8.18,8.08,7.98,7.95,7.84,7.84,7.83
2026-09-25 00:30:00,30.4,13.3,3.2,324,16.99,16.99,17.03,17.03,16.99,16.99,17,16.95,16.92,16.84,16.73,16.66,16.45,16.43,16.42,16.09,15.9,15.74,14.86,14.32,13.89,13.62,13.47,13.02,11.79,11.67,10.95,10.17,10.19,9.9,9.56,8.56,8.15,8.06,7.95,7.94,7.83,7.84,7.84
2026-09-25 00:40:00,30.4,13.3,2.6,324,16.99,16.98,17.02,17.03,17,16.99,17.01,16.96,16.95,16.91,16.88,16.73,16.68,16.46,16.45,16.23,15.85,15.73,14.94,14.27,14.01,13.65,13.51,13,11.79,11.6,10.97,10.21,10.19,9.93,9.73,8.36,8.14,8.05,7.96,7.94,7.83,7.84,7.83
2026-09-25 00:50:00,30.4,13.3,2.6,309,16.98,16.98,17.02,17.02,16.99,16.99,17,16.95,16.95,16.9,16.81,16.69,16.53,16.49,16.48,16.06,15.78,15.74,14.57,14.18,13.97,13.62,13.54,13.04,12.02,11.72,11.12,10.47,10.23,9.97,9.77,8.7,8.16,8.11,8,7.97,7.87,7.84,7.82
2026-09-25 01:00:00,30.4,13.3,2.8,326,16.98,16.97,17,17,16.98,16.98,16.99,16.96,16.96,16.91,16.85,16.68,16.57,16.55,16.51,16.4,15.84,15.71,14.68,14.2,13.93,13.7,13.55,13,12.1,11.75,11.15,10.58,10.26,10.03,9.98,9.17,8.18,8.12,8.01,7.97,7.83,7.85,7.82
2026-09-25 01:10:00,30.4,13.3,2.8,310,16.97,16.97,17,17,16.98,16.98,16.99,16.95,16.96,16.93,16.92,16.86,16.67,16.56,16.54,16.48,15.97,15.75,15.06,14.23,13.92,13.75,13.53,12.92,11.86,11.64,11.13,10.75,10.27,10.06,9.96,9.09,8.25,8.16,8.01,7.97,7.86,7.86,7.81
2026-09-25 01:20:00,30.4,13.1,2.9,315,16.96,16.97,17,17.01,16.99,16.97,16.99,16.95,16.95,16.93,16.91,16.82,16.68,16.58,16.56,16.49,15.96,15.8,15.03,14.29,13.82,13.73,13.57,13.09,12.05,11.64,11.21,10.88,10.29,10.14,9.89,9.38,8.27,8.16,8.02,7.98,7.88,7.87,7.79
2026-09-25 01:30:00,30.4,12.7,2.6,317,16.97,16.97,17,17,16.97,16.96,16.98,16.93,16.93,16.9,16.9,16.78,16.68,16.59,16.58,16.39,15.98,15.74,15.08,14.32,13.89,13.72,13.69,13.36,12.72,11.63,11.2,10.77,10.32,10.1,9.95,8.55,8.23,8.18,8.07,8.02,7.87,7.83,7.78
2026-09-25 01:40:00,30.4,12.5,2.2,322,16.96,16.96,16.99,16.99,16.96,16.96,16.97,16.93,16.93,16.9,16.81,16.72,16.63,16.62,16.56,16.34,15.96,15.77,14.97,14.24,13.94,13.75,13.7,13.52,12.91,11.8,11.25,10.94,10.36,10.1,9.86,8.83,8.3,8.21,8.14,8.02,7.88,7.82,7.77
2026-09-25 01:50:00,30.4,12.5,2.2,328,16.95,16.95,16.98,16.98,16.95,16.94,16.96,16.9,16.89,16.87,16.86,16.77,16.71,16.64,16.58,16.48,16.01,15.18,15.09,14.32,13.92,13.73,13.68,13.35,12.85,11.88,11.27,11.04,10.52,10.12,9.93,9.16,8.33,8.21,8.12,8.04,7.89,7.81,7.77
2026-09-25 02:00:00,30.4,12.5,1.9,335,16.94,16.94,16.97,16.97,16.94,16.94,16.95,16.91,16.91,16.89,16.91,16.79,16.7,16.67,16.59,16.52,15.95,15.26,15.21,14.24,13.91,13.73,13.68,13.54,12.9,11.92,11.35,11.13,10.83,10.14,9.97,8.97,8.32,8.21,8.12,8.06,7.89,7.79,7.77
2026-09-25 02:10:00,30.4,12.5,1.1,350,16.95,16.94,16.97,16.97,16.95,16.94,16.96,16.92,16.92,16.9,16.83,16.79,16.73,16.7,16.62,16.28,15.84,15.3,15.3,14.4,13.91,13.73,13.7,13.59,12.94,12.33,11.43,11.18,10.81,10.18,9.99,9.23,8.36,8.24,8.13,8.09,7.9,7.81,7.77
2026-09-25 02:20:00,30.4,12.5,1.8,344,16.95,16.95,16.98,16.98,16.96,16.95,16.96,16.92,16.92,16.89,16.88,16.79,16.74,16.71,16.6,16.08,15.4,15.39,15.38,14.68,14.03,13.75,13.7,13.61,12.93,12.29,11.6,11.27,10.93,10.2,9.99,9.23,8.34,8.22,8.15,8.1,7.93,7.8,7.78
2026-09-25 02:30:00,30.4,12.5,1.9,353,16.95,16.95,16.98,16.98,16.95,16.95,16.96,16.93,16.93,16.89,16.86,16.77,16.72,16.65,16.31,16.1,15.49,15.46,15.47,14.95,14.16,13.78,13.7,13.61,12.94,12.61,11.79,11.35,11.11,10.24,10.04,9.34,8.42,8.25,8.17,8.1,7.95,7.81,7.79
2026-09-25 02:40:00,30.4,12.5,2.1,357,16.93,16.94,16.97,16.97,16.94,16.94,16.95,16.91,16.92,16.9,16.86,16.78,16.74,16.66,16.24,16.02,15.63,15.59,15.48,14.64,14.18,13.92,13.68,13.6,12.91,12.76,11.84,11.39,11.13,10.27,10.12,9.47,8.49,8.3,8.17,8.1,7.99,7.82,7.8
2026-09-25 02:50:00,30.4,12.5,2.3,9,16.94,16.93,16.96,16.96,16.94,16.93,16.95,16.91,16.92,16.9,16.93,16.9,16.82,16.67,16.16,15.99,15.7,15.65,15.51,14.62,14.16,13.78,13.68,13.6,12.93,12.77,11.89,11.44,11.29,10.35,10.14,9.72,8.5,8.32,8.18,8.12,8.02,7.84,7.8
2026-09-25 03:00:00,30.4,12.5,2.6,6,16.99,16.99,17.01,17,16.96,16.95,16.96,16.92,16.94,16.9,16.88,16.84,16.78,16.58,16.21,15.88,15.73,15.7,15.54,14.47,14.17,13.79,13.69,13.61,12.98,12.8,11.95,11.5,11.35,10.41,10.16,9.81,8.57,8.33,8.22,8.18,8.03,7.85,7.81
2026-09-25 03:10:00,30.4,12.5,3.3,22,16.99,16.99,17.02,17.02,16.98,16.97,16.98,16.92,16.89,16.87,16.86,16.78,16.64,16.35,16.15,15.85,15.78,15.74,15.59,14.74,14.22,13.87,13.69,13.61,13.04,12.83,11.97,11.54,11.4,10.46,10.19,9.86,8.69,8.36,8.26,8.19,8.02,7.87,7.82
2026-09-25 03:20:00,30.4,12.5,3.9,13,16.99,17,17.03,17.03,17,16.97,16.97,16.91,16.91,16.88,16.84,16.76,16.51,16.29,16.07,15.87,15.83,15.8,15.7,14.86,14.26,13.94,13.7,13.62,13.22,12.88,11.98,11.58,11.34,10.5,10.26,9.87,8.65,8.36,8.24,8.18,8.08,7.99,7.84
2026-09-25 03:30:00,30.4,12.4,4.6,4,16.99,16.99,17.02,17.02,16.99,16.97,16.96,16.91,16.91,16.87,16.85,16.77,16.41,16.29,16.07,15.91,15.88,15.85,15.81,15.18,14.42,13.91,13.7,13.63,13.49,12.93,12.08,11.62,11.3,10.52,10.27,9.9,8.66,8.37,8.29,8.19,8.09,7.92,7.84
2026-09-25 03:40:00,30.4,12.4,4.9,359,16.98,16.98,17.01,17.02,16.99,16.98,17,16.94,16.91,16.86,16.84,16.77,16.49,16.33,16.13,15.98,15.94,15.89,15.65,14.82,14.24,13.92,13.73,13.62,13.55,12.96,12.24,11.67,11.45,10.57,10.24,9.87,8.64,8.38,8.3,8.2,8.11,7.93,7.84
2026-09-25 03:50:00,30.4,12.2,4.1,346,16.97,16.97,17,17.01,16.98,16.98,16.98,16.94,16.91,16.86,16.85,16.79,16.47,16.4,16.12,15.99,15.98,15.93,15.81,14.81,14.33,14.03,13.81,13.64,13.56,13,12.31,11.71,11.4,10.56,10.2,9.81,8.64,8.39,8.31,8.2,8.08,7.91,7.85
2026-09-25 04:00:00,30.4,12,4.1,352,16.96,16.96,16.99,16.99,16.96,16.96,16.98,16.94,16.92,16.85,16.84,16.73,16.48,16.44,16.33,16.03,15.99,15.95,15.42,14.47,14.35,14.14,13.85,13.65,13.56,13.07,12.77,11.9,11.55,10.58,10.12,9.48,8.45,8.4,8.34,8.19,8.13,7.98,7.86
2026-09-25 04:10:00,30.4,11.8,4.3,351,16.94,16.94,16.98,16.99,16.96,16.96,16.97,16.93,16.93,16.89,16.87,16.82,16.67,16.47,16.11,16.06,16.03,15.95,15.66,14.81,14.29,14.03,13.74,13.65,13.58,13.07,12.86,11.97,11.63,10.81,10.2,9.62,8.46,8.41,8.35,8.2,8.12,7.94,7.86
2026-09-25 04:20:00,30.4,11.7,4.4,345,16.95,16.94,16.98,16.98,16.95,16.95,16.97,16.92,16.89,16.86,16.87,16.78,16.53,16.44,16.21,16.09,16.06,16.03,15.72,14.7,14.41,14.1,13.78,13.65,13.5,13.14,12.88,12.02,11.7,10.88,10.23,9.53,8.52,8.39,8.35,8.23,8.14,7.96,7.87
2026-09-25 04:30:00,30.4,11.6,4.1,354,16.94,16.94,16.97,16.97,16.95,16.94,16.96,16.92,16.91,16.89,16.86,16.73,16.47,16.42,16.15,16.1,16.09,16.02,15.82,14.85,14.45,14.09,13.89,13.65,13.46,13.18,12.87,12.04,11.75,10.83,10.21,9.49,8.47,8.42,8.34,8.27,8.14,7.96,7.88
2026-09-25 04:40:00,30.4,11.5,4.3,346,16.93,16.93,16.96,16.97,16.94,16.93,16.95,16.91,16.9,16.88,16.86,16.75,16.46,16.3,16.2,16.15,16.11,16.04,15.89,14.9,14.4,14.14,13.96,13.67,13.53,13.16,12.84,12.33,11.85,10.9,10.21,9.42,8.49,8.47,8.39,8.25,8.11,7.94,7.88
2026-09-25 04:50:00,30.4,11.6,4.4,346,16.93,16.93,16.96,16.96,16.94,16.93,16.94,16.91,16.92,16.9,16.9,16.86,16.71,16.41,16.25,16.15,16.11,16.07,15.9,14.85,14.45,14.22,13.99,13.7,13.61,13.21,12.86,12.46,11.88,10.96,10.21,9.39,8.5,8.51,8.41,8.26,8.1,7.95,7.89
2026-09-25 05:00:00,30.4,11.6,5,346,16.93,16.92,16.96,16.96,16.93,16.92,16.94,16.91,16.92,16.89,16.89,16.82,16.73,16.48,16.36,16.22,16.14,16.1,16.04,15.23,14.69,14.24,13.99,13.71,13.67,13.23,12.89,12.56,12.06,10.98,10.21,9.35,8.52,8.54,8.45,8.3,8.04,7.92,7.89
2026-09-25 05:10:00,30.4,11.5,4.6,344,16.92,16.92,16.95,16.95,16.93,16.92,16.93,16.89,16.9,16.88,16.87,16.82,16.69,16.47,16.46,16.23,16.19,16.1,15.98,15.2,14.55,14.1,14.01,13.76,13.7,13.26,13.03,12.49,12.09,10.96,10.2,9.05,8.53,8.56,8.46,8.31,8.01,7.94,7.89
2026-09-25 05:20:00,30.4,11.6,5,344,16.9,16.91,16.94,16.94,16.91,16.91,16.93,16.89,16.9,16.86,16.86,16.84,16.63,16.46,16.37,16.25,16.19,16.16,16.05,15.24,14.56,14.2,14.05,13.8,13.71,13.25,13.04,12.54,12.13,10.97,10.33,8.96,8.55,8.54,8.45,8.31,8.01,7.92,7.91
2026-09-25 05:30:00,30.4,11.6,5.5,338,16.89,16.9,16.93,16.94,16.91,16.91,16.92,16.89,16.89,16.87,16.88,16.86,16.78,16.48,16.45,16.34,16.22,16.18,15.99,15.3,14.61,14.19,14.01,13.8,13.74,13.34,13.05,12.68,12.26,11.04,10.37,9.14,8.55,8.57,8.46,8.3,8,7.94,7.91
2026-09-25 05:40:00,30.4,11.6,5.1,340,16.9,16.89,16.92,16.93,16.91,16.9,16.92,16.88,16.88,16.86,16.85,16.78,16.66,16.46,16.45,16.32,16.25,16.17,16.11,15.52,14.69,14.15,14.1,13.86,13.76,13.36,13.04,12.73,12.26,11.05,10.25,9.14,8.57,8.56,8.42,8.33,8.02,7.94,7.91
2026-09-25 05:50:00,30.4,11.7,5.1,344,16.89,16.89,16.92,16.92,16.9,16.89,16.91,16.87,16.87,16.85,16.82,16.71,16.51,16.46,16.43,16.34,16.31,16.2,16.1,15.51,14.72,14.26,14.08,13.91,13.81,13.49,13.09,12.83,12.27,11.04,10.19,9.06,8.58,8.55,8.48,8.27,7.99,7.95,7.91
2026-09-25 06:00:00,30.4,11.5,4,347,16.88,16.87,16.91,16.91,16.88,16.87,16.9,16.87,16.87,16.84,16.81,16.76,16.57,16.47,16.41,16.38,16.36,16.21,16.11,15.43,14.69,14.29,14.13,13.92,13.87,13.57,13.14,12.95,12.28,11.08,10.24,9.04,8.69,8.6,8.47,8.29,8,7.95,7.91
2026-09-25 06:10:00,30.4,11.7,4.7,345,16.86,16.86,16.9,16.9,16.87,16.87,16.88,16.84,16.84,16.83,16.84,16.77,16.72,16.55,16.44,16.4,16.32,16.16,16.05,15.5,14.61,14.24,14.09,13.97,13.9,13.62,13.15,12.91,12.39,11.09,10.22,8.93,8.72,8.63,8.47,8.22,7.98,7.94,7.91
2026-09-25 06:20:00,30.4,11.5,4.3,338,16.86,16.86,16.89,16.89,16.87,16.86,16.88,16.85,16.84,16.82,16.81,16.79,16.65,16.56,16.44,16.4,16.35,16.23,16.15,15.97,14.93,14.4,14.08,13.96,13.92,13.7,13.2,12.95,12.37,11.08,10.16,8.94,8.73,8.67,8.5,8.23,8,7.94,7.92
2026-09-25 06:30:00,30.4,11.2,4.6,335,16.86,16.86,16.89,16.89,16.86,16.86,16.87,16.83,16.84,16.82,16.84,16.82,16.79,16.7,16.5,16.42,16.4,16.23,16.13,15.95,14.73,14.32,14.14,13.98,13.87,13.71,13.23,12.94,12.5,11.14,10.21,8.86,8.76,8.69,8.58,8.24,7.98,7.94,7.92
2026-09-25 06:40:00,30.4,11.2,5.5,342,16.84,16.84,16.87,16.87,16.85,16.84,16.86,16.82,16.83,16.82,16.82,16.77,16.77,16.77,16.66,16.44,16.39,16.36,16.11,15.8,14.85,14.29,14.15,14.01,13.87,13.71,13.4,12.96,12.49,11.14,10.24,8.99,8.77,8.72,8.59,8.25,8,7.95,7.92
2026-09-25 06:50:00,30.4,11.1,4.4,337,16.84,16.84,16.86,16.86,16.84,16.83,16.85,16.82,16.83,16.81,16.82,16.78,16.75,16.71,16.65,16.51,16.46,16.35,16.12,15.96,14.79,14.36,14.13,14.03,13.89,13.71,13.38,12.94,12.54,11.08,10.26,9.08,8.8,8.75,8.61,8.29,8.05,7.97,7.91
2026-09-25 07:00:00,30.4,11,4.7,334,16.83,16.83,16.86,16.86,16.84,16.83,16.85,16.81,16.82,16.81,16.81,16.79,16.79,16.76,16.65,16.52,16.47,16.25,16.12,15.94,15.04,14.51,14.16,14.06,13.93,13.55,13.39,12.99,12.53,11.1,10.32,9.13,8.82,8.78,8.63,8.3,8,7.98,7.92
2026-09-25 07:10:00,30.4,11.1,5.8,340,16.82,16.82,16.85,16.85,16.82,16.81,16.83,16.8,16.8,16.79,16.8,16.78,16.76,16.76,16.68,16.62,16.49,16.36,16.12,16.03,15.06,14.56,14.18,14.08,13.98,13.66,13.43,13.01,12.49,11.12,10.33,9.13,8.83,8.8,8.64,8.28,8.05,7.97,7.92
2026-09-25 07:20:00,30.4,11.2,5.4,334,16.82,16.82,16.84,16.84,16.82,16.81,16.83,16.8,16.8,16.79,16.8,16.79,16.74,16.75,16.75,16.67,16.52,16.36,16.12,15.98,14.98,14.5,14.19,14.09,14,13.77,13.37,13.02,12.56,11.02,10.35,9.13,8.85,8.83,8.65,8.27,8.1,7.97,7.92
2026-09-25 07:30:00,30.4,11.1,5.4,334,16.81,16.81,16.84,16.84,16.81,16.81,16.83,16.78,16.77,16.76,16.77,16.76,16.76,16.78,16.75,16.68,16.6,16.38,16.11,16.01,15.06,14.53,14.19,14.11,14.01,13.84,13.36,13.04,12.74,11.06,10.34,8.97,8.82,8.82,8.65,8.28,8.09,7.98,7.92
2026-09-25 07:40:00,30.4,11,5.2,337,16.8,16.8,16.83,16.83,16.8,16.8,16.82,16.78,16.79,16.77,16.78,16.77,16.75,16.77,16.75,16.7,16.64,16.53,16.12,16,15.29,14.51,14.22,14.11,14.02,13.84,13.4,13.05,12.71,11.02,10.33,9,8.92,8.79,8.63,8.27,8.14,7.98,7.93
2026-09-25 07:50:00,30.4,11.2,4.9,343,16.79,16.8,16.83,16.83,16.8,16.8,16.82,16.78,16.79,16.77,16.78,16.77,16.73,16.73,16.72,16.71,16.62,16.46,16.15,16.01,15.2,14.53,14.27,14.11,14.02,13.84,13.36,13.05,12.63,10.92,10.36,9,8.95,8.84,8.61,8.36,8.16,8.02,7.93
2026-09-25 08:00:00,30.4,11.5,4.8,338,16.79,16.79,16.82,16.82,16.79,16.79,16.81,16.77,16.77,16.76,16.78,16.77,16.75,16.74,16.73,16.65,16.61,16.57,16.4,15.95,15.31,14.67,14.34,14.14,14.04,13.86,13.56,13.07,12.61,10.84,10.31,8.97,8.93,8.89,8.63,8.33,8.14,8,7.94
2026-09-25 08:10:00,30.4,11.8,4.2,340,16.78,16.78,16.81,16.81,16.79,16.78,16.8,16.76,16.76,16.73,16.75,16.73,16.72,16.71,16.7,16.66,16.64,16.53,16.35,16.03,15.37,14.84,14.4,14.18,14.04,13.89,13.68,13.11,12.63,10.72,10.32,8.98,8.92,8.94,8.65,8.3,8.14,7.99,7.93
2026-09-25 08:20:00,30.4,12.1,3.7,342,16.79,16.79,16.81,16.81,16.78,16.78,16.8,16.76,16.77,16.74,16.77,16.75,16.73,16.72,16.71,16.66,16.62,16.55,16.33,16.03,15.33,14.84,14.44,14.25,14.07,14,13.78,13.23,12.76,10.83,10.36,9,8.95,8.91,8.63,8.36,8.13,8.01,7.95
2026-09-25 08:30:00,30.4,12.2,4.1,339,16.78,16.78,16.81,16.8,16.78,16.77,16.79,16.76,16.75,16.74,16.75,16.74,16.73,16.75,16.72,16.67,16.63,16.57,16.37,16.07,15.42,14.9,14.56,14.26,14.11,13.94,13.84,13.24,12.8,10.74,10.42,9.02,8.97,8.82,8.75,8.46,8.15,8.01,7.93
2026-09-25 08:40:00,30.4,12.5,4.1,349,16.78,16.78,16.8,16.8,16.78,16.77,16.79,16.76,16.76,16.75,16.76,16.75,16.73,16.73,16.73,16.7,16.63,16.53,16.33,16.15,15.75,14.96,14.6,14.34,14.08,13.97,13.88,13.26,12.82,10.79,10.38,9.06,9.01,8.98,8.69,8.48,8.19,8.04,7.94
2026-09-25 08:50:00,30.4,12.5,3.5,359,16.77,16.77,16.8,16.8,16.77,16.76,16.78,16.74,16.74,16.71,16.71,16.7,16.7,16.72,16.7,16.65,16.6,16.52,16.32,16.15,15.86,14.91,14.58,14.39,14.05,14.02,13.93,13.29,12.93,10.99,10.4,9.07,9.05,8.99,8.65,8.47,8.2,8.03,7.96
2026-09-25 09:00:00,30.4,12.6,3.3,352,16.77,16.78,16.8,16.79,16.77,16.76,16.78,16.74,16.75,16.72,16.73,16.73,16.72,16.73,16.73,16.68,16.61,16.52,16.37,16.14,15.68,14.82,14.63,14.49,14.14,14.05,13.9,13.29,12.84,10.89,10.38,9.1,9.04,9.03,8.75,8.49,8.22,8.09,7.96
2026-09-25 09:10:00,30.4,12.7,4.4,11,16.78,16.78,16.8,16.8,16.77,16.77,16.78,16.75,16.75,16.73,16.73,16.71,16.71,16.73,16.73,16.71,16.65,16.55,16.29,16.12,15.6,14.82,14.66,14.43,14.26,14.07,13.94,13.31,12.88,11.04,10.43,9.13,9.06,8.99,8.72,8.45,8.2,8.07,7.96
2026-09-25 09:20:00,30.4,12.8,4.9,358,16.78,16.78,16.8,16.79,16.77,16.76,16.77,16.73,16.73,16.72,16.72,16.72,16.71,16.73,16.72,16.65,16.59,16.53,16.31,16.1,15.52,14.78,14.72,14.67,14.31,14.09,13.97,13.28,12.83,10.99,10.45,9.16,9.02,8.93,8.73,8.43,8.19,8.09,7.98
2026-09-25 09:30:00,30.4,13,4,347,16.79,16.79,16.8,16.8,16.77,16.76,16.77,16.74,16.74,16.73,16.75,16.73,16.72,16.74,16.73,16.64,16.56,16.46,16.32,16.2,15.66,15.11,14.77,14.75,14.38,14.18,14.01,13.32,12.87,11.11,10.49,9.49,9.11,8.97,8.78,8.48,8.2,8.11,7.98
2026-09-25 09:40:00,30.4,13.4,3.2,357,16.79,16.8,16.8,16.8,16.77,16.76,16.78,16.75,16.75,16.73,16.73,16.71,16.71,16.73,16.69,16.65,16.53,16.38,16.25,16.15,15.51,15.02,14.91,14.82,14.25,14.07,14,13.31,12.84,11.13,10.5,9.61,9.13,9.02,8.77,8.52,8.21,8.11,7.99
2026-09-25 09:50:00,30.4,13.6,4.2,19,16.8,16.8,16.8,16.8,16.77,16.76,16.77,16.74,16.74,16.73,16.74,16.73,16.72,16.72,16.71,16.65,16.46,16.29,16.15,15.87,15.57,15.31,15.27,14.93,14.13,14.03,13.92,13.3,12.87,11.29,10.59,9.71,9.14,9.1,8.74,8.62,8.26,8.13,7.99
2026-09-25 10:00:00,30.3,13.5,4.8,4,16.81,16.81,16.81,16.81,16.78,16.77,16.78,16.75,16.75,16.74,16.74,16.72,16.71,16.72,16.71,16.66,16.59,16.29,16.19,16.02,15.49,15.41,15.26,14.86,14.2,14.12,13.88,13.29,12.97,11.39,10.58,9.77,9.24,9.12,8.8,8.62,8.29,8.13,8
2026-09-25 10:10:00,30.3,13.5,4.6,1,16.82,16.82,16.82,16.81,16.79,16.76,16.77,16.74,16.74,16.73,16.74,16.71,16.71,16.72,16.71,16.61,16.54,16.5,16.16,15.72,15.56,15.35,15.13,14.39,14.17,14.14,13.97,13.4,13.03,11.53,10.64,10.17,9.25,9.19,8.83,8.62,8.29,8.12,8.01
2026-09-25 10:20:00,30.3,13.7,4.4,25,16.82,16.81,16.81,16.81,16.77,16.76,16.78,16.74,16.75,16.72,16.74,16.72,16.72,16.73,16.72,16.67,16.58,16.46,16.08,15.68,15.64,15.25,15.1,14.9,14.16,14.14,14,13.42,13.17,11.63,10.75,10.32,9.28,9.13,8.87,8.63,8.27,8.13,8.02
2026-09-25 10:30:00,30.3,14,3.6,35,16.83,16.82,16.83,16.82,16.79,16.78,16.79,16.75,16.75,16.73,16.74,16.72,16.7,16.72,16.71,16.66,16.59,16.49,16.21,15.69,15.67,15.22,15.05,14.86,14.15,14.12,14.01,13.44,13.13,11.62,10.8,10.42,9.28,9.19,8.91,8.63,8.28,8.13,8.03
2026-09-25 10:40:00,30.4,14.1,2.6,47,16.84,16.83,16.83,16.82,16.79,16.77,16.78,16.73,16.74,16.72,16.74,16.71,16.7,16.71,16.71,16.66,16.62,16.48,16.13,15.66,15.64,15.22,15.02,14.82,14.11,14.09,14.01,13.45,13.23,11.68,10.93,10.36,9.34,9.27,8.97,8.63,8.28,8.15,8.04
2026-09-25 10:50:00,30.3,14,3.2,32,16.89,16.88,16.84,16.83,16.79,16.78,16.78,16.74,16.74,16.72,16.74,16.72,16.7,16.71,16.7,16.66,16.61,16.45,16.05,15.7,15.67,15.5,14.98,14.79,14.15,14.01,13.99,13.8,13.24,11.72,11,10.53,9.53,9.19,8.91,8.59,8.25,8.14,8.06
2026-09-25 11:00:00,30.3,14,2.7,3,16.93,16.91,16.87,16.84,16.79,16.78,16.79,16.74,16.74,16.72,16.73,16.71,16.71,16.71,16.69,16.65,16.56,16.4,16.01,15.7,15.68,15.45,14.9,14.76,14.27,13.92,13.86,13.81,13.26,11.77,11,10.51,9.54,9.27,8.89,8.51,8.22,8.15,8.07
2026-09-25 11:10:00,30.3,14.1,3.2,350,16.96,16.89,16.85,16.84,16.79,16.77,16.78,16.74,16.74,16.73,16.72,16.71,16.7,16.71,16.69,16.62,16.5,16.41,16.11,15.71,15.67,15.37,14.9,14.75,14.47,14.1,13.68,13.67,13.31,11.8,11.04,10.57,9.6,9.41,8.93,8.5,8.24,8.16,8.09
2026-09-25 11:20:00,30.3,14.6,2.7,353,17,16.94,16.87,16.83,16.79,16.77,16.77,16.73,16.73,16.71,16.73,16.71,16.7,16.71,16.7,16.59,16.51,16.35,16.11,15.73,15.69,15.36,14.93,14.69,14.6,14.06,13.6,13.54,13.35,11.84,11.1,10.74,9.61,9.42,8.98,8.48,8.19,8.15,8.1
2026-09-25 11:30:00,30.3,15,3.1,10,17.02,16.96,16.89,16.86,16.8,16.78,16.78,16.73,16.73,16.71,16.72,16.7,16.7,16.72,16.68,16.62,16.53,16.4,16.14,15.74,15.72,15.48,14.99,14.69,14.59,14.02,13.53,13.46,13.34,11.86,11.02,10.86,9.64,9.49,9.01,8.46,8.19,8.15,8.08
2026-09-25 11:40:00,30.3,15.2,4,16,17.07,17,16.92,16.86,16.82,16.78,16.78,16.74,16.74,16.7,16.72,16.69,16.69,16.71,16.71,16.64,16.51,16.31,15.8,15.77,15.76,15.57,14.98,14.72,14.56,14.03,13.46,13.41,13.29,11.91,11.06,10.88,9.8,9.51,9.07,8.55,8.18,8.16,8.11
2026-09-25 11:50:00,30.3,15.6,3.3,23,17.07,17.02,16.91,16.87,16.82,16.78,16.78,16.74,16.73,16.7,16.72,16.7,16.7,16.71,16.7,16.66,16.55,16.42,16.02,15.82,15.7,15.43,14.97,14.7,14.55,14.11,13.67,13.35,13.27,11.92,11.08,10.93,9.88,9.53,9.18,8.67,8.23,8.17,8.14
2026-09-25 12:00:00,30.3,16.2,4.1,1,17.1,17.03,16.99,16.86,16.8,16.77,16.77,16.73,16.73,16.7,16.71,16.71,16.7,16.7,16.7,16.64,16.58,16.48,16.17,15.9,15.64,15.35,14.93,14.66,14.51,14.32,13.84,13.32,13.28,11.99,11.2,10.99,9.86,9.51,9.29,8.82,8.24,8.18,8.12
2026-09-25 12:10:00,30.3,16.8,3.3,9,17.11,17.05,17,16.89,16.82,16.78,16.79,16.74,16.74,16.71,16.72,16.7,16.69,16.71,16.7,16.65,16.59,16.49,16.02,15.81,15.71,15.38,14.88,14.64,14.5,14.1,13.78,13.27,13.24,11.91,11.09,11.02,9.91,9.52,9.41,8.84,8.25,8.19,8.19
2026-09-25 12:20:00,30.3,17.2,2.5,27,17.1,16.99,16.94,16.86,16.81,16.78,16.77,16.72,16.72,16.69,16.71,16.69,16.67,16.68,16.66,16.6,16.51,16.22,16.03,15.82,15.66,15.34,14.86,14.62,14.5,14.19,13.84,13.28,13.22,11.92,11.4,11.01,9.92,9.6,9.38,8.82,8.29,8.2,8.19
2026-09-25 12:30:00,30.3,17.5,3.1,30,17.17,17.08,17.01,16.88,16.82,16.79,16.77,16.73,16.72,16.7,16.7,16.69,16.69,16.7,16.68,16.63,16.52,16.08,16,15.76,15.68,15.41,14.92,14.62,14.5,14.29,13.86,13.35,13.21,11.95,11.53,11.02,10,9.65,9.34,8.83,8.25,8.22,8.21
2026-09-25 12:40:00,30.3,17.6,3.9,24,17.22,17.11,17.01,16.89,16.82,16.78,16.77,16.71,16.72,16.7,16.71,16.71,16.69,16.7,16.68,16.64,16.57,16.44,16,15.85,15.7,15.62,15.09,14.67,14.52,14.41,13.94,13.34,13.19,11.96,11.56,11.06,10.02,9.77,9.36,8.7,8.29,8.23,8.22
2026-09-25 12:50:00,30.3,17.8,3.7,30,17.23,17.13,17.04,16.9,16.82,16.78,16.77,16.72,16.72,16.69,16.7,16.69,16.68,16.7,16.68,16.61,16.52,16.34,16.04,15.94,15.75,15.34,15.03,14.65,14.51,14.39,13.89,13.31,13.15,12.14,11.57,11.1,10.11,9.79,9.38,8.74,8.25,8.25,8.23
2026-09-25 13:00:00,30.3,18,3.9,33,17.29,17.19,17.04,16.91,16.82,16.78,16.77,16.72,16.71,16.69,16.7,16.69,16.69,16.69,16.67,16.6,16.53,16.43,16.06,15.95,15.86,15.38,14.94,14.67,14.54,14.4,13.96,13.36,13.22,12.32,11.58,11.13,10.09,9.76,9.41,8.67,8.32,8.26,8.25
2026-09-25 13:10:00,30.3,18.4,3.2,30,17.31,17.23,17.11,16.92,16.82,16.79,16.77,16.72,16.73,16.69,16.69,16.69,16.68,16.68,16.67,16.61,16.51,16.37,16.1,16,15.91,15.51,14.94,14.65,14.52,14.37,14.01,13.32,13.14,12.19,11.62,11.16,9.9,9.71,9.4,8.52,8.3,8.27,8.25
2026-09-25 13:20:00,30.3,18.9,3.4,17,17.32,17.21,17.06,16.92,16.82,16.77,16.77,16.72,16.72,16.68,16.7,16.64,16.64,16.66,16.61,16.59,16.54,16.39,16.21,16.05,15.88,15.7,15.05,14.67,14.52,14.41,14.06,13.33,13.07,12.36,11.67,11.2,9.94,9.69,9.38,8.52,8.3,8.29,8.28
2026-09-25 13:30:00,30.3,19.4,3.9,354,17.3,17.21,17.06,16.9,16.82,16.77,16.77,16.72,16.71,16.69,16.7,16.67,16.65,16.64,16.62,16.57,16.43,16.35,16.18,16.05,15.98,15.71,15.03,14.63,14.49,14.42,14.05,13.36,13.01,12.31,11.72,11.22,9.96,9.66,9.39,8.53,8.31,8.32,8.29
2026-09-25 13:40:00,30.3,19.7,3.7,357,17.31,17.17,17.15,17.03,16.83,16.79,16.77,16.72,16.72,16.7,16.71,16.68,16.65,16.64,16.62,16.55,16.54,16.47,16.31,16.03,15.94,15.72,14.97,14.62,14.47,14.4,14.03,13.49,13.01,12.43,11.78,11.23,10.03,9.64,9.38,8.62,8.38,8.35,8.31
2026-09-25 13:50:00,30.3,19.9,3.4,351,17.31,17.17,17.06,17.01,16.85,16.78,16.76,16.72,16.72,16.69,16.69,16.64,16.63,16.64,16.6,16.57,16.53,16.38,16.25,15.99,15.94,15.6,15.42,14.74,14.45,14.39,14.04,13.51,13.17,12.47,11.91,11.26,10.12,9.66,9.33,8.49,8.35,8.35,8.33
2026-09-25 14:00:00,30.3,20,3.4,352,17.34,17.23,17.15,16.92,16.8,16.75,16.75,16.71,16.71,16.67,16.66,16.65,16.64,16.64,16.62,16.58,16.55,16.41,16.27,15.87,15.8,15.6,15.2,14.67,14.44,14.37,13.99,13.53,13.21,12.54,12,11.49,10.26,9.66,9.28,8.47,8.38,8.36,8.31
2026-09-25 14:10:00,30.3,20.4,2.6,352,17.39,17.3,17.2,17,16.81,16.74,16.74,16.69,16.68,16.66,16.68,16.66,16.65,16.65,16.64,16.59,16.55,16.5,16.07,15.92,15.81,15.42,15.12,14.68,14.45,14.22,13.83,13.59,13.27,12.58,12.03,11.55,10.38,9.66,9.19,8.46,8.38,8.36,8.34
2026-09-25 14:20:00,30.3,20.4,3.3,352,17.44,17.33,17.18,17,16.83,16.76,16.76,16.71,16.71,16.68,16.69,16.67,16.65,16.65,16.64,16.59,16.56,16.49,16.04,15.77,15.68,15.3,15.04,14.65,14.45,14.36,13.96,13.62,13.23,12.56,12.13,11.51,10.19,9.73,9.04,8.46,8.4,8.39,8.34
2026-09-25 14:30:00,30.3,20.4,4.5,350,17.43,17.33,17.2,17.01,16.83,16.76,16.75,16.7,16.69,16.68,16.67,16.64,16.64,16.65,16.65,16.61,16.59,16.46,16.12,15.81,15.58,15.21,14.95,14.67,14.47,14.41,14.04,13.78,13.31,12.69,12.23,11.67,10.53,9.86,8.99,8.47,8.4,8.39,8.34
2026-09-25 14:40:00,30.3,20.6,4.5,347,17.43,17.35,17.3,16.94,16.8,16.74,16.74,16.7,16.7,16.65,16.66,16.65,16.64,16.66,16.65,16.63,16.6,16.44,16.1,15.84,15.28,15.24,15,14.74,14.53,14.42,14.1,13.89,13.43,12.71,12.31,11.71,10.45,9.87,9.02,8.51,8.4,8.36,8.27
2026-09-25 14:50:00,30.3,20.8,4.7,348,17.45,17.31,17.16,17.06,16.84,16.75,16.74,16.7,16.69,16.66,16.68,16.65,16.64,16.67,16.66,16.63,16.6,16.5,16.19,15.57,15.1,14.95,14.96,14.87,14.6,14.44,14.23,13.91,13.47,12.7,12.34,11.63,10.42,9.83,8.99,8.51,8.46,8.41,8.23
2026-09-25 15:00:00,30.3,20.9,4.4,346,17.43,17.38,17.34,17.12,16.78,16.74,16.75,16.71,16.7,16.67,16.67,16.66,16.64,16.66,16.66,16.64,16.62,16.52,16.13,15.42,15.1,15,14.85,14.72,14.55,14.43,14.13,13.9,13.45,12.7,12.34,11.62,10.38,9.77,8.96,8.62,8.47,8.38,8.27
2026-09-25 15:10:00,30.3,20.9,4,342,17.4,17.35,17.29,17.23,17.01,16.75,16.75,16.7,16.69,16.67,16.67,16.65,16.65,16.67,16.67,16.64,16.58,16.46,16.14,15.52,15.1,15.03,15,14.77,14.6,14.45,14.03,13.53,13.4,12.74,12.33,11.55,10.39,9.75,8.98,8.64,8.51,8.41,8.32
2026-09-25 15:20:00,30.3,21.1,3.9,348,17.4,17.34,17.27,17.18,16.8,16.76,16.74,16.68,16.67,16.65,16.67,16.66,16.66,16.68,16.68,16.61,16.57,16.51,16.15,15.91,15.11,15.02,15.02,14.82,14.59,14.41,13.98,13.52,13.4,12.74,12.4,11.58,10.34,9.72,8.91,8.69,8.56,8.41,8.29
2026-09-25 15:30:00,30.3,21.1,3.9,349,17.37,17.27,17.19,17.08,16.88,16.78,16.77,16.7,16.68,16.66,16.68,16.67,16.66,16.65,16.64,16.61,16.55,16.43,16.19,15.87,15.13,15,15.03,14.85,14.52,14.19,13.6,13.46,13.38,12.74,12.32,11.56,10.4,9.74,8.96,8.7,8.59,8.39,8.29
2026-09-25 15:40:00,30.2,21,4.1,343,17.32,17.28,17.28,17.24,17.03,16.85,16.76,16.71,16.69,16.67,16.69,16.68,16.65,16.66,16.66,16.59,16.54,16.42,16.36,15.9,15.07,14.98,15,14.7,14.45,14.09,13.69,13.35,13.26,12.73,12.32,11.56,10.42,9.63,8.8,8.71,8.56,8.4,8.3
2026-09-25 15:50:00,30.2,21.1,4.3,344,17.32,17.29,17.29,17.18,16.92,16.8,16.75,16.7,16.69,16.67,16.69,16.67,16.66,16.66,16.64,16.62,16.5,16.4,16.11,15.47,15.01,14.93,14.95,14.7,14.48,14.32,13.98,13.4,13.28,12.73,12.33,11.48,10.37,9.56,8.82,8.7,8.58,8.39,8.29
2026-09-25 16:00:00,30.2,21.2,3.9,343,17.3,17.24,17.17,17.11,17.01,16.85,16.76,16.69,16.69,16.66,16.68,16.66,16.65,16.65,16.67,16.62,16.53,16.36,16.23,15.62,15,14.93,14.95,14.64,14.44,14.26,14.07,13.52,13.27,12.72,12.23,11.33,10.26,9.56,8.86,8.7,8.62,8.4,8.27
2026-09-25 16:10:00,30.2,21.3,4.5,338,17.32,17.26,17.19,17.17,17.09,16.88,16.76,16.69,16.68,16.66,16.67,16.66,16.66,16.68,16.68,16.63,16.56,16.4,16.02,15.55,14.98,14.92,14.89,14.53,14.34,14.18,14.02,13.28,13.09,12.7,12.17,11.42,10.31,9.59,8.93,8.69,8.69,8.44,8.31
2026-09-25 16:20:00,30.2,21.3,4.2,338,17.29,17.23,17.23,17.18,17.04,16.96,16.8,16.68,16.67,16.66,16.67,16.67,16.66,16.68,16.67,16.63,16.58,16.48,16.03,15.49,15.07,14.91,14.92,14.63,14.39,14.24,14.05,13.43,13.13,12.72,12.2,11.3,10.2,9.53,8.92,8.69,8.69,8.47,8.31
2026-09-25 16:30:00,30.2,21.5,4.2,342,17.32,17.27,17.22,17.11,17.06,16.9,16.82,16.7,16.68,16.66,16.67,16.67,16.66,16.68,16.67,16.62,16.57,16.41,15.92,15.49,15.03,14.89,14.88,14.54,14.35,14.25,13.94,13.38,13.1,12.7,12.33,10.95,10.18,9.6,8.9,8.8,8.69,8.5,8.34
2026-09-25 16:40:00,30.2,21.5,3.9,343,17.28,17.23,17.17,17.15,17.03,16.94,16.83,16.7,16.69,16.67,16.68,16.67,16.66,16.69,16.66,16.59,16.55,16.31,15.89,15.3,14.99,14.87,14.85,14.41,14.36,14.26,13.72,13.35,13.06,12.7,12.33,11.12,10.15,9.64,8.89,8.78,8.67,8.5,8.33
2026-09-25 16:50:00,30.2,21.1,4.3,349,17.26,17.25,17.25,17.13,16.94,16.87,16.8,16.69,16.68,16.66,16.67,16.66,16.66,16.66,16.65,16.62,16.58,16.23,15.91,15.23,14.99,14.87,14.86,14.75,14.34,14.33,13.8,13.36,13.11,12.69,12.34,10.9,10.12,9.53,8.85,8.77,8.67,8.47,8.29
2026-09-25 17:00:00,30.2,21.4,4.4,343,17.27,17.2,17.19,17.16,17.01,16.93,16.81,16.7,16.69,16.66,16.67,16.66,16.65,16.67,16.65,16.61,16.5,16.22,15.86,15.26,14.96,14.89,14.8,14.74,14.32,14.3,13.61,13.21,13,12.68,12.24,10.71,10.14,9.52,8.92,8.77,8.7,8.49,8.24
2026-09-25 17:10:00,30.2,21.5,4.8,341,17.24,17.21,17.21,17.12,17.06,16.94,16.82,16.72,16.69,16.66,16.66,16.65,16.65,16.67,16.67,16.56,16.31,16.19,15.85,15.33,14.9,14.84,14.85,14.72,14.37,14.3,13.63,13.2,13.01,12.67,12.22,10.29,10.13,9.42,8.89,8.79,8.71,8.54,8.26
2026-09-25 17:20:00,30.2,21,4,344,17.22,17.21,17.24,17.19,17.05,16.95,16.82,16.71,16.67,16.65,16.67,16.66,16.65,16.67,16.66,16.57,16.36,16.26,15.84,15.44,14.92,14.81,14.83,14.5,14.28,14.19,13.53,13.14,12.94,12.66,12.22,10.62,10.06,9.48,8.88,8.84,8.76,8.54,8.23
2026-09-25 17:30:00,30.2,20.5,4.4,342,17.21,17.19,17.18,17.08,17,16.92,16.79,16.68,16.66,16.64,16.66,16.65,16.65,16.67,16.63,16.55,16.42,16.25,15.86,15.38,14.84,14.77,14.78,14.49,14.33,14.05,13.52,13.09,12.85,12.64,12.15,10.76,10.01,9.33,8.96,8.85,8.79,8.56,8.17
2026-09-25 17:40:00,30.2,20.8,4.5,344,17.19,17.18,17.2,17.17,17.06,16.93,16.83,16.76,16.67,16.65,16.67,16.66,16.66,16.67,16.63,16.57,16.52,16.11,15.81,15.38,14.92,14.79,14.79,14.49,14.36,13.96,13.46,13.01,12.81,12.62,11.73,10.68,9.96,9.5,8.97,8.87,8.73,8.51,8.22
2026-09-25 17:50:00,30.2,20.2,4.3,343,17.17,17.16,17.16,17.14,17.06,17.01,16.9,16.76,16.69,16.65,16.66,16.66,16.66,16.66,16.63,16.55,16.31,16.12,15.82,15.37,14.93,14.77,14.73,14.46,14.33,13.75,13.26,12.9,12.73,12.51,11.65,10.76,10.15,9.89,8.95,8.88,8.73,8.5,8.23
2026-09-25 18:00:00,30.2,20.2,4,343,17.16,17.14,17.14,17.14,17.1,17.05,17,16.81,16.79,16.71,16.68,16.65,16.64,16.66,16.65,16.54,16.43,16.08,15.9,15.21,14.98,14.77,14.75,14.5,14.33,13.83,13.38,12.94,12.7,12.3,11.38,10.8,10.14,9.88,8.98,8.88,8.73,8.48,8.23
2026-09-25 18:10:00,30.2,19.9,3.4,345,17.13,17.13,17.13,17.07,16.99,16.96,16.91,16.83,16.82,16.78,16.74,16.68,16.67,16.67,16.63,16.54,16.42,16.14,15.85,15.28,14.97,14.85,14.76,14.6,14.36,13.81,13.25,12.87,12.65,12.14,11.35,10.6,10.07,9.85,9.08,8.9,8.66,8.49,8.17
2026-09-25 18:20:00,30.2,19.6,3.2,345,17.11,17.11,17.13,17.11,17.03,16.95,16.94,16.91,16.87,16.75,16.74,16.71,16.67,16.69,16.64,16.55,16.39,16.17,15.89,15.12,14.9,14.81,14.75,14.6,14.13,13.63,13.17,12.83,12.63,12.18,11.29,10.47,10.19,9.77,9.1,8.92,8.63,8.5,8.02
2026-09-25 18:30:00,30.2,18.9,3,329,17.13,17.11,17.13,17.12,17.07,16.97,16.94,16.85,16.8,16.77,16.74,16.71,16.67,16.65,16.63,16.58,16.35,16.21,15.92,15.25,14.91,14.76,14.72,14.56,13.99,13.43,13.1,12.83,12.62,12.13,11.3,10.41,10.19,9.95,9.09,8.9,8.66,8.54,7.99
2026-09-25 18:40:00,30.2,18.3,3.1,326,17.12,17.11,17.13,17.1,17.02,16.99,16.92,16.83,16.82,16.76,16.73,16.7,16.65,16.66,16.62,16.49,16.28,16.05,15.94,15.09,14.94,14.69,14.7,14.53,14.04,13.2,12.98,12.76,12.61,12.1,11.29,10.44,10.16,9.89,9.08,8.88,8.6,8.47,7.93
2026-09-25 18:50:00,30.2,17.6,2.8,324,17.1,17.09,17.11,17.09,17.05,17.01,16.91,16.82,16.79,16.75,16.73,16.69,16.67,16.68,16.61,16.46,16.25,16.05,15.91,15.13,14.96,14.69,14.67,14.52,14.22,13.37,12.96,12.81,12.59,12.1,11.18,10.37,10.15,9.94,9.07,8.91,8.62,8.44,7.94
2026-09-25 19:00:00,30.2,17.6,3.6,322,17.07,17.07,17.08,17.06,17.01,16.95,16.94,16.84,16.81,16.71,16.68,16.67,16.66,16.68,16.65,16.52,16.31,16.04,15.54,15.09,14.91,14.76,14.65,14.57,14.34,13.71,13.01,12.83,12.59,11.99,11.12,10.33,10.14,9.68,9.03,8.86,8.6,8.36,7.89
2026-09-25 19:10:00,30.2,17.6,4,321,17.06,17.06,17.08,17.07,17.03,16.98,16.96,16.86,16.8,16.71,16.68,16.67,16.66,16.67,16.65,16.49,16.34,16.13,16.02,15.42,14.95,14.72,14.62,14.54,14.25,13.58,12.99,12.82,12.62,12.11,11.28,10.33,10.14,10.07,9.05,8.85,8.59,8.35,7.89
2026-09-25 19:20:00,30.2,17.5,3.5,330,17.05,17.05,17.08,17.08,17.03,16.98,16.95,16.89,16.82,16.72,16.69,16.66,16.65,16.61,16.63,16.52,16.34,16.24,16.03,15.24,15.02,14.82,14.7,14.51,14.26,13.46,13.01,12.79,12.55,11.98,11.13,10.3,10.15,10.15,9,8.74,8.53,8.24,7.9
2026-09-25 19:30:00,30.2,17.4,4,326,17.04,17.04,17.06,17.05,17.02,17,16.96,16.9,16.85,16.75,16.72,16.71,16.68,16.61,16.54,16.47,16.38,16.25,16.03,15.22,14.97,14.77,14.67,14.55,14.2,13.42,12.94,12.76,12.54,12.01,11.21,10.3,10.16,10.1,8.99,8.73,8.56,8.13,7.88
2026-09-25 19:40:00,30.2,17.4,4.6,330,17.03,17.03,17.06,17.05,17.01,16.99,16.97,16.9,16.85,16.82,16.78,16.72,16.73,16.72,16.68,16.55,16.43,16.23,16.09,15.31,14.9,14.68,14.63,14.51,14.09,13.47,12.97,12.75,12.52,12.12,11.24,10.36,10.19,10.1,8.98,8.72,8.56,8.12,7.87
2026-09-25 19:50:00,30.2,17.3,4.7,329,17.03,17.03,17.05,17.05,17.01,16.99,16.98,16.91,16.91,16.82,16.8,16.76,16.76,16.75,16.7,16.59,16.4,16.25,16.07,15.14,14.84,14.66,14.56,14.43,14.08,13.34,12.92,12.73,12.49,12.08,11.23,10.37,10.28,10.14,9.02,8.75,8.54,8.17,7.88
2026-09-25 20:00:00,30.2,17.1,4.9,326,17.02,17.02,17.05,17.05,17.03,17,16.96,16.89,16.89,16.78,16.77,16.74,16.73,16.72,16.71,16.56,16.37,16.25,16.06,15.18,14.88,14.7,14.65,14.28,13.93,13.52,12.98,12.76,12.53,12.04,11.27,10.36,10.32,9.79,8.96,8.67,8.43,8.15,7.89
2026-09-25 20:10:00,30.2,17.1,5,333,17.01,17,17.03,17.03,17,16.99,16.99,16.93,16.86,16.82,16.78,16.76,16.73,16.73,16.69,16.5,16.33,16.2,16.05,15.19,14.79,14.74,14.68,14.27,14.08,13.4,12.93,12.73,12.53,12,11.26,10.39,10.32,9.31,8.95,8.67,8.47,8.15,7.88
2026-09-25 20:20:00,30.2,17,5.4,328,17,16.99,17.01,17.01,16.97,16.96,16.96,16.89,16.89,16.8,16.79,16.74,16.72,16.71,16.66,16.51,16.31,16.15,16.04,15.29,14.73,14.65,14.65,14.63,14.16,13.45,12.89,12.71,12.53,12.03,11.25,10.36,10.34,9.33,8.99,8.75,8.54,8.17,7.89
2026-09-25 20:30:00,30.2,16.8,5,327,17.01,17.01,17.04,17.03,16.99,16.96,16.94,16.9,16.89,16.86,16.83,16.76,16.72,16.7,16.66,16.55,16.36,16.17,16.09,15.23,14.78,14.63,14.65,14.43,14.09,13.29,12.84,12.63,12.38,11.88,11.25,10.38,10.3,9.45,9.03,8.84,8.55,8.2,7.89
2026-09-25 20:40:00,30.2,16.7,4.7,333,17.01,17,17.03,17.02,16.99,16.97,16.97,16.91,16.9,16.87,16.86,16.77,16.7,16.67,16.59,16.48,16.28,16.17,16.03,15.14,14.9,14.64,14.65,14.43,14,13.17,12.84,12.6,12.41,11.91,11.26,10.59,10.3,9.43,9.05,8.85,8.54,8.15,7.87
2026-09-25 20:50:00,30.2,16.8,4.9,337,17,17,17.03,17.03,16.99,16.98,17,16.93,16.89,16.83,16.84,16.75,16.72,16.69,16.59,16.47,16.3,16.17,16.04,15.74,14.73,14.6,14.63,14.37,14.07,13.29,12.82,12.59,12.37,11.69,10.99,10.57,10.22,9.37,9.05,8.87,8.63,8.14,7.87
2026-09-25 21:00:00,30.2,16.7,4.3,328,16.99,16.99,17.02,17.02,16.99,16.97,16.98,16.92,16.89,16.85,16.86,16.83,16.78,16.75,16.62,16.45,16.33,16.17,16.03,15.65,14.98,14.65,14.57,14.39,14.03,13.21,12.79,12.58,12.34,11.69,11.01,10.61,10.19,9.41,9.12,8.89,8.65,8.15,7.89
2026-09-25 21:10:00,30.2,16.4,4.8,337,16.98,16.98,17.01,17.01,16.97,16.96,16.97,16.93,16.9,16.86,16.84,16.79,16.75,16.69,16.56,16.4,16.27,16.11,16.04,15.83,14.86,14.65,14.54,14.37,13.97,13.34,12.78,12.69,12.41,11.67,11.05,10.57,10.28,9.55,9.16,8.9,8.58,8.12,7.87
2026-09-25 21:20:00,30.2,16.3,3.8,349,16.97,16.97,17,17,16.97,16.95,16.97,16.93,16.92,16.89,16.87,16.8,16.76,16.73,16.59,16.46,16.26,16.11,16.05,15.61,14.76,14.63,14.58,14.39,14.03,13.22,12.77,12.67,12.32,11.51,10.84,10.55,10.26,9.38,9.14,8.9,8.68,8.11,7.86
2026-09-25 21:30:00,30.2,16.3,3.8,342,16.97,16.96,16.99,16.98,16.95,16.94,16.95,16.91,16.89,16.86,16.84,16.82,16.76,16.77,16.65,16.5,16.31,16.15,16.02,15.44,14.69,14.63,14.65,14.54,13.99,13.24,12.76,12.61,12.27,11.43,10.8,10.56,10.19,9.42,9.14,8.9,8.68,8.01,7.88
2026-09-25 21:40:00,30.2,16.2,3.3,344,16.97,16.97,17,16.99,16.97,16.95,16.96,16.92,16.91,16.85,16.84,16.83,16.77,16.77,16.68,16.47,16.22,16.07,15.99,15.21,14.68,14.6,14.63,14.53,13.72,13.18,12.73,12.54,12.25,11.4,10.76,10.55,10.22,9.42,9.12,8.86,8.68,8.11,7.94
2026-09-25 21:50:00,30.2,16.2,3.3,350,16.96,16.96,16.99,16.99,16.97,16.95,16.96,16.91,16.91,16.87,16.85,16.82,16.78,16.75,16.67,16.45,16.28,16.03,15.91,15.69,14.67,14.63,14.66,14.49,13.7,13.14,12.73,12.56,12.23,11.39,10.74,10.59,10.19,9.43,9.08,8.85,8.61,8.11,7.91
2026-09-25 22:00:00,30.2,16,2.5,351,16.96,16.96,16.99,16.99,16.96,16.94,16.95,16.91,16.9,16.86,16.87,16.86,16.82,16.7,16.63,16.5,16.23,16.14,15.93,15.17,14.65,14.62,14.63,14.39,13.62,12.87,12.69,12.38,12.16,11.35,10.74,10.51,9.96,9.35,9.05,8.76,8.5,8.12,7.92
2026-09-25 22:10:00,30.2,16,2.7,350,16.95,16.95,16.98,16.97,16.95,16.94,16.94,16.9,16.89,16.84,16.82,16.8,16.77,16.75,16.69,16.55,16.11,15.96,15.63,15.37,14.84,14.68,14.66,14.41,13.79,12.92,12.69,12.35,12.04,11.23,10.68,10.44,9.95,9.29,9.05,8.77,8.47,8.14,7.91
2026-09-25 22:20:00,30.2,15.9,2.4,347,16.95,16.94,16.97,16.97,16.95,16.93,16.95,16.9,16.87,16.85,16.85,16.84,16.8,16.8,16.7,16.58,16.26,16.04,15.65,15.25,14.71,14.69,14.6,14.35,13.85,12.89,12.67,12.36,11.99,11.12,10.65,10.39,9.98,9.26,8.95,8.76,8.48,8.14,7.91
2026-09-25 22:30:00,30.2,15.8,2.9,327,16.95,16.94,16.97,16.97,16.94,16.92,16.94,16.9,16.88,16.84,16.86,16.79,16.76,16.71,16.67,16.57,16.24,16.12,15.6,15.35,14.81,14.68,14.59,14.36,13.82,13.02,12.7,12.4,11.95,10.97,10.61,10.35,9.87,9.21,8.93,8.75,8.42,8.03,7.91
2026-09-25 22:40:00,30.2,15.6,2.7,332,16.94,16.94,16.96,16.96,16.93,16.92,16.93,16.85,16.85,16.82,16.83,16.8,16.77,16.7,16.6,16.4,16.21,15.79,15.54,14.97,14.73,14.66,14.52,14.36,13.69,12.98,12.68,12.35,11.84,11.18,10.66,10.38,9.95,9.18,8.93,8.74,8.31,8.16,7.91
2026-09-25 22:50:00,30.2,15.5,2.6,327,16.94,16.93,16.96,16.96,16.92,16.9,16.9,16.85,16.84,16.81,16.83,16.8,16.78,16.73,16.6,16.45,16.22,15.97,15.72,15.16,14.71,14.65,14.5,14.37,13.72,12.96,12.66,12.35,11.84,11.14,10.55,10.36,9.96,9.16,8.9,8.75,8.26,8.14,7.92
2026-09-25 23:00:00,30.2,15.4,1.7,339,16.94,16.93,16.97,16.95,16.92,16.9,16.9,16.85,16.85,16.81,16.8,16.79,16.73,16.73,16.51,16.42,16.18,16.02,15.73,15.26,14.82,14.61,14.51,14.34,13.41,12.87,12.59,12.14,11.65,11.25,10.56,10.26,9.88,9.14,8.86,8.61,8.23,7.95,7.92
2026-09-25 23:10:00,30.2,15.3,2.5,347,16.94,16.94,16.96,16.96,16.92,16.9,16.9,16.86,16.83,16.8,16.77,16.75,16.74,16.7,16.69,16.58,16.29,16.09,15.78,15.2,14.74,14.6,14.43,14.32,13.58,12.92,12.58,12.15,11.7,11.27,10.61,10.13,9.86,9.11,8.78,8.32,8.11,7.92,7.91
2026-09-25 23:20:00,30.2,15.4,2.6,344,16.94,16.93,16.97,16.96,16.93,16.91,16.92,16.85,16.84,16.8,16.78,16.74,16.71,16.68,16.57,16.47,16.21,16,15.77,15.22,14.7,14.57,14.48,14.31,13.27,12.9,12.61,12.22,11.8,11.26,10.63,10.03,9.85,9.07,8.77,8.22,7.95,7.91,7.9
2026-09-25 23:30:00,30.2,15.5,3.2,337,16.93,16.93,16.97,16.97,16.92,16.92,16.93,16.85,16.84,16.8,16.78,16.73,16.69,16.67,16.58,16.49,16.15,15.95,15.64,15.26,14.71,14.53,14.43,14.01,13.1,12.8,12.54,11.92,11.61,11.25,10.61,10.1,9.84,9.08,8.78,8.26,7.98,7.9,7.89
2026-09-25 23:40:00,30.2,15.3,2.8,351,16.94,16.94,16.97,16.97,16.94,16.92,16.91,16.86,16.84,16.81,16.81,16.75,16.69,16.67,16.62,16.59,16.35,16.01,15.75,15.28,14.79,14.51,14.39,14.27,13.12,12.94,12.64,12.18,11.77,11.26,10.66,10.1,9.82,9.02,8.77,8.33,7.93,7.89,7.88
2026-09-25 23:50:00,30.2,15.3,3.5,350,16.94,16.93,16.96,16.96,16.93,16.92,16.9,16.83,16.82,16.78,16.76,16.71,16.68,16.67,16.64,16.44,16.11,15.96,15.71,15.22,14.89,14.5,14.47,13.97,13.07,12.9,12.59,12.01,11.67,11.24,10.62,10.14,9.85,9.03,8.72,8.37,8.08,7.87,7.87
2026-09-26,30.2,15.1,3.7,345,16.93,16.93,16.95,16.95,16.93,16.92,16.92,16.84,16.82,16.79,16.78,16.72,16.69,16.63,16.61,16.46,16.21,15.86,15.66,15.22,14.81,14.54,14.42,14.33,13.06,12.95,12.57,11.97,11.69,11.21,10.57,10.16,9.78,8.99,8.7,8.36,7.95,7.86,7.85
2026-09-26 00:10:00,30.2,15.2,4,332,16.93,16.93,16.95,16.95,16.92,16.91,16.92,16.85,16.83,16.8,16.79,16.74,16.69,16.68,16.61,16.52,16.3,15.88,15.62,15.12,14.89,14.6,14.42,14.2,13.03,12.86,12.51,11.91,11.67,11.23,10.65,10.22,9.76,9.03,8.72,8.37,8.04,7.86,7.82
2026-09-26 00:20:00,30.2,15,3.8,334,16.91,16.91,16.94,16.94,16.92,16.89,16.89,16.83,16.82,16.8,16.78,16.73,16.66,16.66,16.61,16.49,16.15,15.75,15.36,15.1,14.93,14.63,14.4,14.26,13.05,12.88,12.49,11.78,11.65,11.2,10.66,10.21,9.77,9.03,8.7,8.37,8.08,7.85,7.79
2026-09-26 00:30:00,30.2,14.8,4.6,342,16.91,16.91,16.94,16.94,16.91,16.9,16.89,16.84,16.82,16.78,16.78,16.7,16.65,16.63,16.63,16.51,16.24,15.81,15.53,15.16,14.98,14.65,14.39,13.99,13.03,12.61,12.2,11.65,11.62,11.17,10.64,10.22,9.72,9.07,8.72,8.56,8.12,7.86,7.77
2026-09-26 00:40:00,30.2,14.8,4.5,344,16.91,16.91,16.94,16.94,16.92,16.89,16.89,16.84,16.82,16.79,16.77,16.71,16.66,16.65,16.6,16.45,16,15.72,15.47,15.36,15.09,14.81,14.43,14.19,13.04,12.72,12.31,11.69,11.64,11.19,10.77,10.26,9.84,9.06,8.72,8.55,8.19,7.79,7.76
2026-09-26 00:50:00,30.2,14.7,4.9,350,16.91,16.91,16.94,16.94,16.9,16.9,16.9,16.85,16.81,16.78,16.77,16.7,16.62,16.63,16.6,16.47,16.17,15.73,15.61,15.4,15.06,14.75,14.48,14.07,13.05,12.71,12.25,11.62,11.61,11.15,10.67,10.26,9.89,9.11,8.68,8.49,7.98,7.79,7.75
2026-09-26 01:00:00,30.2,14.6,5.8,353,16.9,16.89,16.92,16.92,16.89,16.89,16.89,16.84,16.83,16.8,16.78,16.73,16.63,16.64,16.61,16.45,16,15.75,15.58,15.46,15.07,14.72,14.44,14.15,13.05,12.65,12.21,11.61,11.6,11.1,10.57,10.27,9.84,9.02,8.69,8.48,8.01,7.78,7.75
2026-09-26 01:10:00,30.2,14.4,4.7,350,16.89,16.89,16.93,16.93,16.9,16.89,16.9,16.86,16.86,16.8,16.78,16.63,16.6,16.61,16.52,16.37,15.82,15.66,15.62,15.13,15.01,14.83,14.54,14.25,13.05,12.76,12.29,11.63,11.6,11.04,10.46,10.28,9.78,8.89,8.67,8.48,8.03,7.79,7.76
2026-09-26 01:20:00,30.2,14.6,5.5,348,16.89,16.89,16.92,16.92,16.89,16.88,16.89,16.83,16.82,16.78,16.77,16.64,16.64,16.56,16.52,16.32,15.85,15.66,15.6,15.14,15.02,14.89,14.52,14.11,13.04,12.72,12.25,11.6,11.56,11.11,10.65,10.3,9.88,9.12,8.67,8.41,8.08,7.81,7.78
2026-09-26 01:30:00,30.2,14.5,5.5,335,16.88,16.88,16.91,16.91,16.88,16.86,16.89,16.82,16.81,16.75,16.72,16.65,16.61,16.59,16.52,16.32,15.94,15.78,15.67,15.53,15.09,14.96,14.58,13.8,13.03,12.63,12.14,11.57,11.48,10.98,10.47,10.29,9.88,9.03,8.65,8.37,8.1,7.82,7.81
2026-09-26 01:40:00,30.2,14.2,4.8,333,16.87,16.87,16.9,16.9,16.88,16.87,16.89,16.84,16.81,16.79,16.76,16.65,16.62,16.61,16.5,16.35,16.07,15.85,15.68,15.29,15.03,14.94,14.51,13.31,13.01,12.45,11.81,11.53,11.37,10.91,10.45,10.29,9.87,8.96,8.65,8.37,8.03,7.84,7.82
2026-09-26 01:50:00,30.2,14.6,5,357,16.87,16.86,16.89,16.9,16.87,16.86,16.88,16.85,16.85,16.8,16.78,16.73,16.67,16.61,16.51,16.28,16.08,15.85,15.65,15.24,15.03,14.83,14.38,13.26,12.99,12.38,11.85,11.52,11.32,10.85,10.39,10.16,9.63,9.02,8.63,8.36,8.11,7.86,7.84
2026-09-26 02:00:00,30.2,14.7,5.5,359,16.86,16.86,16.89,16.88,16.86,16.85,16.86,16.82,16.81,16.75,16.73,16.68,16.6,16.56,16.47,16.17,16.01,15.74,15.52,15.18,15.01,14.7,14.33,13.42,12.99,12.41,11.93,11.51,11.4,10.91,10.4,10.05,9.56,9.11,8.62,8.36,8.16,7.86,7.85
2026-09-26 02:10:00,30.2,14.7,5.6,344,16.85,16.85,16.88,16.88,16.85,16.85,16.86,16.82,16.82,16.8,16.77,16.73,16.7,16.73,16.55,16.38,16.02,15.91,15.66,15.42,15.04,14.65,14.28,13.07,12.59,12.22,11.71,11.48,11.31,10.81,10.36,9.88,9.49,9.14,8.44,8.27,8.22,7.88,7.86
2026-09-26 02:20:00,30.2,14.1,5.6,336,16.84,16.84,16.86,16.87,16.84,16.82,16.83,16.79,16.8,16.73,16.74,16.72,16.69,16.62,16.5,16.3,16,15.9,15.62,15.31,15.01,14.67,14.26,13.24,12.97,12.29,11.78,11.48,11.32,10.54,10.34,9.87,9.41,9.06,8.43,8.26,8.17,7.91,7.87
2026-09-26 02:30:00,30.2,14,6.2,344,16.84,16.84,16.87,16.87,16.84,16.84,16.84,16.8,16.79,16.76,16.77,16.66,16.65,16.63,16.47,16.26,16.08,15.92,15.63,15.36,15.03,14.67,14.18,13.09,12.89,12.21,11.74,11.45,11.27,10.5,10.31,9.79,9.34,8.86,8.46,8.28,8.11,7.95,7.87
2026-09-26 02:40:00,30.1,14,5.2,351,16.83,16.83,16.85,16.86,16.83,16.82,16.84,16.8,16.78,16.71,16.68,16.69,16.66,16.68,16.51,16.25,16.09,15.86,15.53,15.15,15,14.54,14.02,13.06,12.53,12.07,11.67,11.46,11.33,10.73,10.33,9.87,9.32,8.86,8.5,8.29,8.08,7.92,7.87
2026-09-26 02:50:00,30.1,14,4.9,2,16.83,16.82,16.85,16.85,16.82,16.82,16.83,16.78,16.77,16.75,16.75,16.73,16.71,16.64,16.55,16.27,16.1,15.87,15.57,15.16,14.99,14.31,13.7,13.05,12.65,12.16,11.77,11.44,11.26,10.79,10.32,9.86,9.28,8.86,8.49,8.21,8,7.91,7.89
2026-09-26 03:00:00,30.1,14,5.2,347,16.82,16.81,16.84,16.84,16.81,16.8,16.82,16.79,16.79,16.75,16.76,16.73,16.65,16.61,16.55,16.25,16.14,15.83,15.51,15.1,14.95,14.25,13.62,13.03,12.74,12.12,11.79,11.41,11.21,10.55,10.31,9.69,9.18,8.67,8.5,8.18,7.92,7.91,7.88
2026-09-26 03:10:00,30.1,13.8,5,346,16.8,16.8,16.83,16.83,16.81,16.8,16.82,16.78,16.78,16.77,16.76,16.73,16.66,16.64,16.55,16.44,16.14,15.86,15.55,15.23,15,14.56,14.05,13.06,12.77,12.14,11.8,11.36,11.04,10.36,10.24,9.59,9.16,8.62,8.46,8.19,7.93,7.91,7.89
2026-09-26 03:20:00,30.1,13.6,5.7,342,16.8,16.8,16.83,16.83,16.8,16.8,16.82,16.78,16.79,16.78,16.76,16.72,16.68,16.6,16.56,16.16,16.08,15.71,15.46,15.12,14.95,14.31,13.29,13,12.56,11.96,11.51,11.25,10.97,10.33,10.26,9.7,9.17,8.66,8.42,8.23,7.95,7.92,7.89
2026-09-26 03:30:00,30.1,13.6,5.6,343,16.79,16.79,16.82,16.83,16.8,16.8,16.82,16.78,16.79,16.78,16.8,16.76,16.7,16.69,16.6,16.44,16.11,15.98,15.6,15.42,15.01,14.43,13.93,13.04,12.83,12.08,11.6,11.22,10.83,10.32,10.22,9.53,9.21,8.68,8.43,8.24,7.92,7.93,7.9
2026-09-26 03:40:00,30.1,13.5,5.9,336,16.79,16.79,16.82,16.82,16.8,16.8,16.82,16.78,16.79,16.77,16.77,16.76,16.74,16.67,16.58,16.38,16.06,15.8,15.59,15.12,14.77,14.14,13.23,13.02,12.77,11.96,11.58,11.25,10.88,10.31,9.93,9.59,9.29,8.72,8.44,8.22,7.94,7.94,7.91
2026-09-26 03:50:00,30.1,13.4,5.6,335,16.8,16.8,16.83,16.83,16.8,16.8,16.81,16.78,16.78,16.76,16.78,16.74,16.72,16.69,16.59,16.45,16.06,15.83,15.64,15.11,14.59,14.07,13.23,12.97,12.34,11.93,11.71,11.32,10.97,10.31,9.92,9.39,9.27,8.71,8.4,7.97,7.91,7.94,7.92
2026-09-26 04:00:00,30.1,13.4,5.8,336,16.79,16.79,16.82,16.83,16.8,16.8,16.81,16.78,16.79,16.77,16.79,16.71,16.7,16.67,16.59,16.43,16.08,15.82,15.68,15.08,14.81,14.09,13.26,13,12.49,11.92,11.58,11.25,10.79,10.3,9.92,9.46,9.16,8.58,8.38,7.98,7.92,7.94,7.93
2026-09-26 04:10:00,30.1,13.4,5.1,344,16.8,16.79,16.82,16.82,16.8,16.79,16.81,16.77,16.76,16.75,16.77,16.77,16.73,16.73,16.65,16.46,16.23,15.84,15.73,15.33,14.53,13.98,13.11,12.98,12.53,11.91,11.54,11.21,10.74,10.27,9.92,9.5,8.99,8.55,8.34,7.95,7.92,7.94,7.94
2026-09-26 04:20:00,30.1,13.5,5.6,350,16.79,16.79,16.82,16.82,16.79,16.79,16.81,16.76,16.76,16.73,16.74,16.71,16.69,16.71,16.62,16.49,16.11,15.8,15.75,15.46,14.84,13.99,13.11,12.96,12.41,11.9,11.72,11.3,10.87,10.29,9.93,9.52,9,8.53,8.38,7.96,7.94,7.95,7.94
2026-09-26 04:30:00,30.1,13.5,6.1,342,16.79,16.78,16.81,16.81,16.79,16.79,16.8,16.77,16.78,16.76,16.77,16.74,16.68,16.7,16.61,16.48,16.09,15.79,15.78,15.46,14.89,14.03,13.13,12.96,12.72,11.97,11.71,11.28,10.76,10.28,9.85,9.44,8.92,8.53,8.29,7.99,7.94,7.95,7.94
2026-09-26 04:40:00,30.1,13.4,6.8,344,16.79,16.79,16.82,16.82,16.8,16.79,16.81,16.78,16.78,16.76,16.77,16.75,16.68,16.71,16.65,16.47,16.14,15.76,15.76,15.38,14.8,13.82,13.05,12.92,12.4,11.88,11.59,11.24,10.68,10.25,9.78,9.39,8.93,8.55,8.34,7.99,7.97,7.97,7.96
2026-09-26 04:50:00,30.1,13.3,6.8,349,16.79,16.79,16.82,16.82,16.8,16.79,16.8,16.76,16.76,16.74,16.75,16.74,16.73,16.66,16.59,16.49,16.06,15.76,15.74,15.27,14.37,13.8,13.05,12.95,12.64,11.95,11.72,11.25,10.66,10.24,9.71,9.36,8.85,8.55,8.3,8.02,7.96,7.98,7.96
2026-09-26 05:00:00,30.1,13.3,6.4,345,16.8,16.79,16.82,16.82,16.8,16.79,16.81,16.76,16.76,16.74,16.73,16.71,16.69,16.66,16.6,16.44,15.98,15.75,15.72,15.07,14.82,13.66,13.07,12.93,12.65,11.9,11.45,11.09,10.5,9.94,9.67,9.33,8.71,8.57,8.28,8,7.97,7.99,7.97
2026-09-26 05:10:00,30.1,13.3,6.4,341,16.79,16.79,16.82,16.82,16.79,16.78,16.8,16.76,16.76,16.75,16.76,16.74,16.71,16.69,16.64,16.43,16.02,15.73,15.65,15.52,14.92,13.7,13.06,12.98,12.72,12.07,11.76,11.27,10.69,10.18,9.69,9.35,8.8,8.6,8.31,8.01,7.98,8.01,7.98
2026-09-26 05:20:00,30.1,13.2,5.8,342,16.78,16.79,16.82,16.82,16.8,16.79,16.81,16.77,16.78,16.77,16.78,16.76,16.7,16.74,16.59,16.48,16.11,15.73,15.66,15.14,14.73,13.5,13.04,12.91,12.46,11.84,11.34,11.09,10.5,9.94,9.69,9.35,8.7,8.59,8.3,8.02,8,8.01,7.99
2026-09-26 05:30:00,30.1,13.1,5.9,335,16.8,16.79,16.82,16.82,16.79,16.78,16.8,16.75,16.75,16.72,16.72,16.72,16.67,16.64,16.6,16.46,16,15.74,15.65,15.22,14.75,13.42,13.03,12.95,12.52,11.83,11.41,11.16,10.51,9.95,9.69,9.36,8.67,8.62,8.32,8.02,7.99,8,7.99
2026-09-26 05:40:00,30.1,13.1,5.8,342,16.8,16.79,16.82,16.82,16.8,16.8,16.82,16.78,16.79,16.77,16.76,16.74,16.68,16.63,16.5,16.38,16.02,15.67,15.63,15.42,14.48,13.16,13.03,12.87,12.4,11.81,11.37,11.06,10.44,9.96,9.69,9.34,8.69,8.66,8.34,8.04,8,8.01,8
2026-09-26 05:50:00,30.1,13,6.2,341,16.8,16.8,16.83,16.83,16.8,16.79,16.81,16.77,16.77,16.74,16.74,16.72,16.7,16.7,16.62,16.42,16.02,15.65,15.54,14.97,14.02,13.07,13.02,12.85,12.51,11.94,11.7,11.15,10.69,10.14,9.72,9.36,8.72,8.61,8.31,8.03,7.98,8,7.99
2026-09-26 06:00:00,30.1,12.9,5.8,342,16.82,16.81,16.84,16.84,16.81,16.8,16.81,16.76,16.76,16.75,16.74,16.71,16.7,16.68,16.67,16.41,15.96,15.65,15.55,14.93,14,13,13,12.8,12.43,11.84,11.33,11.08,10.59,9.96,9.7,9.33,8.72,8.65,8.33,8.04,7.98,8,7.99
2026-09-26 06:10:00,30.1,12.8,7.2,343,16.83,16.83,16.86,16.86,16.83,16.82,16.84,16.8,16.79,16.75,16.76,16.74,16.7,16.69,16.64,16.5,16.35,15.71,15.52,14.9,13.96,13.01,13.02,12.82,12.44,11.89,11.42,11.04,10.59,9.97,9.63,9.08,8.75,8.62,8.24,8.09,7.98,7.99,7.98
2026-09-26 06:20:00,30.1,12.7,6,334,16.83,16.83,16.86,16.86,16.84,16.83,16.85,16.79,16.78,16.76,16.78,16.72,16.7,16.64,16.6,16.45,15.99,15.59,15.44,14.88,14.04,13.02,13.02,12.83,12.6,12.11,11.52,11.12,10.49,9.97,9.67,8.98,8.72,8.61,8.27,8.01,7.97,7.99,7.97
2026-09-26 06:30:00,30.1,12.5,4.7,329,16.85,16.85,16.88,16.88,16.85,16.84,16.86,16.8,16.79,16.78,16.79,16.73,16.72,16.62,16.58,16.49,15.94,15.51,15.33,14.12,13.22,13.03,12.97,12.74,12.36,11.78,11.36,10.98,10.33,9.98,9.6,8.84,8.72,8.56,8.27,8,7.96,7.98,7.96
2026-09-26 06:40:00,30.1,12.5,5,332,16.86,16.86,16.88,16.87,16.84,16.83,16.85,16.8,16.8,16.79,16.82,16.73,16.72,16.73,16.57,16.45,16.13,15.52,15.43,14.1,13.2,13.02,12.96,12.76,12.53,11.96,11.49,11.05,10.78,10.1,9.67,8.87,8.7,8.59,8.29,8.01,7.95,7.98,7.96
2026-09-26 06:50:00,30.1,12.4,5.2,321,16.87,16.86,16.89,16.9,16.86,16.86,16.87,16.82,16.79,16.75,16.76,16.72,16.68,16.67,16.54,16.44,15.77,15.47,15.25,14.07,13.15,13.03,12.95,12.64,12.3,11.92,11.22,10.91,10.47,9.99,9.63,8.88,8.7,8.58,8.29,8.01,7.95,7.97,7.96
2026-09-26 07:00:00,30.1,12.3,5.4,333,16.87,16.87,16.9,16.9,16.87,16.87,16.86,16.81,16.8,16.78,16.76,16.72,16.7,16.67,16.61,16.49,15.79,15.47,15.3,14.06,13.18,13.05,13.02,12.68,12.52,12.08,11.55,11.05,10.69,10,9.57,8.87,8.69,8.48,8.28,7.98,7.95,7.97,7.96
2026-09-26 07:10:00,30.1,12.2,5,326,16.87,16.86,16.89,16.89,16.86,16.85,16.87,16.83,16.83,16.79,16.78,16.75,16.69,16.68,16.61,16.49,16.29,15.52,15.26,14.06,13.13,13.03,13.04,12.74,12.53,12.09,11.49,10.97,10.65,10,9.57,8.85,8.66,8.49,8.29,7.94,7.95,7.97,7.95
2026-09-26 07:20:00,30.1,12.3,5.1,334,16.88,16.88,16.91,16.91,16.88,16.87,16.88,16.8,16.79,16.77,16.76,16.75,16.7,16.67,16.53,16.45,16.05,15.47,15.18,14.1,13.22,13.02,13.04,12.91,12.52,12.11,11.35,10.88,10.3,10.02,9.5,8.86,8.66,8.52,8.33,7.95,7.93,7.95,7.95
2026-09-26 07:30:00,30.2,12.3,4.9,345,16.89,16.89,16.92,16.92,16.89,16.88,16.89,16.84,16.85,16.83,16.81,16.73,16.68,16.62,16.52,16.4,15.55,15.25,14.25,13.56,13.02,12.99,13.01,12.66,12.37,11.96,11.28,10.81,10.18,10.04,9.51,8.84,8.67,8.51,8.3,7.94,7.93,7.95,7.93
2026-09-26 07:40:00,30.2,12.3,4.8,333,16.9,16.9,16.93,16.93,16.9,16.88,16.89,16.85,16.83,16.81,16.82,16.75,16.69,16.64,16.55,16.44,15.6,15.37,14.97,13.95,12.99,12.96,13,12.71,12.5,12.1,11.58,11.09,10.64,10.04,9.46,8.86,8.68,8.48,8.31,7.95,7.92,7.94,7.92
2026-09-26 07:50:00,30.2,12.4,4.1,328,16.91,16.91,16.94,16.93,16.91,16.9,16.88,16.85,16.85,16.8,16.82,16.79,16.71,16.64,16.5,16.42,15.5,15.23,14.08,13.38,12.95,12.94,12.96,12.66,12.46,12.03,11.42,10.93,10.24,10,9.43,8.8,8.63,8.47,8.27,7.94,7.93,7.93,7.92
2026-09-26 08:00:00,30.2,12.3,5.1,322,16.9,16.9,16.92,16.93,16.9,16.89,16.9,16.86,16.85,16.83,16.81,16.77,16.67,16.63,16.52,16.4,15.62,15.32,14.49,13.55,12.93,12.9,12.94,12.81,12.53,12.08,11.54,10.99,10.28,9.87,9.38,8.81,8.63,8.47,8.28,7.93,7.9,7.93,7.92
2026-09-26 08:10:00,30.1,12.2,5.2,326,16.91,16.9,16.93,16.93,16.9,16.89,16.89,16.85,16.85,16.77,16.75,16.72,16.67,16.56,16.48,16.4,15.54,15.31,14.33,13.58,13.08,12.87,12.89,12.78,12.59,12.42,11.7,11.06,10.43,10.01,9.35,8.81,8.66,8.45,8.29,7.94,7.91,7.91,7.91
2026-09-26 08:20:00,30.1,12.3,5.6,323,16.92,16.92,16.94,16.94,16.92,16.91,16.92,16.88,16.87,16.83,16.8,16.73,16.62,16.53,16.44,16.21,15.44,15.28,14.59,13.78,13.19,12.89,12.88,12.76,12.53,11.92,11.3,10.7,10.19,9.48,8.93,8.68,8.57,8.44,8.14,7.93,7.93,7.9,7.9
2026-09-26 08:30:00,30.2,12.5,5.4,329,16.92,16.92,16.94,16.94,16.91,16.91,16.92,16.86,16.84,16.8,16.79,16.75,16.7,16.63,16.49,16.31,15.47,15.19,14.12,13.7,13.2,12.88,12.88,12.81,12.59,12,11.48,11.02,10.51,9.53,8.95,8.68,8.55,8.39,8.14,7.9,7.91,7.92,7.9
2026-09-26 08:40:00,30.2,12.5,5.4,336,16.92,16.92,16.95,16.95,16.92,16.9,16.9,16.86,16.83,16.79,16.76,16.68,16.56,16.47,16.37,15.69,15.36,15.21,14.62,13.92,13.35,12.86,12.86,12.74,12.36,11.79,11.34,10.86,10.46,9.32,8.88,8.7,8.55,8.34,8.19,7.9,7.9,7.91,7.9
2026-09-26 08:50:00,30.2,12.6,5.6,328,16.93,16.93,16.96,16.96,16.93,16.92,16.94,16.88,16.87,16.82,16.78,16.72,16.64,16.54,16.48,16.2,15.39,15.19,14.09,13.73,13.21,12.84,12.84,12.69,12.39,11.82,11.34,10.91,10.54,9.32,8.89,8.72,8.59,8.35,8.19,7.9,7.88,7.9,7.89
2026-09-26 09:00:00,30.2,12.8,5.7,333,16.94,16.94,16.96,16.96,16.93,16.92,16.93,16.88,16.88,16.82,16.79,16.7,16.59,16.47,16.42,16.08,15.33,15.11,14.09,13.67,13.22,12.83,12.82,12.56,12.41,11.8,11.4,10.96,10.61,9.31,8.9,8.68,8.57,8.32,8.19,7.91,7.87,7.9,7.88
2026-09-26 09:10:00,30.2,13,5,347,16.95,16.94,16.97,16.97,16.94,16.91,16.92,16.87,16.86,16.82,16.81,16.72,16.62,16.53,16.45,16.21,15.35,14.93,14.05,13.43,12.95,12.8,12.79,12.48,12.21,11.65,11.37,10.95,10.47,9.03,8.86,8.66,8.54,8.3,8.13,7.9,7.89,7.9,7.88
2026-09-26 09:20:00,30.2,13.1,5.4,341,16.96,16.96,16.98,16.98,16.95,16.94,16.96,16.92,16.93,16.84,16.83,16.75,16.65,16.55,16.44,16.3,15.46,15.12,14.11,13.52,13.03,12.8,12.8,12.5,12.31,11.7,11.55,11.23,10.76,9.09,8.86,8.68,8.53,8.33,8.1,7.88,7.87,7.89,7.88
2026-09-26 09:30:00,30.2,13.1,6.4,340,16.98,16.97,16.99,16.99,16.95,16.94,16.95,16.9,16.89,16.85,16.85,16.73,16.62,16.49,16.43,16.26,15.31,14.49,13.97,13.36,12.9,12.8,12.79,12.47,11.93,11.69,11.48,11.17,10.66,9.04,8.81,8.66,8.47,8.28,8.1,7.9,7.87,7.88,7.87
2026-09-26 09:40:00,30.2,13.3,6.4,347,16.99,16.98,17,17,16.96,16.95,16.96,16.89,16.85,16.8,16.76,16.72,16.59,16.48,16.42,15.75,15.3,14.91,14.04,13.55,13.15,12.81,12.8,12.51,11.99,11.89,11.59,11.36,10.86,9,8.81,8.61,8.34,8.23,8.08,7.89,7.86,7.86,7.85
2026-09-26 09:50:00,30.2,13.3,5.4,336,17,17,17.02,17.01,16.98,16.97,16.98,16.92,16.91,16.89,16.85,16.76,16.66,16.51,16.42,16.01,15.24,14.44,13.89,13.54,12.95,12.79,12.74,12.38,11.93,11.75,11.54,11.13,10.67,8.98,8.8,8.55,8.28,8.2,8.11,8.02,7.84,7.86,7.85
2026-09-26 10:00:00,30.2,13.7,4.9,352,17.01,17,17.02,17.02,16.98,16.95,16.96,16.91,16.91,16.85,16.77,16.71,16.53,16.44,16.39,15.92,15.25,14.57,13.98,13.64,13.01,12.84,12.77,12.47,11.95,11.79,11.53,11.1,10.57,8.98,8.81,8.59,8.3,8.19,8.1,7.84,7.82,7.83,7.83
2026-09-26 10:10:00,30.2,14,5.1,332,17.05,17.03,17.04,17.03,16.98,16.97,16.97,16.93,16.92,16.86,16.82,16.71,16.55,16.43,16.37,15.55,15.24,14.55,14.02,13.58,13.01,12.87,12.75,12.41,11.86,11.79,11.44,11.02,10.46,8.97,8.77,8.52,8.28,8.17,8.08,7.99,7.8,7.82,7.81
2026-09-26 10:20:00,30.2,14,6.7,337,17.07,17.04,17.05,17.04,17,16.98,16.97,16.91,16.86,16.79,16.75,16.6,16.44,16.43,16.33,15.51,15.21,14.39,14.06,13.54,12.99,12.86,12.72,12.33,11.83,11.79,11.43,11.05,10.46,8.92,8.77,8.49,8.21,8.15,8.07,7.93,7.79,7.8,7.8
2026-09-26 10:30:00,30.2,14,5.8,337,17.08,17.06,17.06,17.06,17.01,17,17,16.93,16.91,16.85,16.77,16.69,16.49,16.45,16.36,15.53,15.2,14.45,14.1,13.42,12.98,12.8,12.65,12.11,11.79,11.77,11.39,11.08,10.4,8.89,8.78,8.38,8.2,8.11,8.01,7.79,7.78,7.81,7.79
2026-09-26 10:40:00,30.2,14.1,6.8,344,17.08,17.07,17.07,17.06,17.02,17,17,16.93,16.91,16.82,16.78,16.64,16.44,16.41,16.34,15.51,15.19,14.53,14.08,13.33,12.95,12.75,12.43,12.05,11.84,11.73,11.34,10.89,9.98,8.83,8.77,8.29,8.13,8.11,8.03,7.99,7.78,7.8,7.79
2026-09-26 10:50:00,30.2,14.1,6.7,345,17.08,17.07,17.1,17.06,17.04,17,16.99,16.91,16.85,16.82,16.78,16.63,16.44,16.4,16.34,15.57,15.19,14.33,14.04,13.12,12.91,12.74,12.35,12.18,11.85,11.75,11.42,10.95,10.05,8.9,8.78,8.34,8.17,8.1,8.02,7.98,7.79,7.8,7.79
2026-09-26 11:00:00,30.2,14.2,6.6,339,17.07,17.06,17.08,17.05,17.01,17,16.99,16.92,16.87,16.8,16.76,16.53,16.42,16.4,16.3,15.61,15.17,14.38,14.1,13.17,12.91,12.5,12.26,12.07,11.82,11.67,11.31,10.86,10.01,8.91,8.53,8.29,8.13,8.05,7.99,7.98,7.78,7.78,7.77
2026-09-26 11:10:00,30.1,14.3,6.7,343,17.07,17.05,17.08,17.07,17.03,17.02,17.02,16.96,16.95,16.92,16.79,16.56,16.43,16.43,16.36,15.83,15.27,14.46,14.13,13.21,12.87,12.38,12.21,12.03,11.74,11.65,11.17,10.79,10.05,8.95,8.53,8.26,8.14,8.04,7.97,7.96,7.83,7.77,7.76
2026-09-26 11:20:00,30.1,14.5,7.2,344,17.05,17.05,17.07,17.07,17.05,17.04,17.03,16.91,16.9,16.81,16.76,16.54,16.43,16.41,16.38,16.23,15.37,14.67,14.22,13.3,12.89,12.39,12.22,11.93,11.75,11.52,11.02,10.76,10.06,8.91,8.51,8.28,8.12,8.02,7.97,7.95,7.92,7.76,7.75
2026-09-26 11:30:00,30.1,14.7,6.5,338,17.05,17.04,17.06,17.06,17.01,16.98,16.98,16.94,16.86,16.81,16.73,16.47,16.41,16.41,16.4,15.55,15.15,14.36,14.07,13.19,12.85,12.35,12.14,11.82,11.59,11.37,10.92,10.68,10.03,8.88,8.5,8.23,8.11,8.03,7.97,7.94,7.85,7.75,7.74
2026-09-26 11:40:00,30.1,14.8,7.2,355,17.04,17.03,17.04,17.04,17,16.98,17,16.93,16.89,16.81,16.72,16.43,16.41,16.42,16.41,15.44,15.04,14.31,13.93,13.1,12.83,12.27,12.07,11.87,11.55,11.23,10.94,10.78,10.15,8.82,8.53,8.29,8.13,8.02,7.95,7.93,7.83,7.76,7.73
2026-09-26 11:50:00,30.1,15,6.4,347,17.01,17,17.03,17.03,17,16.99,16.98,16.91,16.9,16.84,16.74,16.47,16.42,16.44,16.43,15.81,15.13,14.37,13.96,13.13,12.85,12.29,12.07,11.89,11.53,11.15,10.88,10.68,10.26,8.85,8.53,8.25,8.08,8.01,7.95,7.92,7.81,7.76,7.73
2026-09-26 12:00:00,30.1,15.2,6.3,342,17.01,17,17.02,17,16.97,16.96,16.95,16.88,16.85,16.78,16.58,16.44,16.43,16.45,16.43,15.55,15.1,14.36,13.75,13.07,12.8,12.2,12.08,11.93,11.5,11.16,10.91,10.64,10.27,8.94,8.52,8.27,8.15,8.06,7.93,7.9,7.82,7.74,7.73
2026-09-26 12:10:00,30.1,15.5,5.6,345,16.98,16.98,17,16.98,16.96,16.93,16.94,16.87,16.84,16.62,16.59,16.45,16.44,16.46,16.45,15.46,14.81,14.33,13.48,13.02,12.54,12.03,11.97,11.68,11.35,11.06,10.79,10.33,9.93,8.92,8.54,8.24,8.13,8.02,7.91,7.9,7.72,7.74,7.73
2026-09-26 12:20:00,30.1,15.5,6.9,343,16.96,16.96,16.98,16.97,16.92,16.89,16.93,16.87,16.83,16.68,16.55,16.46,16.45,16.48,16.47,15.78,15.15,14.37,13.89,13.1,12.64,12.08,11.96,11.7,11.4,11.19,10.88,10.52,10.17,8.79,8.53,8.23,8.11,8.05,7.92,7.9,7.74,7.74,7.73
2026-09-26 12:30:00,30.1,15.7,6.5,334,16.94,16.93,16.95,16.95,16.92,16.86,16.87,16.81,16.8,16.71,16.61,16.49,16.48,16.5,16.5,15.76,15.05,14.39,13.81,13.08,12.48,12.1,11.98,11.5,11.29,11.28,10.84,10.2,10.04,8.81,8.4,8.2,8.08,7.96,7.9,7.89,7.72,7.74,7.72
2026-09-26 12:40:00,30.1,16.1,5.2,333,16.93,16.92,16.94,16.94,16.92,16.9,16.89,16.82,16.78,16.72,16.63,16.51,16.49,16.51,16.51,15.83,14.84,14.33,13.33,12.96,12.21,12.05,11.77,11.39,11.3,11.22,10.55,10.08,9.98,8.67,8.3,8.15,8.07,7.95,7.89,7.88,7.69,7.73,7.71
2026-09-26 12:50:00,30.1,16.3,5.3,339,16.93,16.92,16.93,16.93,16.89,16.89,16.88,16.84,16.81,16.7,16.63,16.53,16.51,16.53,16.52,15.43,14.54,14.23,13.22,12.88,12.24,11.96,11.54,11.34,11.29,11.02,10.48,10.05,9.93,8.47,8.29,8.13,8.06,7.97,7.89,7.86,7.7,7.71,7.7
2026-09-26 13:00:00,30.1,16.6,5.9,335,16.92,16.91,16.94,16.94,16.9,16.88,16.88,16.84,16.84,16.82,16.81,16.74,16.62,16.54,16.54,16.28,14.95,14.37,13.53,13,12.3,11.9,11.53,11.31,11.22,10.85,10.42,9.93,9.78,8.42,8.27,8.11,8.03,7.96,7.89,7.87,7.73,7.71,7.69
2026-09-26 13:10:00,30.1,16.8,6.1,348,16.92,16.91,16.94,16.93,16.9,16.89,16.88,16.84,16.83,16.77,16.73,16.66,16.55,16.56,16.56,15.76,14.66,14.27,13.18,12.88,12.05,11.69,11.4,11.3,11.03,10.64,10.14,9.87,9.07,8.35,8.2,8.08,8.03,7.94,7.87,7.86,7.71,7.71,7.69
2026-09-26 13:20:00,30.1,16.9,5.8,345,16.93,16.92,16.94,16.93,16.9,16.87,16.89,16.84,16.83,16.8,16.76,16.71,16.65,16.6,16.57,16.24,14.82,14.34,13.23,12.81,12.12,11.72,11.47,11.28,10.87,10.61,10.21,9.81,8.92,8.35,8.23,8.1,8.04,7.97,7.85,7.85,7.69,7.7,7.69
2026-09-26 13:30:00,30.1,17.1,6.4,353,16.92,16.91,16.94,16.93,16.91,16.89,16.89,16.85,16.85,16.8,16.77,16.69,16.65,16.65,16.59,15.78,14.65,14.19,13.19,12.84,11.99,11.64,11.38,11.2,10.86,10.65,10.29,9.8,8.77,8.31,8.15,8.05,7.99,7.94,7.84,7.82,7.68,7.69,7.68
2026-09-26 13:40:00,30.1,17.4,6.9,342,16.9,16.9,16.92,16.92,16.89,16.88,16.88,16.84,16.81,16.8,16.77,16.73,16.66,16.61,16.6,15.96,14.73,14.27,13.25,12.97,12.02,11.7,11.49,11.17,10.88,10.74,10.28,9.86,8.56,8.21,8.14,8.01,7.97,7.87,7.82,7.81,7.67,7.7,7.68
2026-09-26 13:50:00,30.1,17.6,7.5,335,16.92,16.91,16.92,16.92,16.88,16.86,16.87,16.83,16.81,16.75,16.76,16.73,16.62,16.63,16.49,15.04,14.44,13.32,13.08,12.36,11.82,11.55,11.24,11.1,10.87,10.69,10.13,9.63,8.36,8.15,8.13,8,7.92,7.85,7.81,7.75,7.66,7.68,7.68
2026-09-26 14:00:00,30.1,17.7,6.3,349,16.95,16.91,16.93,16.87,16.82,16.81,16.83,16.77,16.78,16.76,16.75,16.73,16.7,16.69,16.68,16.5,14.68,14.28,13.21,13.03,12.16,11.7,11.35,11.03,10.99,10.7,10.16,9.64,8.4,8.19,8.14,7.99,7.88,7.85,7.81,7.68,7.65,7.68,7.67
2026-09-26 14:10:00,30.1,18.1,5.1,343,16.98,16.96,16.92,16.9,16.82,16.79,16.79,16.74,16.74,16.73,16.73,16.72,16.71,16.71,16.66,16,14.59,14.1,13.18,13.04,12.15,11.58,11.29,11.02,10.96,10.6,9.81,9.34,8.5,8.16,8.15,8,7.87,7.85,7.78,7.66,7.66,7.69,7.67
2026-09-26 14:20:00,30.1,18.6,6,346,17,16.98,17,16.98,16.93,16.87,16.85,16.78,16.74,16.72,16.73,16.71,16.71,16.72,16.7,16.45,14.78,14.12,13.14,12.76,12.03,11.88,11.28,11.05,10.94,10.49,9.76,9.08,8.41,8.18,8.17,7.95,7.83,7.83,7.73,7.64,7.65,7.68,7.67
2026-09-26 14:30:00,30.1,18.4,6.4,344,17,16.99,17.02,17,16.95,16.86,16.84,16.78,16.75,16.73,16.76,16.73,16.72,16.71,16.53,15.36,14.44,13.39,13.06,12.57,11.98,11.83,11.37,11.09,10.98,10.54,9.71,9.25,8.47,8.14,8.03,7.89,7.84,7.83,7.76,7.69,7.65,7.69,7.68
2026-09-26 14:40:00,30.1,18.4,6.6,347,17.01,17,17.02,16.97,16.93,16.85,16.81,16.76,16.77,16.74,16.71,16.69,16.67,16.7,16.32,14.65,14.13,13.23,13.01,12.39,11.87,11.73,11.52,11.22,10.97,10.54,10.17,9.07,8.47,8.1,8,7.87,7.81,7.81,7.67,7.65,7.66,7.68,7.67
2026-09-26 14:50:00,30.1,18.3,5.3,340,17.01,17,16.99,16.96,16.91,16.81,16.79,16.74,16.72,16.69,16.71,16.7,16.71,16.67,15.71,14.51,13.66,13.1,12.98,12.1,11.79,11.67,11.54,11.1,10.82,10.45,9.96,8.71,8.38,8.16,7.97,7.87,7.78,7.75,7.67,7.64,7.65,7.68,7.67
2026-09-26 15:00:00,30.1,18.3,4.6,342,17,16.99,16.99,16.97,16.86,16.84,16.84,16.8,16.8,16.78,16.79,16.72,16.65,16.56,16.07,14.5,13.71,13.09,12.9,12.01,11.75,11.61,11.53,11.03,10.77,10.45,9.94,8.55,8.2,8.01,7.9,7.83,7.77,7.77,7.65,7.64,7.65,7.67,7.66
2026-09-26 15:10:00,30.1,18.3,4.4,340,16.98,16.95,16.94,16.9,16.85,16.84,16.85,16.81,16.82,16.78,16.79,16.71,16.59,16.4,15.54,14.42,13.52,13.02,12.87,12.07,11.69,11.47,11.47,10.91,10.66,10.35,9.55,8.47,8.13,7.96,7.84,7.78,7.77,7.79,7.71,7.66,7.66,7.68,7.67
2026-09-26 15:20:00,30.1,18.5,4.7,353,16.9,16.89,16.91,16.91,16.88,16.87,16.87,16.83,16.82,16.8,16.81,16.77,16.55,16.47,15.62,14.23,13.49,13,12.63,12.03,11.71,11.41,11.41,10.91,10.66,10.33,9.62,8.51,8.12,7.98,7.82,7.76,7.76,7.76,7.67,7.65,7.66,7.68,7.66
2026-09-26 15:30:00,30.1,18.5,4.6,350,16.9,16.89,16.91,16.9,16.87,16.84,16.85,16.8,16.8,16.78,16.8,16.77,16.49,16.2,14.8,13.85,13.25,12.94,12.29,11.91,11.74,11.39,11.3,10.83,10.51,10.24,9.31,8.48,8.16,8.01,7.82,7.76,7.76,7.77,7.72,7.68,7.66,7.68,7.67
2026-09-26 15:40:00,30.1,18.4,4.5,353,16.9,16.9,16.92,16.91,16.87,16.86,16.86,16.81,16.8,16.78,16.78,16.67,16.44,16.07,14.66,13.86,13.36,12.94,12.26,11.95,11.7,11.37,11.28,10.86,10.59,10.28,9.44,8.58,8.24,8.01,7.8,7.76,7.76,7.75,7.65,7.64,7.64,7.67,7.67
2026-09-26 15:50:00,30.1,18.5,5.2,352,16.9,16.89,16.92,16.91,16.87,16.85,16.85,16.8,16.8,16.75,16.73,16.54,16.32,15.98,14.53,13.78,13.24,12.88,12.15,11.9,11.6,11.31,11.11,10.82,10.5,10.21,9.23,8.39,8.2,8.01,7.85,7.76,7.73,7.69,7.64,7.64,7.65,7.68,7.67
2026-09-26 16:00:00,30.1,18.6,4.2,351,16.92,16.91,16.93,16.93,16.9,16.89,16.9,16.81,16.8,16.78,16.77,16.62,16.35,15.83,14.57,13.75,13.24,12.85,12.26,12,11.63,11.2,11.09,10.75,10.44,10.17,9.15,8.47,8.3,8.02,7.83,7.77,7.72,7.68,7.65,7.64,7.66,7.68,7.68
2026-09-26 16:10:00,30.1,18.5,3.9,339,16.92,16.92,16.94,16.94,16.91,16.89,16.89,16.83,16.79,16.76,16.76,16.61,16.4,15.76,14.37,13.69,13.17,12.7,12.25,11.87,11.57,11.14,11.01,10.6,10.27,10.08,8.73,8.46,8.45,8.07,7.95,7.76,7.67,7.68,7.64,7.64,7.66,7.68,7.68
2026-09-26 16:20:00,30.1,18.8,4,328,16.94,16.93,16.96,16.96,16.93,16.92,16.94,16.88,16.85,16.76,16.75,16.53,16.2,15.29,14.23,13.6,13.19,12.7,12.14,11.83,11.52,11.13,10.95,10.56,10.29,9.74,8.72,8.51,8.47,8.07,7.93,7.75,7.7,7.69,7.65,7.65,7.66,7.69,7.68
2026-09-26 16:30:00,30.1,18.8,3.4,330,16.94,16.93,16.95,16.96,16.93,16.92,16.93,16.88,16.87,16.77,16.76,16.56,16.1,15.33,14.29,13.49,13.11,12.68,12.08,11.79,11.43,11.13,10.86,10.51,10.25,9.75,8.93,8.47,8.31,7.98,8.01,7.93,7.68,7.69,7.65,7.65,7.66,7.69,7.69
2026-09-26 16:40:00,30.1,18.5,3.4,341,16.95,16.94,16.96,16.96,16.93,16.91,16.92,16.88,16.86,16.74,16.73,16.42,16.06,15,14.17,13.4,13.02,12.63,12.05,11.73,11.44,11.12,11.01,10.58,10.26,9.91,9.23,8.55,8.25,8.03,7.91,7.76,7.69,7.69,7.65,7.65,7.66,7.69,7.68
2026-09-26 16:50:00,30.1,18.3,3.9,338,16.95,16.95,16.97,16.97,16.94,16.92,16.93,16.87,16.77,16.72,16.7,16.32,15.86,14.53,14.03,13.31,12.96,12.45,12.03,11.72,11.43,11.13,11.04,10.57,10.22,9.93,9.13,8.65,8.31,8.04,7.85,7.76,7.7,7.7,7.66,7.64,7.66,7.69,7.68
2026-09-26 17:00:00,30.1,18.4,4.7,344,16.95,16.94,16.97,16.97,16.94,16.93,16.94,16.88,16.85,16.72,16.7,16.37,15.83,14.62,14,13.3,13.01,12.46,12.02,11.68,11.36,11.11,10.79,10.47,10.17,9.93,9.14,8.94,8.43,8.11,7.89,7.75,7.67,7.68,7.65,7.65,7.66,7.69,7.68
2026-09-26 17:10:00,30.1,19,4.5,347,16.95,16.95,16.97,16.97,16.94,16.94,16.94,16.88,16.86,16.74,16.7,16.39,15.7,14.49,13.98,13.29,13,12.5,12.02,11.52,11.31,11.22,10.99,10.5,10.23,9.98,8.87,8.57,8.22,7.98,7.89,7.72,7.7,7.69,7.65,7.65,7.66,7.69,7.68
2026-09-26 17:20:00,30.1,18.9,5,346,16.96,16.95,16.97,16.97,16.95,16.94,16.94,16.89,16.84,16.72,16.69,16.34,15.63,14.58,13.97,13.29,13.02,12.74,12.07,11.59,11.39,11.11,10.86,10.46,10.19,9.69,9.27,8.64,8.22,8.11,7.78,7.7,7.69,7.69,7.65,7.65,7.66,7.69,7.68
2026-09-26 17:30:00,30,19.2,5.7,348,16.95,16.95,16.97,16.97,16.95,16.94,16.95,16.88,16.86,16.7,16.69,16.26,15.28,14.42,13.91,13.26,13,12.56,12.06,11.55,11.46,11.13,10.92,10.42,10.17,9.78,9.26,8.69,8.33,8.02,7.92,7.75,7.7,7.7,7.65,7.64,7.66,7.69,7.68
2026-09-26 17:40:00,30,19.6,5.7,352,16.95,16.95,16.97,16.97,16.94,16.93,16.94,16.88,16.74,16.67,16.46,15.84,15.03,14.37,13.88,13.25,13.04,12.8,12.27,11.64,11.53,11.07,10.86,10.39,10.15,9.77,9.21,8.61,8.44,8.13,7.97,7.81,7.72,7.69,7.64,7.64,7.65,7.68,7.68
2026-09-26 17:50:00,30,19.5,6.3,346,16.95,16.94,16.97,16.97,16.95,16.94,16.95,16.89,16.77,16.66,16.63,16.26,15.15,14.51,13.98,13.25,13.05,12.83,12.25,11.69,11.29,11.1,10.78,10.36,10.08,9.53,9.01,8.54,8.49,8.16,8.03,7.92,7.78,7.75,7.65,7.65,7.65,7.68,7.67
2026-09-26 18:00:00,30,19.2,6.5,350,16.95,16.94,16.97,16.97,16.95,16.94,16.96,16.88,16.68,16.63,16.28,15.81,14.9,14.34,13.89,13.16,12.97,12.71,12.23,11.75,11.31,11.21,10.72,10.36,10,9.34,9.03,8.68,8.48,8.29,8.13,7.95,7.83,7.77,7.65,7.64,7.65,7.68,7.67
2026-09-26 18:10:00,30,18.6,6.7,344,16.94,16.93,16.97,16.96,16.93,16.92,16.94,16.88,16.88,16.72,16.65,16.35,15.55,14.62,13.93,13.18,12.95,12.66,12.22,11.73,11.4,11.25,10.74,10.42,10.12,9.4,9.1,8.65,8.44,8.24,8.17,7.95,7.8,7.75,7.66,7.64,7.65,7.68,7.67
2026-09-26 18:20:00,30,18.1,6.4,344,16.93,16.92,16.95,16.96,16.93,16.92,16.92,16.88,16.76,16.65,16.6,15.98,14.89,14.29,13.56,13.06,12.9,12.48,12.18,11.64,11.45,11.3,10.73,10.42,10.12,9.53,9.02,8.83,8.5,8.27,8.17,8.02,7.78,7.73,7.67,7.63,7.64,7.68,7.67
2026-09-26 18:30:00,30,17.8,6,341,16.92,16.92,16.95,16.95,16.92,16.91,16.93,16.89,16.81,16.63,16.58,15.96,14.98,14.29,13.59,13.05,12.83,12.32,12,11.72,11.56,11.29,10.79,10.57,10.17,9.64,9.14,8.82,8.5,8.29,8.2,7.86,7.75,7.7,7.63,7.63,7.64,7.67,7.67
2026-09-26 18:40:00,30,17.8,6.6,341,16.91,16.91,16.94,16.94,16.92,16.9,16.92,16.77,16.67,16.6,16.55,15.92,14.9,14.22,13.47,13.07,12.86,12.34,11.95,11.75,11.54,11.11,10.74,10.35,10.03,9.79,9.15,8.88,8.56,8.22,8.19,7.82,7.75,7.75,7.67,7.62,7.64,7.67,7.66
2026-09-26 18:50:00,30,17.5,6,340,16.91,16.9,16.93,16.94,16.91,16.9,16.9,16.86,16.84,16.63,16.57,15.5,14.79,13.98,13.17,13.06,12.8,12.3,11.91,11.71,11.46,10.94,10.77,10.27,10.01,9.75,9.22,8.89,8.7,8.24,8.15,7.81,7.72,7.72,7.64,7.62,7.63,7.66,7.66
2026-09-26 19:00:00,30,17.1,5.2,335,16.9,16.9,16.92,16.92,16.9,16.89,16.9,16.83,16.75,16.64,16.57,15.31,14.76,14.06,13.22,13.08,12.79,12.29,11.88,11.66,11.3,10.95,10.61,10.33,10.06,9.71,9.12,8.83,8.62,8.23,8.12,7.85,7.77,7.72,7.67,7.64,7.63,7.66,7.66
2026-09-26 19:10:00,30,16.9,5.5,337,16.89,16.89,16.92,16.92,16.9,16.89,16.91,16.86,16.81,16.62,16.49,15.07,14.37,13.9,13.21,13.03,12.72,12.19,11.83,11.57,11.13,10.94,10.57,10.24,10.03,9.55,9.16,8.88,8.67,8.24,8.14,7.83,7.8,7.78,7.7,7.65,7.64,7.67,7.65
2026-09-26 19:20:00,30,16.9,5.6,338,16.88,16.87,16.9,16.91,16.88,16.87,16.88,16.8,16.78,16.67,16.56,15.82,14.85,14.05,13.22,13.01,12.48,11.95,11.77,11.57,11.36,10.9,10.55,10.19,9.93,9.55,9.15,8.84,8.39,8.2,7.99,7.81,7.74,7.75,7.69,7.65,7.63,7.66,7.65
2026-09-26 19:30:00,30,16.9,5.8,344,16.87,16.87,16.9,16.9,16.87,16.86,16.87,16.8,16.78,16.65,16.57,15.32,14.35,13.88,13.06,12.88,12.48,11.87,11.7,11.53,11.13,10.8,10.46,10.19,9.92,9.48,9.11,8.8,8.33,8.2,7.96,7.85,7.7,7.7,7.64,7.63,7.62,7.66,7.64
2026-09-26 19:40:00,30.1,16.8,5.2,339,16.86,16.86,16.89,16.89,16.86,16.85,16.86,16.82,16.81,16.63,16.49,15.28,14.45,13.89,13.11,12.87,12.4,12.04,11.75,11.54,11.22,10.88,10.39,10.18,9.92,9.37,8.99,8.77,8.38,8.27,8.07,7.83,7.68,7.67,7.63,7.63,7.63,7.65,7.64
2026-09-26 19:50:00,30,16.7,5,337,16.85,16.84,16.87,16.87,16.82,16.81,16.81,16.73,16.64,16.56,16.04,14.87,14.18,13.57,13.06,12.76,12.29,11.94,11.68,11.55,11.16,10.83,10.42,10.17,9.89,9.37,8.97,8.76,8.36,8.19,8.15,7.83,7.67,7.65,7.62,7.62,7.63,7.66,7.65
2026-09-26 20:00:00,30,16.8,5.6,343,16.85,16.85,16.88,16.88,16.86,16.85,16.86,16.82,16.76,16.64,16.51,15.39,14.2,13.8,13.08,12.67,12.23,11.83,11.59,11.34,11.11,10.76,10.36,10.06,9.83,9.23,8.89,8.68,8.33,8.22,8.14,7.78,7.66,7.66,7.6,7.6,7.61,7.64,7.64
2026-09-26 20:10:00,30,16.9,7.2,343,16.85,16.84,16.87,16.87,16.84,16.83,16.86,16.8,16.75,16.63,16.48,15.35,14.1,13.36,13.09,12.68,12.25,11.85,11.6,11.38,11.07,10.56,10.21,10.05,9.75,9.28,8.89,8.64,8.29,8.21,7.92,7.76,7.64,7.66,7.62,7.61,7.6,7.62,7.62
2026-09-26 20:20:00,30,16.8,6.8,349,16.84,16.84,16.87,16.86,16.83,16.81,16.81,16.75,16.69,16.6,16.45,15.24,14.08,13.29,13.02,12.69,12.26,11.85,11.6,11.34,10.82,10.43,10.16,9.94,9.77,9.46,8.98,8.76,8.42,8.19,8.05,7.74,7.7,7.67,7.63,7.58,7.59,7.62,7.61
2026-09-26 20:30:00,30,16.6,6.5,351,16.82,16.82,16.85,16.85,16.83,16.82,16.82,16.72,16.67,16.55,16.41,14.84,14.02,13.2,12.96,12.63,12.18,11.75,11.55,11.21,10.65,10.3,10.11,9.86,9.71,9.25,8.86,8.67,8.36,8.16,7.96,7.72,7.69,7.67,7.59,7.57,7.58,7.62,7.61
2026-09-26 20:40:00,30,16.4,5.8,347,16.81,16.81,16.84,16.84,16.82,16.79,16.78,16.7,16.68,16.57,16.48,15.53,14.02,13.24,12.94,12.54,12.07,11.78,11.65,11.26,10.54,10.15,10.03,9.83,9.69,9.28,8.82,8.63,8.35,8.16,7.9,7.72,7.68,7.67,7.58,7.57,7.58,7.61,7.61
2026-09-26 20:50:00,30,16.6,6,348,16.8,16.8,16.83,16.83,16.8,16.79,16.8,16.73,16.69,16.71,16.4,14.67,13.64,13.22,12.86,12.36,11.93,11.75,11.64,11.07,10.54,10.1,9.93,9.65,9.36,9.15,8.8,8.61,8.36,8.19,7.89,7.73,7.7,7.68,7.63,7.57,7.58,7.61,7.6
2026-09-26 21:00:00,30,16.5,5.9,345,16.79,16.79,16.82,16.82,16.79,16.78,16.79,16.72,16.71,16.58,16.45,14.76,13.91,13.3,12.81,12.31,11.91,11.75,11.59,11.13,10.59,10.11,9.93,9.55,9.27,9.09,8.74,8.52,8.35,8.16,7.9,7.75,7.69,7.69,7.6,7.56,7.58,7.61,7.6
2026-09-26 21:10:00,30,16.4,6.7,352,16.77,16.77,16.8,16.81,16.78,16.77,16.79,16.73,16.72,16.63,16.46,14.72,13.7,13.24,12.82,12.38,11.91,11.75,11.53,11.1,10.63,10.07,9.83,9.46,9.14,8.94,8.72,8.51,8.37,8.16,7.89,7.73,7.68,7.71,7.58,7.56,7.58,7.6,7.6
2026-09-26 21:20:00,30,16.4,6.4,346,16.76,16.75,16.79,16.79,16.75,16.73,16.74,16.68,16.65,16.59,16.5,15.01,13.87,13.25,12.81,12.32,11.91,11.77,11.46,11.07,10.59,10.05,9.84,9.35,8.95,8.81,8.66,8.54,8.46,8.2,7.86,7.73,7.7,7.71,7.65,7.56,7.57,7.6,7.59
2026-09-26 21:30:00,30,16.3,7.3,343,16.75,16.75,16.78,16.77,16.74,16.73,16.74,16.69,16.66,16.61,16.11,14.6,13.41,12.94,12.59,12.3,11.9,11.63,11.38,10.98,10.46,10.01,9.79,9.45,8.84,8.69,8.6,8.49,8.45,8.16,7.9,7.73,7.72,7.7,7.59,7.56,7.57,7.6,7.6
2026-09-26 21:40:00,30,16.2,7,349,16.74,16.73,16.76,16.76,16.74,16.73,16.74,16.7,16.7,16.58,16.57,14.84,13.55,13.04,12.74,12.35,11.94,11.67,11.32,10.98,10.47,9.88,9.71,9.37,9.03,8.67,8.57,8.47,8.46,8.32,7.96,7.74,7.72,7.71,7.65,7.56,7.57,7.6,7.6
2026-09-26 21:50:00,30,16,6.5,353,16.72,16.72,16.75,16.75,16.72,16.71,16.72,16.67,16.63,16.56,16.31,14.43,13.34,12.89,12.53,12.21,11.89,11.49,11.18,10.82,10.4,9.84,9.68,9.16,9.02,8.71,8.55,8.48,8.49,8.36,7.98,7.74,7.73,7.71,7.61,7.56,7.58,7.6,7.6
2026-09-26 22:00:00,30,15.8,6.1,340,16.71,16.71,16.74,16.74,16.72,16.71,16.7,16.64,16.66,16.55,16.35,14.44,13.39,12.91,12.51,12.18,11.87,11.51,11.24,10.62,10.31,9.88,9.64,9.18,8.92,8.71,8.6,8.46,8.49,8.3,7.93,7.74,7.74,7.73,7.59,7.56,7.57,7.6,7.59
2026-09-26 22:10:00,30,15.7,5.9,336,16.71,16.7,16.73,16.73,16.7,16.68,16.69,16.65,16.62,16.53,16.28,14.32,13.36,12.89,12.49,12.19,11.91,11.62,11.18,10.61,10.08,9.75,9.64,9.09,8.92,8.76,8.63,8.56,8.5,8.34,7.97,7.76,7.73,7.71,7.56,7.56,7.57,7.6,7.59
2026-09-26 22:20:00,30,15.5,6.7,342,16.7,16.69,16.72,16.72,16.69,16.66,16.64,16.59,16.47,16.43,16.05,14.07,13.23,12.88,12.52,12.21,11.93,11.54,11.15,10.6,9.83,9.71,9.62,9.16,8.91,8.74,8.67,8.63,8.6,8.34,7.99,7.74,7.7,7.69,7.57,7.56,7.57,7.6,7.59
2026-09-26 22:30:00,30,15.4,6.1,341,16.69,16.69,16.72,16.72,16.69,16.67,16.66,16.64,16.62,16.41,14.94,13.76,13.07,12.78,12.41,12.08,11.85,11.3,10.9,10.42,9.8,9.71,9.62,9.18,8.96,8.84,8.75,8.65,8.5,8.28,7.84,7.73,7.69,7.64,7.58,7.56,7.57,7.6,7.59
2026-09-26 22:40:00,30,15.3,5.6,327,16.69,16.69,16.72,16.72,16.69,16.68,16.69,16.64,16.64,16.58,16.07,14.17,13.32,12.88,12.43,12.11,11.87,11.34,10.88,10.41,9.8,9.67,9.59,9.18,9.02,8.81,8.73,8.54,8.36,8.22,7.9,7.73,7.68,7.65,7.56,7.55,7.56,7.59,7.59
2026-09-26 22:50:00,30,15.2,5.2,344,16.69,16.68,16.71,16.71,16.68,16.67,16.67,16.63,16.61,16.55,16.01,13.99,13.19,12.83,12.25,12.05,11.89,11.23,10.79,10.32,9.81,9.63,9.54,9.15,9,8.83,8.75,8.46,8.32,8.15,7.97,7.73,7.65,7.58,7.55,7.55,7.56,7.59,7.58
2026-09-26 23:00:00,30,15,4.2,335,16.68,16.68,16.71,16.71,16.69,16.68,16.69,16.65,16.6,16.57,16.41,14.31,13.39,12.89,12.46,12.11,11.89,11.21,10.55,10.21,9.84,9.66,9.57,9.27,8.98,8.86,8.7,8.44,8.33,8.17,7.85,7.7,7.63,7.6,7.54,7.54,7.56,7.59,7.58
2026-09-26 23:10:00,30,14.8,4.3,343,16.68,16.67,16.7,16.7,16.67,16.66,16.67,16.63,16.63,16.59,15.84,13.9,13.13,12.73,12.27,12.02,11.72,11.02,10.39,10.1,9.86,9.68,9.62,9.35,8.97,8.92,8.71,8.41,8.34,8.08,7.77,7.73,7.64,7.61,7.54,7.54,7.56,7.59,7.58
2026-09-26 23:20:00,30,14.8,4.8,348,16.66,16.66,16.7,16.7,16.67,16.67,16.69,16.64,16.62,16.5,15.62,13.87,13.1,12.7,12.24,12.02,11.81,10.92,10.27,9.98,9.85,9.7,9.43,9.14,8.92,8.86,8.74,8.42,8.36,8.11,7.79,7.65,7.59,7.58,7.54,7.53,7.55,7.58,7.57
2026-09-26 23:30:00,30,14.9,5.5,352,16.67,16.67,16.7,16.7,16.67,16.66,16.66,16.61,16.59,16.47,15.75,13.9,13.1,12.64,12.2,12.01,11.54,10.74,10.1,10,9.89,9.79,9.57,9.22,8.9,8.83,8.69,8.45,8.31,8.2,8,7.69,7.6,7.6,7.54,7.54,7.56,7.58,7.57
2026-09-26 23:40:00,30,14.8,5.6,334,16.66,16.65,16.69,16.69,16.66,16.66,16.66,16.6,16.59,16.4,15.35,13.75,12.87,12.44,12.11,11.97,11.45,10.73,10.2,10,9.77,9.39,9.3,9.18,8.88,8.89,8.85,8.58,8.42,8.27,7.94,7.66,7.58,7.6,7.56,7.55,7.54,7.57,7.57
2026-09-26 23:50:00,30,14.5,5.8,340,16.66,16.65,16.68,16.68,16.66,16.65,16.67,16.63,16.62,16.55,15.88,13.82,13.03,12.63,12.18,12.02,11.42,10.84,10.19,10.13,9.98,9.27,8.92,8.87,8.85,8.82,8.8,8.74,8.7,8.35,7.78,7.6,7.58,7.59,7.55,7.54,7.55,7.58,7.57
2026-09-27,30,14.1,5.9,338,16.65,16.65,16.68,16.68,16.65,16.65,16.67,16.63,16.62,16.51,15.86,13.76,12.9,12.32,12.16,11.91,11.05,10.48,10.17,10.04,9.75,9.1,9.02,8.94,8.9,8.9,8.84,8.81,8.77,8.31,7.84,7.66,7.58,7.6,7.55,7.54,7.55,7.58,7.57
2026-09-27 00:10:00,30,13.9,6.1,338,16.64,16.64,16.67,16.67,16.65,16.64,16.66,16.62,16.62,16.57,16.29,14.19,13.24,12.48,12.2,11.97,11.01,10.5,10.13,9.75,9.27,9.22,9.25,9.17,9.08,9.03,8.92,8.86,8.64,8.19,7.72,7.59,7.59,7.6,7.55,7.54,7.55,7.57,7.56
2026-09-27 00:20:00,30,13.9,5.7,333,16.64,16.64,16.67,16.67,16.64,16.64,16.65,16.62,16.61,16.55,15.81,14.28,13.31,12.38,12.2,11.9,11.01,10.46,9.99,9.43,9.34,9.34,9.37,9.34,9.33,9.19,8.91,8.82,8.62,8.06,7.64,7.58,7.58,7.58,7.54,7.54,7.55,7.57,7.56
2026-09-27 00:30:00,30,13.9,6.1,334,16.63,16.62,16.65,16.65,16.63,16.62,16.65,16.61,16.62,16.6,16.45,14.72,13.31,12.37,12.13,11.46,10.65,10.1,9.67,9.56,9.53,9.52,9.53,9.49,9.44,9.29,8.81,8.56,8.54,7.87,7.63,7.56,7.55,7.59,7.53,7.53,7.54,7.57,7.56
2026-09-27 00:40:00,30,13.4,6.6,331,16.62,16.62,16.64,16.65,16.63,16.62,16.64,16.6,16.6,16.52,15.58,13.74,12.8,12.29,12.1,11.41,10.75,10.35,9.7,9.7,9.69,9.65,9.61,9.37,9.14,8.67,8.52,8.49,8.48,8.16,7.96,7.62,7.56,7.59,7.55,7.52,7.54,7.57,7.56
2026-09-27 00:50:00,30,13.6,6.9,349,16.6,16.6,16.63,16.63,16.61,16.6,16.62,16.57,16.57,16.51,16.49,14.73,13.44,12.38,12.16,11.49,10.89,10.51,9.72,9.72,9.71,9.49,9.36,9.23,8.79,8.58,8.48,8.44,8.28,8.11,7.76,7.53,7.54,7.57,7.54,7.53,7.54,7.57,7.56
2026-09-27 01:00:00,30,13.4,7,329,16.59,16.59,16.62,16.63,16.6,16.6,16.61,16.57,16.56,16.48,15.79,13.96,13.22,12.34,12.14,11.35,10.94,10.67,10.31,9.85,9.79,9.69,9.54,9.18,8.87,8.59,8.5,8.38,8.28,8.02,7.83,7.7,7.52,7.55,7.51,7.51,7.53,7.56,7.55
2026-09-27 01:10:00,30,13.3,7,342,16.59,16.59,16.62,16.62,16.59,16.58,16.59,16.55,16.55,16.5,16.35,14.92,13.55,12.35,12.08,11.37,10.9,10.73,10.44,10.11,9.95,9.64,9.46,9.08,9.02,8.79,8.48,8.27,8.24,7.97,7.81,7.54,7.51,7.53,7.5,7.5,7.51,7.55,7.53
2026-09-27 01:20:00,30,13.2,7,338,16.57,16.57,16.6,16.6,16.57,16.56,16.58,16.53,16.52,16.44,16.41,14.33,13.51,12.37,12.19,11.48,10.82,10.38,10.35,10.23,9.93,9.6,9.49,8.81,8.74,8.64,8.42,8.29,8.12,7.87,7.66,7.52,7.5,7.51,7.49,7.49,7.5,7.53,7.53
2026-09-27 01:30:00,30,13.2,5.7,337,16.56,16.55,16.59,16.59,16.56,16.55,16.57,16.51,16.47,16.36,16.15,13.88,13.19,12.3,12.2,11.69,10.87,10.6,10.43,10.23,9.84,9.65,9.55,9.34,8.67,8.49,8.33,8.21,8.09,7.89,7.61,7.51,7.49,7.51,7.48,7.47,7.49,7.52,7.52
2026-09-27 01:40:00,30,13.3,6.7,345,16.55,16.55,16.57,16.57,16.55,16.54,16.55,16.47,16.46,16.4,16.06,13.83,13.11,12.31,12.22,11.77,10.9,10.51,10.27,9.91,9.77,9.69,9.58,9.28,8.74,8.53,8.37,8.31,8.1,7.69,7.63,7.5,7.49,7.51,7.48,7.48,7.49,7.52,7.51
2026-09-27 01:50:00,30,13.3,7.3,337,16.52,16.52,16.55,16.56,16.53,16.51,16.5,16.47,16.44,16.36,15.82,13.72,13.39,12.35,12.25,11.62,10.99,10.72,10.7,10.51,10.14,9.83,9.77,9.3,8.68,8.54,8.44,8.27,7.94,7.67,7.6,7.53,7.5,7.52,7.49,7.49,7.5,7.53,7.52
2026-09-27 02:00:00,30,13.3,7.4,342,16.51,16.51,16.54,16.54,16.52,16.51,16.52,16.47,16.42,16.32,14.88,13.63,12.76,12.34,12.23,11.72,11.19,10.81,10.71,10.63,9.99,9.8,9.7,9.09,8.51,8.51,8.34,7.95,7.81,7.64,7.6,7.51,7.51,7.53,7.49,7.49,7.5,7.53,7.52
2026-09-27 02:10:00,30,13.3,7.6,344,16.5,16.5,16.53,16.53,16.49,16.47,16.48,16.44,16.42,16.29,15.24,13.71,13.09,12.34,12.17,11.87,11.37,10.97,10.88,10.69,10.34,9.85,9.78,9.24,8.74,8.37,8.12,8,7.73,7.64,7.6,7.49,7.49,7.53,7.49,7.49,7.5,7.53,7.52
2026-09-27 02:20:00,30,13.2,7.5,340,16.48,16.48,16.51,16.51,16.48,16.48,16.49,16.42,16.34,15.4,14.2,13.56,12.96,12.34,11.97,11.48,11.36,11.06,10.9,10.64,10.14,9.82,9.53,9.01,8.51,8.38,8.08,7.86,7.7,7.63,7.61,7.49,7.5,7.52,7.49,7.49,7.5,7.53,7.53
2026-09-27 02:30:00,30,13.3,8.2,344,16.46,16.46,16.49,16.5,16.47,16.47,16.48,16.42,16.34,15.89,14.94,13.55,13.07,12.36,12.04,11.52,11.37,11.1,10.89,10.63,10.23,9.81,9.48,9.12,8.51,8.41,8.11,7.78,7.72,7.63,7.61,7.54,7.49,7.51,7.48,7.48,7.5,7.53,7.52
2026-09-27 02:40:00,30,13.1,7.6,353,16.44,16.43,16.46,16.46,16.41,16.4,16.37,16.28,16.17,15.56,14.46,13.48,12.74,12.34,12.12,11.58,11.44,11.18,10.92,10.54,9.85,9.79,9.54,9.18,8.56,8.33,8.2,8.07,7.89,7.74,7.66,7.57,7.53,7.51,7.48,7.48,7.49,7.52,7.51
2026-09-27 02:50:00,30,13,8.2,342,16.4,16.39,16.42,16.43,16.4,16.4,16.41,16.31,16.31,16.28,15.68,13.54,12.41,12.3,12.04,11.57,11.47,11.08,10.89,10.09,9.87,9.71,9.23,8.98,8.44,8.36,8.29,8.15,8,7.67,7.66,7.56,7.52,7.51,7.48,7.48,7.49,7.52,7.51
2026-09-27 03:00:00,30,13,6.7,346,16.36,16.36,16.38,16.39,16.36,16.35,16.35,16.3,16.25,16.09,15.31,13.52,12.45,12.33,11.97,11.57,11.35,11.05,10.8,9.87,9.64,9.51,9.4,9.03,8.67,8.38,8.34,8.2,8.01,7.73,7.69,7.6,7.52,7.51,7.48,7.48,7.49,7.52,7.52
2026-09-27 03:10:00,30,12.9,7.4,344,16.31,16.3,16.33,16.33,16.29,16.28,16.3,16.27,16.21,16.1,15.62,13.66,12.82,12.22,11.97,11.53,11.2,11.04,10.96,9.75,9.56,9.24,9.19,9.14,8.89,8.54,8.35,8.18,8.04,7.76,7.68,7.63,7.6,7.54,7.48,7.48,7.49,7.52,7.51
2026-09-27 03:20:00,30,12.8,7.9,336,16.28,16.28,16.3,16.29,16.26,16.23,16.23,16.16,16.11,15.91,15.14,13.47,12.53,12.3,11.82,11.58,11.33,11.12,9.94,9.65,9.45,9.35,9.33,9.29,8.81,8.7,8.35,8.16,8.03,7.79,7.71,7.6,7.54,7.55,7.48,7.48,7.49,7.52,7.51
2026-09-27 03:30:00,30,12.8,6.9,344,16.23,16.22,16.25,16.25,16.23,16.2,16.2,16.15,16.07,15.88,15.54,13.8,12.75,12.29,11.95,11.58,11.24,10.97,9.78,9.75,9.7,9.49,9.36,8.89,8.7,8.66,8.34,8.11,8.08,7.84,7.77,7.6,7.54,7.54,7.49,7.48,7.5,7.52,7.52
2026-09-27 03:40:00,30,12.7,7.6,349,16.05,16.06,16.07,16.08,16.05,16.05,16.06,16,15.88,15.76,15.57,14.98,13.34,12.33,12.02,11.71,11.14,10.71,9.93,9.87,9.79,9.65,9.05,8.61,8.57,8.55,8.31,8.11,8.06,7.94,7.87,7.72,7.57,7.54,7.49,7.48,7.49,7.52,7.51
2026-09-27 03:50:00,30,12.6,8.3,333,15.93,15.92,15.95,15.95,15.92,15.91,15.91,15.85,15.83,15.78,15.63,15.04,13.43,12.41,12.25,11.66,11.19,10.87,10.4,9.93,9.79,9.59,9.12,8.52,8.43,8.39,8.14,8.02,8,7.95,7.83,7.69,7.55,7.53,7.49,7.47,7.49,7.51,7.51
2026-09-27 04:00:00,30,12.5,7.4,350,15.92,15.92,15.95,15.95,15.92,15.9,15.92,15.85,15.77,15.73,15.6,14.81,13.36,12.38,12.13,11.7,11.25,10.59,10.06,9.89,9.73,9.56,9.23,8.73,8.41,8.29,8.16,8.02,8.01,7.94,7.86,7.62,7.5,7.51,7.47,7.47,7.48,7.51,7.5
2026-09-27 04:10:00,30,12.5,7.8,352,15.92,15.91,15.94,15.94,15.91,15.9,15.9,15.86,15.83,15.7,15.46,15.01,13.76,12.59,12.26,11.73,11.15,10.48,10.24,9.95,9.85,9.59,9.18,8.85,8.35,8.32,8.17,8.07,8,7.92,7.65,7.52,7.51,7.51,7.45,7.46,7.47,7.5,7.49
2026-09-27 04:20:00,30,12.5,7.3,338,15.87,15.87,15.9,15.9,15.87,15.86,15.86,15.8,15.75,15.72,15.58,15.34,15.02,12.92,12.25,11.8,10.83,10.5,10.15,9.97,9.8,9.58,8.96,8.67,8.31,8.31,8.12,8.01,8.03,7.94,7.72,7.51,7.48,7.5,7.46,7.46,7.46,7.49,7.48
2026-09-27 04:30:00,30,12.5,6.2,354,15.87,15.86,15.89,15.89,15.85,15.84,15.85,15.81,15.79,15.75,15.68,15.67,14.93,12.91,12.04,11.82,10.64,10.49,10.19,9.98,9.72,9.25,8.84,8.52,8.22,8.15,8.08,8,7.94,7.8,7.57,7.47,7.47,7.49,7.46,7.45,7.45,7.49,7.48
2026-09-27 04:40:00,30,12.6,6.7,345,15.86,15.86,15.9,15.88,15.84,15.82,15.84,15.78,15.74,15.66,15.6,15.17,14.48,12.4,12.04,11.8,10.63,10.54,10.14,9.78,9.28,9.07,8.75,8.57,8.31,8.15,8.04,7.95,7.95,7.74,7.53,7.47,7.46,7.49,7.45,7.45,7.44,7.48,7.47
2026-09-27 04:50:00,30,12.6,5.4,341,15.87,15.87,15.89,15.87,15.83,15.82,15.83,15.77,15.73,15.6,15.51,15.26,13.89,12.4,12.01,11.73,10.7,10.62,10.26,9.99,9.56,9.11,8.7,8.53,8.19,8.15,8.01,7.92,7.89,7.72,7.56,7.47,7.46,7.47,7.44,7.43,7.44,7.47,7.45
2026-09-27 05:00:00,30,12.6,6.2,338,15.86,15.85,15.87,15.87,15.84,15.83,15.83,15.77,15.76,15.66,15.57,14.91,13.2,12.2,11.95,11.59,10.82,10.49,10.2,9.86,9.32,9.12,8.9,8.5,8.34,8.11,7.95,7.89,7.87,7.71,7.61,7.47,7.46,7.46,7.43,7.42,7.43,7.45,7.44
2026-09-27 05:10:00,30,12.7,7,357,15.85,15.84,15.87,15.87,15.83,15.8,15.81,15.74,15.68,15.54,15.39,14.84,13.13,12.22,11.97,11.27,10.79,10.11,9.83,9.79,9.45,9.24,8.82,8.73,8.45,8.07,7.9,7.86,7.84,7.68,7.57,7.45,7.44,7.46,7.41,7.41,7.42,7.44,7.44
2026-09-27 05:20:00,30,12.6,7.2,345,15.83,15.82,15.85,15.85,15.82,15.79,15.8,15.69,15.6,15.46,15.12,14.83,13.45,12.2,11.92,11.26,10.68,9.96,9.78,9.53,9.3,9.18,8.82,8.64,8.35,8.06,7.91,7.87,7.87,7.81,7.63,7.45,7.44,7.46,7.41,7.38,7.4,7.43,7.42
2026-09-27 05:30:00,30,12.6,7.2,348,15.77,15.77,15.8,15.8,15.77,15.76,15.78,15.72,15.69,15.59,15.34,15.01,14.3,12.49,11.91,11.28,10.74,9.87,9.7,9.46,9.22,9.06,8.73,8.6,8.32,8.17,7.92,7.84,7.83,7.79,7.68,7.51,7.44,7.47,7.42,7.39,7.39,7.42,7.42
2026-09-27 05:40:00,30,12.6,7,350,15.73,15.73,15.75,15.76,15.72,15.7,15.7,15.63,15.62,15.53,15.36,14.9,13.14,12.08,11.75,11.19,10.35,9.77,9.68,9.38,9.24,9.1,8.79,8.56,8.46,8.27,7.97,7.88,7.89,7.79,7.6,7.48,7.45,7.47,7.42,7.41,7.39,7.41,7.41
2026-09-27 05:50:00,30,12.6,7.6,2,15.69,15.69,15.72,15.73,15.69,15.68,15.68,15.62,15.61,15.55,15.28,14.79,13.06,12.04,11.65,11.18,10.09,9.72,9.72,9.29,9.11,8.94,8.73,8.55,8.51,8.37,8.16,7.95,7.9,7.79,7.63,7.47,7.44,7.45,7.41,7.39,7.38,7.4,7.39
2026-09-27 06:00:00,30,12.6,7.6,353,15.65,15.64,15.67,15.68,15.65,15.63,15.64,15.57,15.57,15.55,15.42,14.74,12.84,12.01,11.56,10.74,9.96,9.76,9.65,9.33,9.14,9.03,8.9,8.64,8.5,8.48,8.29,8.15,7.88,7.7,7.68,7.51,7.45,7.46,7.42,7.37,7.38,7.39,7.38
2026-09-27 06:10:00,30,12.5,7.6,345,15.63,15.63,15.65,15.66,15.63,15.62,15.64,15.6,15.56,15.52,15.3,14.55,12.54,11.97,11.48,10.84,9.98,9.61,9.58,9.24,9.15,9.06,8.85,8.65,8.53,8.51,8.39,8.27,7.94,7.69,7.63,7.5,7.45,7.46,7.43,7.38,7.37,7.4,7.39
2026-09-27 06:20:00,30,12.5,7.4,349,15.62,15.62,15.65,15.65,15.61,15.59,15.62,15.57,15.51,15.4,15.25,14.4,12.23,11.84,11.41,10.19,9.88,9.55,9.48,9.24,9.09,8.97,8.8,8.61,8.52,8.54,8.44,8.31,8.02,7.67,7.64,7.52,7.46,7.47,7.42,7.39,7.37,7.39,7.39
2026-09-27 06:30:00,30,12.5,7.3,355,15.59,15.58,15.6,15.6,15.56,15.55,15.56,15.5,15.46,15.42,15.14,14.6,12.27,11.81,11.38,10.16,9.86,9.45,9.42,9.26,9.07,8.9,8.79,8.63,8.54,8.54,8.41,8.24,8.04,7.67,7.65,7.54,7.49,7.49,7.44,7.42,7.36,7.39,7.38
2026-09-27 06:40:00,30,12.6,6.8,349,15.57,15.56,15.59,15.59,15.56,15.54,15.52,15.45,15.45,15.33,15.23,15,12.98,11.96,11.48,10.32,9.9,9.48,9.4,9.27,9.05,8.72,8.67,8.59,8.53,8.5,8.29,8.12,7.92,7.66,7.67,7.56,7.51,7.49,7.43,7.4,7.36,7.39,7.38
2026-09-27 06:50:00,30,12.5,7.6,350,15.53,15.52,15.56,15.56,15.53,15.51,15.5,15.44,15.42,15.35,15.21,14.79,13.31,11.93,11.27,10.21,9.78,9.53,9.43,9.25,9.07,8.78,8.67,8.61,8.51,8.51,8.46,8.19,8.16,7.73,7.68,7.57,7.54,7.51,7.43,7.36,7.37,7.4,7.39
2026-09-27 07:00:00,30,12.5,6.7,348,15.47,15.47,15.49,15.48,15.44,15.44,15.45,15.39,15.38,15.32,15.22,14.89,13.81,12.12,11.6,10.27,9.91,9.56,9.42,9.32,9.06,8.79,8.65,8.6,8.58,8.59,8.49,8.3,7.94,7.69,7.66,7.57,7.52,7.49,7.39,7.36,7.37,7.4,7.39
2026-09-27 07:10:00,30,12.5,7,348,15.4,15.4,15.42,15.42,15.38,15.37,15.39,15.32,15.24,15.13,14.71,14.25,12.22,11.89,10.52,10.03,9.62,9.58,9.41,9.3,9.08,8.74,8.65,8.6,8.56,8.5,8.44,8.14,7.88,7.71,7.66,7.55,7.52,7.47,7.4,7.36,7.37,7.4,7.4
2026-09-27 07:20:00,30,12.5,6.6,345,15.38,15.37,15.39,15.39,15.35,15.33,15.33,15.27,15.26,15.22,15.18,14.94,13.99,12.47,11.87,10.7,9.69,9.64,9.54,9.33,9.11,9.01,8.76,8.6,8.57,8.52,8.45,8.1,7.95,7.72,7.61,7.55,7.53,7.49,7.4,7.37,7.37,7.4,7.4
2026-09-27 07:30:00,30,12.5,7,347,15.34,15.33,15.36,15.35,15.28,15.25,15.24,15.19,15.13,15.06,14.96,14.59,13.42,11.96,11.75,10.11,9.77,9.68,9.55,9.26,9,8.87,8.73,8.6,8.55,8.52,8.21,7.98,7.98,7.69,7.62,7.54,7.53,7.52,7.41,7.38,7.38,7.41,7.4
2026-09-27 07:40:00,30,12.4,7.4,347,15.3,15.3,15.32,15.31,15.28,15.24,15.21,15.14,15.08,15.01,14.89,14.44,13.2,11.93,11.59,10.09,9.88,9.73,9.57,9.25,9.05,9,8.93,8.65,8.58,8.49,8.14,7.91,7.87,7.79,7.65,7.54,7.52,7.53,7.42,7.37,7.38,7.41,7.4
2026-09-27 07:50:00,30,12.5,7.2,344,15.27,15.27,15.29,15.29,15.26,15.18,15.16,15.1,15.07,14.95,14.88,14.23,12.69,11.89,11.3,10.07,9.81,9.6,9.53,9.29,9.13,9.02,8.96,8.65,8.54,8.36,8,7.93,7.82,7.78,7.63,7.55,7.49,7.5,7.4,7.37,7.38,7.41,7.41
2026-09-27 08:00:00,30,12.5,6.8,334,15.2,15.2,15.21,15.2,15.16,15.12,15.1,15.03,14.99,14.98,14.87,14.49,13.34,11.95,11.72,10.19,9.9,9.71,9.61,9.44,9.31,9.12,9.07,8.92,8.61,8.29,8.1,8.02,7.97,7.66,7.58,7.54,7.47,7.47,7.39,7.38,7.39,7.41,7.41
2026-09-27 08:10:00,30,12.5,6.8,339,15.16,15.16,15.18,15.18,15.13,15.11,15.08,14.95,14.93,14.85,14.75,14.31,13.38,12.09,11.79,10.49,10.02,9.85,9.73,9.42,9.21,9.11,9.03,8.92,8.74,8.42,8.17,8.03,7.94,7.54,7.53,7.48,7.45,7.43,7.38,7.38,7.39,7.42,7.41
2026-09-27 08:20:00,30,12.5,7.1,347,15.1,15.1,15.12,15.1,15.06,15.04,15,14.92,14.82,14.65,14.48,14.42,13.51,12.07,11.8,10.56,10.01,9.89,9.79,9.37,9.19,9.05,8.98,8.85,8.66,8.32,8.1,7.98,7.73,7.52,7.49,7.44,7.4,7.41,7.38,7.38,7.39,7.42,7.42
2026-09-27 08:30:00,30,12.6,6.6,340,15.04,15.04,15.06,15.06,14.99,14.96,14.96,14.86,14.76,14.67,14.56,14.22,13.29,12.02,11.72,10.74,10.06,9.9,9.85,9.64,9.35,9.17,9.11,8.89,8.68,8.37,8.12,7.99,7.87,7.5,7.47,7.43,7.41,7.43,7.38,7.38,7.39,7.42,7.42
2026-09-27 08:40:00,30,12.6,6.6,336,15.02,15.01,15.05,15.04,14.98,14.96,14.93,14.84,14.69,14.63,14.58,14.11,13.34,12.03,11.74,10.97,10.09,9.92,9.89,9.78,9.37,9.2,8.95,8.82,8.71,8.41,8.12,7.98,7.91,7.53,7.45,7.38,7.38,7.41,7.38,7.38,7.4,7.43,7.42
2026-09-27 08:50:00,30,12.5,6.4,333,15.04,15.01,15.03,15,14.95,14.93,14.9,14.76,14.66,14.59,14.44,13.99,13.3,12.07,11.74,10.94,10.11,9.93,9.91,9.61,9.33,9.14,8.95,8.79,8.55,8.41,8.12,8.03,7.97,7.44,7.43,7.39,7.39,7.41,7.37,7.38,7.39,7.41,7.41
2026-09-27 09:00:00,30,12.6,6.8,350,15.13,15.11,15.11,15.07,15.01,14.96,14.95,14.81,14.75,14.63,14.54,14.28,13.46,12.12,11.71,11.01,10.11,9.94,9.87,9.49,9.36,9.08,8.88,8.79,8.57,8.42,8.12,7.95,7.85,7.48,7.44,7.39,7.38,7.4,7.37,7.36,7.37,7.4,7.39
2026-09-27 09:10:00,30,12.8,6.8,342,15.2,15.19,15.21,15.17,15.1,15.03,14.96,14.79,14.72,14.54,14.51,14.08,13.17,12.01,11.67,10.74,10.08,9.95,9.79,9.44,9.2,8.95,8.87,8.77,8.56,8.46,8.12,7.95,7.82,7.52,7.48,7.44,7.4,7.42,7.38,7.38,7.39,7.42,7.4
2026-09-27 09:20:00,30,12.9,7,346,15.21,15.21,15.23,15.2,15.13,15.02,14.89,14.71,14.63,14.42,14.3,13.86,13.3,12.08,11.67,10.74,10.08,9.97,9.58,9.4,9.14,8.86,8.8,8.71,8.5,8.39,8.27,8.07,7.86,7.55,7.54,7.4,7.39,7.42,7.38,7.37,7.38,7.41,7.4
2026-09-27 09:30:00,30,13,7.5,347,15.24,15.22,15.22,15.2,15.04,14.98,14.85,14.62,14.49,14.3,14.08,13.82,13.33,11.91,11.53,10.38,10.04,9.95,9.62,9.4,9.15,8.86,8.72,8.53,8.31,8.21,8.02,7.89,7.79,7.57,7.56,7.46,7.39,7.42,7.38,7.38,7.39,7.42,7.4
2026-09-27 09:40:00,30,13.1,7.5,351,15.28,15.28,15.29,15.22,15.13,15,14.9,14.6,14.45,14.3,14.03,13.55,13.16,12.99,11.65,10.78,10.03,9.81,9.53,9.39,9.15,8.88,8.71,8.53,8.25,8.06,7.91,7.77,7.73,7.61,7.59,7.5,7.45,7.42,7.38,7.38,7.39,7.42,7.41
2026-09-27 09:50:00,30,13.2,7.8,0,15.34,15.33,15.35,15.32,15.21,15.06,14.85,14.66,14.44,14.22,13.88,13.52,12.97,12.15,11.2,10.26,10.05,9.79,9.49,9.38,9.13,8.89,8.7,8.51,8,7.94,7.81,7.71,7.71,7.67,7.66,7.56,7.51,7.46,7.38,7.37,7.39,7.42,7.41
2026-09-27 10:00:00,30,13.2,7.7,355,15.4,15.39,15.41,15.38,15.24,15.07,15,14.62,14.39,14.18,13.89,13.36,12.82,11.98,10.83,10.1,9.83,9.54,9.39,9.19,8.95,8.88,8.57,8.25,7.92,7.86,7.82,7.76,7.73,7.68,7.65,7.57,7.5,7.45,7.38,7.38,7.39,7.42,7.41
2026-09-27 10:10:00,30,13.3,7.5,349,15.48,15.43,15.41,15.35,15.2,15.05,14.85,14.47,14.3,14.14,13.81,13.27,12.62,11.68,10.86,10.07,9.63,9.45,9.34,9.24,9.03,8.92,8.45,8.12,7.93,7.88,7.82,7.75,7.74,7.65,7.62,7.56,7.54,7.54,7.41,7.38,7.38,7.41,7.41
2026-09-27 10:20:00,30,13.6,7,344,15.49,15.47,15.46,15.34,15.17,15.06,14.76,14.43,14.18,13.89,13.47,12.82,12.56,11.52,10.29,9.9,9.63,9.47,9.38,9.27,9.07,8.95,8.66,8.07,7.9,7.87,7.77,7.69,7.7,7.65,7.62,7.57,7.54,7.52,7.4,7.38,7.39,7.42,7.41
2026-09-27 10:30:00,30,13.8,6.8,341,15.51,15.49,15.47,15.44,15.22,14.99,14.85,14.52,14.11,13.86,13.45,13.01,12.53,11.5,10.08,9.81,9.52,9.42,9.34,9.26,9.07,8.92,8.37,7.96,7.89,7.84,7.74,7.72,7.71,7.68,7.67,7.58,7.53,7.49,7.4,7.39,7.4,7.42,7.41
2026-09-27 10:40:00,30,14,6.9,349,15.61,15.59,15.59,15.49,15.34,15.14,14.89,14.52,14.1,13.84,13.53,13.09,12.49,11.57,10.07,9.85,9.51,9.37,9.33,9.22,9.04,8.54,8.1,7.97,7.87,7.85,7.78,7.74,7.74,7.69,7.69,7.63,7.59,7.52,7.43,7.4,7.4,7.44,7.42
2026-09-27 10:50:00,30,14.2,7.3,346,15.63,15.6,15.58,15.5,15.3,15.04,14.83,14.28,14.04,13.73,13.47,12.92,12.1,11.12,10,9.75,9.49,9.37,9.29,9.16,8.94,8.2,8.05,7.98,7.91,7.91,7.84,7.78,7.79,7.71,7.7,7.62,7.6,7.51,7.44,7.43,7.4,7.43,7.42
2026-09-27 11:00:00,30,14,7,338,15.65,15.62,15.62,15.49,15.27,15,14.6,14.15,13.91,13.51,13.31,12.91,12.03,11.29,10.02,9.83,9.52,9.37,9.32,9.2,8.87,8.17,8.08,7.99,7.92,7.95,7.88,7.84,7.83,7.74,7.7,7.61,7.48,7.47,7.43,7.39,7.41,7.43,7.42
2026-09-27 11:10:00,30,14.2,6.6,342,15.66,15.66,15.68,15.62,15.39,14.86,14.57,14.15,13.81,13.53,13.19,12.89,11.99,11.2,10.02,9.82,9.5,9.4,9.32,9.18,9,8.23,8.19,8.04,7.93,7.96,7.92,7.87,7.84,7.72,7.64,7.58,7.48,7.46,7.42,7.41,7.41,7.43,7.42
2026-09-27 11:20:00,30,14.4,6.5,328,15.66,15.63,15.65,15.56,15.35,15.05,14.49,14.15,13.73,13.46,13.11,12.74,11.68,10.57,9.99,9.74,9.46,9.38,9.31,9.16,8.68,8.18,8.19,8.1,7.94,7.96,7.91,7.85,7.8,7.73,7.65,7.57,7.47,7.48,7.42,7.41,7.42,7.44,7.43
2026-09-27 11:30:00,30,14.8,6.4,348,15.66,15.62,15.58,15.43,15.31,15.07,14.46,13.93,13.63,13.39,13.08,12.66,11.53,10.14,9.97,9.73,9.43,9.35,9.25,9.04,8.39,8.18,8.22,8.14,7.97,7.96,7.89,7.83,7.79,7.73,7.66,7.58,7.5,7.47,7.42,7.41,7.42,7.45,7.44
2026-09-27 11:40:00,30,14.8,6.4,348,15.72,15.68,15.6,15.43,15.17,15.16,14.79,14.07,13.7,13.33,13.1,12.76,11.63,10.24,9.98,9.76,9.46,9.34,9.25,9.06,8.55,8.21,8.25,8.21,8.17,8,7.91,7.84,7.82,7.74,7.66,7.54,7.46,7.46,7.42,7.42,7.43,7.45,7.44
2026-09-27 11:50:00,30,15,5.2,344,15.72,15.69,15.69,15.56,15.38,15.17,14.81,14.28,13.72,13.43,13.02,12.73,11.52,10.16,9.93,9.74,9.46,9.33,9.22,8.78,8.31,8.22,8.25,8.2,8.07,7.97,7.87,7.82,7.8,7.68,7.67,7.58,7.49,7.47,7.42,7.42,7.43,7.46,7.45
2026-09-27 12:00:00,30,15.4,4.8,355,15.76,15.72,15.73,15.69,15.48,15.31,15.06,14.46,13.82,13.44,12.99,12.65,11.74,10.17,9.92,9.64,9.42,9.28,9.12,8.75,8.28,8.22,8.26,8.21,8.02,7.94,7.87,7.82,7.81,7.67,7.65,7.53,7.48,7.47,7.42,7.42,7.43,7.46,7.45
2026-09-27 12:10:00,30,15.9,5.9,5,15.76,15.74,15.75,15.71,15.6,15.4,15.09,14.43,13.98,13.54,13.14,12.66,12.14,10.32,9.97,9.7,9.42,9.3,9.19,8.98,8.49,8.23,8.27,8.24,8.08,7.99,7.86,7.79,7.79,7.68,7.51,7.45,7.43,7.45,7.42,7.42,7.44,7.47,7.46
2026-09-27 12:20:00,30,16.1,6.1,359,15.8,15.78,15.79,15.72,15.57,15.33,14.91,14.26,13.82,13.43,12.95,12.47,11.54,10.12,9.86,9.51,9.36,9.26,9.12,8.88,8.66,8.25,8.25,8.12,7.96,7.91,7.83,7.78,7.75,7.66,7.61,7.55,7.46,7.46,7.42,7.42,7.44,7.46,7.46
2026-09-27 12:30:00,30,16.7,5.7,355,15.81,15.78,15.76,15.69,15.52,15.26,14.76,14.08,13.56,13.27,12.96,12.6,12.07,10.2,9.92,9.54,9.34,9.23,9.07,8.81,8.51,8.37,8.29,8.21,7.98,7.93,7.83,7.76,7.74,7.63,7.62,7.53,7.43,7.45,7.42,7.42,7.43,7.46,7.46
2026-09-27 12:40:00,30,16.4,5.2,9,15.79,15.77,15.77,15.71,15.57,15.26,14.6,14.01,13.48,13.21,12.88,12.69,12.16,10.2,9.84,9.45,9.28,9.1,9.02,8.81,8.3,8.25,8.24,8.03,7.95,7.93,7.86,7.78,7.73,7.67,7.64,7.6,7.45,7.46,7.41,7.41,7.42,7.46,7.45
2026-09-27 12:50:00,30,16.9,5.4,5,15.82,15.81,15.8,15.7,15.49,15.14,14.57,13.83,13.4,13.1,12.86,12.55,12.07,10.12,9.79,9.38,9.25,9.08,8.91,8.72,8.36,8.26,8.27,8.09,7.95,7.94,7.83,7.78,7.71,7.65,7.64,7.59,7.45,7.44,7.4,7.4,7.41,7.45,7.44
2026-09-27 13:00:00,30,16.9,5.6,10,15.85,15.82,15.83,15.81,15.59,15.18,14.66,13.96,13.47,13.17,12.9,12.65,12.22,10.76,9.86,9.45,9.28,9.09,8.93,8.71,8.38,8.25,8.25,8.07,7.95,7.91,7.82,7.76,7.71,7.63,7.64,7.6,7.48,7.42,7.38,7.38,7.39,7.43,7.43
2026-09-27 13:10:00,30,17.4,5.6,6,15.87,15.84,15.82,15.75,15.64,15.21,14.95,13.94,13.59,13.11,12.84,12.63,12.1,10.44,9.82,9.39,9.25,9.02,8.88,8.61,8.36,8.26,8.29,8.09,7.96,7.91,7.81,7.74,7.7,7.63,7.63,7.52,7.39,7.41,7.38,7.38,7.39,7.42,7.42
2026-09-27 13:20:00,30,17.5,5.6,2,15.91,15.9,15.87,15.81,15.63,15.06,14.28,13.7,13.27,12.95,12.73,12.45,11.97,10.42,9.83,9.41,9.2,9.02,8.85,8.56,8.28,8.25,8.26,8.02,7.9,7.87,7.73,7.68,7.7,7.63,7.64,7.59,7.41,7.42,7.39,7.38,7.39,7.41,7.41
2026-09-27 13:30:00,30,17.2,5.5,341,15.92,15.9,15.84,15.73,15.51,15.15,14.23,13.6,13.19,12.94,12.68,12.32,11.84,10.27,9.83,9.44,9.22,9.03,8.86,8.62,8.32,8.24,8.17,7.98,7.92,7.88,7.73,7.69,7.71,7.64,7.63,7.56,7.43,7.41,7.38,7.37,7.39,7.41,7.41
2026-09-27 13:40:00,30,17.6,5,340,15.94,15.91,15.92,15.8,15.59,15.13,14.34,13.56,13.12,12.99,12.62,12.19,11.48,10.43,9.7,9.41,9.13,9,8.85,8.69,8.42,8.25,8.2,8,7.92,7.79,7.7,7.68,7.7,7.63,7.62,7.53,7.39,7.42,7.37,7.37,7.38,7.41,7.41
2026-09-27 13:50:00,30,17,6.2,341,15.95,15.9,15.86,15.8,15.55,14.98,14.17,13.52,13.07,12.91,12.5,11.9,11.08,10.17,9.58,9.31,9.08,8.96,8.76,8.55,8.29,8.22,8.13,8,7.91,7.8,7.72,7.69,7.69,7.64,7.62,7.44,7.39,7.41,7.37,7.37,7.38,7.41,7.4
2026-09-27 14:00:00,30,16.8,5,345,15.98,15.96,15.93,15.67,15.37,15.22,14.43,13.51,12.98,12.82,12.4,11.8,11.08,10.1,9.49,9.2,9,8.8,8.68,8.4,8.13,8.09,8.08,7.98,7.83,7.77,7.7,7.68,7.7,7.63,7.61,7.47,7.42,7.43,7.38,7.38,7.38,7.41,7.4
2026-09-27 14:10:00,30,16.6,5.9,357,15.96,15.95,15.94,15.79,15.57,15.02,14.22,13.38,12.89,12.78,12.3,11.68,10.94,9.92,9.46,9.2,9.01,8.8,8.73,8.62,8.4,8.11,8.12,8.01,7.82,7.82,7.74,7.67,7.67,7.62,7.54,7.41,7.4,7.41,7.37,7.37,7.38,7.41,7.4
2026-09-27 14:20:00,30,16.6,6,351,16.01,16,15.96,15.76,15.5,14.88,14.32,13.51,12.87,12.75,12.35,11.75,11.04,10.16,9.44,9.12,8.89,8.76,8.71,8.52,8.41,8.28,8.08,7.88,7.77,7.79,7.72,7.66,7.67,7.6,7.46,7.41,7.4,7.41,7.37,7.37,7.38,7.41,7.4
2026-09-27 14:30:00,30,16.4,4.9,0,16,15.97,15.93,15.85,15.47,14.82,14.26,13.56,12.88,12.71,12.36,11.71,11.4,10.11,9.38,9.07,8.87,8.8,8.74,8.6,8.38,8.26,8.05,7.88,7.75,7.77,7.68,7.63,7.63,7.56,7.46,7.42,7.38,7.41,7.37,7.37,7.38,7.41,7.41
2026-09-27 14:40:00,30,16.2,4.6,29,16.03,16.03,16,15.89,15.45,14.84,14.14,13.53,13.03,12.7,12.37,11.68,11.28,10.15,9.4,9.05,8.84,8.79,8.74,8.54,8.31,8.1,8.02,7.91,7.78,7.76,7.71,7.64,7.62,7.54,7.46,7.42,7.4,7.41,7.37,7.37,7.39,7.42,7.41
2026-09-27 14:50:00,30,16.1,5.2,12,16.05,16.04,15.99,15.8,15.38,14.76,14.12,13.39,12.98,12.66,12.34,11.61,11.18,10.06,9.36,8.97,8.85,8.74,8.7,8.48,8.3,8.1,8.02,7.95,7.82,7.79,7.7,7.61,7.61,7.55,7.48,7.42,7.4,7.42,7.39,7.38,7.39,7.42,7.41
2026-09-27 15:00:00,30,16,4.2,358,16.06,16.04,16.02,15.92,15.39,14.63,14.16,13.5,13.1,12.62,12.38,11.72,11.33,10.21,9.46,9.06,8.9,8.83,8.63,8.47,8.28,8.15,8.08,7.98,7.91,7.82,7.74,7.66,7.62,7.53,7.46,7.42,7.41,7.42,7.38,7.39,7.4,7.43,7.42
2026-09-27 15:10:00,30,16,3.5,23,16.08,16.06,16.04,15.87,15.17,14.45,14.15,13.36,13.05,12.58,12.31,11.51,11.2,10.22,9.48,9.08,8.94,8.8,8.54,8.42,8.18,8.1,8,7.83,7.81,7.78,7.7,7.62,7.6,7.54,7.49,7.41,7.41,7.43,7.39,7.39,7.4,7.43,7.43
2026-09-27 15:20:00,30,16.2,3.1,65,16.09,16.08,16.07,15.86,15.26,14.5,14.13,13.44,13.06,12.55,12.27,11.53,11.2,10.28,9.53,9.19,8.98,8.83,8.54,8.43,8.15,8.01,7.84,7.78,7.76,7.77,7.71,7.6,7.59,7.55,7.47,7.42,7.41,7.44,7.4,7.39,7.41,7.44,7.43
2026-09-27 15:30:00,30,16.4,4.5,75,16.11,16.09,16.07,15.83,15.14,14.36,14.04,13.43,13.04,12.51,12.29,11.58,11.23,10.72,9.59,9.18,8.97,8.79,8.63,8.42,8.08,7.96,7.96,7.81,7.75,7.75,7.65,7.55,7.54,7.5,7.47,7.42,7.42,7.44,7.4,7.4,7.41,7.44,7.44
2026-09-27 15:40:00,30,16.6,3.7,63,16.1,16.09,16.07,15.74,15.04,14.39,13.99,13.47,12.99,12.49,12.28,11.53,11.24,10.78,9.43,9.1,8.94,8.7,8.47,8.35,8.07,7.89,7.86,7.77,7.69,7.71,7.66,7.56,7.58,7.57,7.53,7.45,7.41,7.44,7.4,7.41,7.42,7.45,7.44
2026-09-27 15:50:00,30,16.6,3.1,59,16.09,16.07,16.06,15.82,14.95,14.15,13.95,13.35,12.95,12.48,12.27,11.55,11.27,10.97,9.52,9.15,9.01,8.83,8.57,8.43,7.99,7.84,7.84,7.76,7.65,7.64,7.61,7.59,7.61,7.49,7.47,7.42,7.42,7.44,7.41,7.41,7.42,7.45,7.45
2026-09-27 16:00:00,30,16.6,3.2,29,16.09,16.06,16.04,15.75,14.85,14.21,13.94,13.54,12.98,12.46,12.27,11.56,11.34,11.02,9.59,9.14,9.05,8.61,8.42,8.39,7.9,7.87,7.79,7.65,7.63,7.66,7.64,7.61,7.59,7.47,7.46,7.42,7.42,7.44,7.41,7.42,7.43,7.46,7.45
2026-09-27 16:10:00,30,16.8,5,48,16.08,16.07,16.06,15.79,14.89,14.17,13.95,13.53,12.95,12.46,12.23,11.55,11.34,11.02,9.53,9.14,8.99,8.63,8.45,8.12,7.93,7.84,7.76,7.7,7.68,7.69,7.6,7.56,7.5,7.46,7.45,7.41,7.41,7.44,7.41,7.41,7.43,7.46,7.45
2026-09-27 16:20:00,30,16.5,4.2,39,16.08,16.07,16.06,15.84,14.85,14.11,13.95,13.53,12.96,12.47,12.23,11.58,11.35,11.06,9.54,9.15,8.84,8.59,8.43,8.31,7.97,7.92,7.79,7.72,7.69,7.7,7.57,7.52,7.53,7.48,7.47,7.43,7.41,7.43,7.4,7.4,7.42,7.45,7.45
2026-09-27 16:30:00,30,16.6,6.4,52,16.07,16.04,16.03,15.78,14.67,14.13,13.97,13.55,12.97,12.48,12.28,11.56,11.33,11,9.42,9.14,8.85,8.45,8.27,7.97,7.87,7.77,7.76,7.69,7.63,7.61,7.57,7.54,7.55,7.44,7.44,7.4,7.39,7.42,7.38,7.38,7.39,7.43,7.42
2026-09-27 16:40:00,30,16.5,7.1,59,16.01,15.99,15.97,15.69,14.58,14.13,13.93,13.61,13.01,12.49,12.24,11.55,11.19,10.95,9.65,9.23,8.79,8.5,8.4,8.02,7.92,7.83,7.78,7.68,7.58,7.62,7.58,7.54,7.49,7.42,7.43,7.39,7.37,7.4,7.36,7.36,7.37,7.4,7.39
2026-09-27 16:50:00,30,16.4,6,65,15.96,15.91,15.87,15.57,14.69,14.18,13.92,13.79,13,12.59,12.25,11.56,11.16,10.9,9.57,9.22,8.74,8.5,8.38,8.03,7.98,7.82,7.75,7.68,7.6,7.62,7.59,7.57,7.48,7.43,7.43,7.37,7.36,7.39,7.35,7.35,7.34,7.37,7.37
2026-09-27 17:00:00,30,16.2,5.3,44,15.89,15.87,15.86,15.62,14.87,14.25,13.99,13.8,12.99,12.74,12.28,11.62,11.16,10.79,9.46,9.09,8.75,8.49,8.36,8.13,7.99,7.75,7.65,7.61,7.6,7.63,7.59,7.47,7.44,7.43,7.43,7.39,7.35,7.35,7.31,7.31,7.32,7.35,7.33
2026-09-27 17:10:00,30,16.2,4.4,50,15.76,15.72,15.69,15.53,14.69,14.31,14.03,13.63,12.91,12.55,12.24,11.6,11.27,10.77,9.43,9.13,8.82,8.55,8.43,8.21,7.95,7.71,7.68,7.62,7.61,7.64,7.62,7.58,7.54,7.43,7.44,7.4,7.4,7.4,7.33,7.29,7.3,7.33,7.33
2026-09-27 17:20:00,30,16.2,5,39,15.77,15.74,15.62,15.38,14.61,14.33,14.05,13.6,12.87,12.45,12.13,11.57,11.01,10.69,9.41,9.02,8.71,8.5,8.32,8.15,7.87,7.63,7.66,7.62,7.61,7.64,7.62,7.59,7.51,7.43,7.45,7.41,7.4,7.38,7.3,7.28,7.3,7.32,7.32
2026-09-27 17:30:00,30,16,4,36,15.8,15.74,15.69,15.52,14.74,14.29,14.08,13.75,12.87,12.54,12.18,11.61,11.09,10.68,9.68,9.12,8.76,8.52,8.42,8.21,7.93,7.72,7.68,7.62,7.61,7.64,7.62,7.6,7.6,7.45,7.46,7.43,7.36,7.36,7.31,7.3,7.3,7.32,7.32
2026-09-27 17:40:00,30,15.8,3.6,31,15.72,15.69,15.68,15.41,14.49,14.31,14.28,13.76,12.83,12.61,12.23,11.65,11.23,10.69,9.57,9.04,8.74,8.56,8.55,8.28,8.01,7.77,7.68,7.64,7.63,7.65,7.62,7.59,7.61,7.45,7.46,7.43,7.34,7.35,7.3,7.29,7.3,7.33,7.31
2026-09-27 17:50:00,30,15.5,2.8,3,15.68,15.6,15.44,15.21,14.39,14.32,14.25,13.49,12.79,12.58,12.15,11.67,10.89,10.31,9.27,8.88,8.69,8.6,8.5,8.27,8.08,7.85,7.66,7.62,7.61,7.65,7.63,7.6,7.61,7.46,7.47,7.43,7.34,7.35,7.3,7.29,7.3,7.32,7.31
2026-09-27 18:00:00,30,15.5,3.6,349,15.7,15.63,15.49,15.31,14.74,14.3,14.24,13.64,12.76,12.55,12.17,11.68,10.88,10.06,9.16,8.8,8.7,8.56,8.36,8.24,8.11,7.68,7.66,7.63,7.63,7.65,7.63,7.6,7.57,7.48,7.47,7.43,7.35,7.34,7.3,7.3,7.3,7.33,7.32
2026-09-27 18:10:00,30,15.5,3.6,352,15.74,15.69,15.54,15.05,14.6,14.33,14.07,12.99,12.7,12.51,12.17,11.74,11.04,10.48,9.26,8.87,8.74,8.6,8.37,8.25,8.01,7.7,7.66,7.63,7.62,7.66,7.63,7.61,7.59,7.47,7.47,7.44,7.43,7.36,7.3,7.3,7.31,7.33,7.32
2026-09-27 18:20:00,30,15.5,3.8,2,15.78,15.63,15.52,15.27,14.76,14.26,14.06,13.54,12.72,12.54,12.23,11.79,11.41,10.68,9.39,9.01,8.84,8.58,8.37,8.25,8.11,7.71,7.69,7.62,7.61,7.64,7.54,7.5,7.49,7.47,7.49,7.46,7.36,7.35,7.29,7.3,7.31,7.34,7.33
2026-09-27 18:30:00,30,15.5,4.2,15,15.77,15.7,15.5,15.06,14.61,14.38,14.02,13.59,12.72,12.63,12.29,11.83,11.48,10.65,9.35,9.07,8.87,8.56,8.43,8.24,8.01,7.72,7.69,7.6,7.58,7.6,7.58,7.5,7.51,7.5,7.52,7.48,7.47,7.38,7.31,7.29,7.3,7.33,7.32
2026-09-27 18:40:00,30,15.5,5,11,15.75,15.71,15.66,15.31,14.65,14.48,14.38,13.88,12.82,12.65,12.33,11.86,11.4,10.67,9.32,9.01,8.8,8.49,8.36,8.23,7.88,7.75,7.71,7.67,7.58,7.61,7.56,7.53,7.54,7.52,7.52,7.47,7.37,7.33,7.29,7.29,7.3,7.33,7.32
2026-09-27 18:50:00,30,15.5,3.4,8,15.69,15.66,15.57,15.26,14.82,14.46,14.26,13.73,12.68,12.55,12.14,11.87,11.53,10.69,9.61,9.1,8.8,8.5,8.32,8.15,7.87,7.76,7.72,7.67,7.64,7.64,7.58,7.56,7.57,7.55,7.53,7.42,7.3,7.32,7.28,7.28,7.29,7.32,7.31
2026-09-27 19:00:00,30,15.5,4.3,16,15.64,15.58,15.47,15.14,14.67,14.43,14.28,13.74,12.72,12.6,12.11,11.88,11.55,10.57,9.48,9.09,8.82,8.47,8.2,8.1,7.88,7.7,7.7,7.67,7.65,7.64,7.59,7.56,7.59,7.58,7.51,7.39,7.32,7.34,7.29,7.29,7.29,7.32,7.31
2026-09-27 19:10:00,30,15.3,4.4,27,15.57,15.5,15.41,15.26,14.85,14.54,14.26,13.69,12.94,12.54,12.07,11.88,11.43,10.45,9.35,9.18,8.66,8.41,8.15,8.1,7.91,7.72,7.73,7.66,7.65,7.66,7.58,7.57,7.59,7.57,7.52,7.37,7.3,7.33,7.29,7.29,7.29,7.32,7.31
2026-09-27 19:20:00,30,15.2,4.6,28,15.53,15.47,15.39,15.35,14.95,14.52,14.36,13.68,13.03,12.51,12.06,11.89,11.4,10.38,9.33,9.06,8.64,8.33,8.12,8.06,7.96,7.72,7.69,7.62,7.59,7.62,7.61,7.56,7.58,7.53,7.47,7.34,7.29,7.32,7.28,7.28,7.29,7.32,7.31
2026-09-27 19:30:00,30,15.3,5.6,18,15.64,15.58,15.54,15.42,14.92,14.38,14.26,13.67,13.06,12.56,12.11,11.91,11.69,10.42,9.37,9.04,8.65,8.33,8.14,8.04,7.97,7.72,7.67,7.64,7.61,7.64,7.62,7.61,7.61,7.54,7.44,7.35,7.32,7.34,7.29,7.3,7.3,7.32,7.31
2026-09-27 19:40:00,30,15.3,4.7,14,15.72,15.69,15.66,15.55,14.68,14.48,14.21,13.76,13.25,12.55,12.08,11.91,11.53,10.34,9.46,9.11,8.7,8.3,8.13,7.93,7.89,7.85,7.72,7.65,7.61,7.62,7.59,7.56,7.59,7.58,7.51,7.4,7.33,7.35,7.28,7.29,7.3,7.33,7.32
2026-09-27 19:50:00,30,15.3,4.4,4,15.74,15.72,15.73,15.7,15.5,14.38,14.02,13.7,13.05,12.58,12.19,11.91,11.4,10.13,9.34,9.08,8.67,8.22,8.09,8.07,8.03,7.98,7.86,7.72,7.65,7.55,7.53,7.48,7.47,7.4,7.37,7.32,7.3,7.33,7.28,7.29,7.3,7.33,7.32
2026-09-27 20:00:00,30,15.2,4.5,5,15.78,15.78,15.79,15.72,15.52,14.33,13.9,13.55,12.98,12.53,12.09,11.88,11.31,9.81,9.35,9.13,8.71,8.23,8.13,8.12,8.1,8.01,7.83,7.72,7.59,7.59,7.51,7.47,7.48,7.4,7.37,7.32,7.33,7.34,7.28,7.28,7.29,7.32,7.31
2026-09-27 20:10:00,30,15.3,4.6,13,15.79,15.79,15.81,15.78,15.69,15.38,14.08,13.71,13.28,12.54,12.24,11.94,11.5,10.28,9.36,9.05,8.57,8.27,8.19,8.16,8.11,8.04,7.84,7.67,7.59,7.57,7.51,7.49,7.5,7.46,7.41,7.33,7.32,7.32,7.28,7.28,7.29,7.31,7.3
2026-09-27 20:20:00,30,15.2,3.7,356,15.82,15.82,15.85,15.83,15.77,15.36,13.98,13.67,13.02,12.5,12.16,11.92,11.36,9.94,9.32,9,8.56,8.29,8.23,8.18,8.09,8.03,7.8,7.7,7.66,7.69,7.61,7.5,7.47,7.44,7.4,7.35,7.29,7.31,7.27,7.27,7.28,7.31,7.3
2026-09-27 20:30:00,30,15.1,3.8,354,15.85,15.84,15.86,15.84,15.73,15.06,13.81,13.61,13.01,12.51,12.24,11.91,11.39,9.84,9.31,8.93,8.58,8.35,8.25,8.15,8.11,7.94,7.82,7.79,7.69,7.71,7.61,7.51,7.5,7.41,7.4,7.34,7.27,7.3,7.26,7.25,7.26,7.29,7.28
2026-09-27 20:40:00,30,15,3.3,352,15.88,15.87,15.88,15.87,15.72,14.95,13.79,13.53,12.88,12.46,12.14,11.88,11.35,9.64,9.23,8.81,8.49,8.3,8.17,8.14,8.12,7.91,7.83,7.75,7.74,7.74,7.66,7.54,7.47,7.44,7.38,7.33,7.33,7.3,7.25,7.25,7.25,7.27,7.26
2026-09-27 20:50:00,30,15,3.5,358,15.91,15.9,15.92,15.9,15.81,15.2,13.83,13.49,12.8,12.45,12.39,11.87,11.49,9.62,9.19,8.73,8.42,8.2,8.16,8.15,7.93,7.83,7.84,7.79,7.75,7.78,7.69,7.53,7.47,7.34,7.31,7.28,7.26,7.28,7.24,7.23,7.24,7.25,7.23
2026-09-27 21:00:00,30,14.9,2.5,15,15.94,15.93,15.94,15.92,15.84,15.2,13.83,13.62,12.95,12.43,12.4,11.94,11.45,9.57,9.07,8.67,8.47,8.37,8.21,8.18,7.98,7.86,7.88,7.74,7.73,7.76,7.66,7.54,7.5,7.33,7.3,7.25,7.24,7.26,7.23,7.22,7.23,7.24,7.23
2026-09-27 21:10:00,30,14.8,4,25,15.96,15.95,15.97,15.95,15.82,14.93,13.84,13.66,13.05,12.46,12.34,11.9,11.17,9.38,9,8.64,8.42,8.28,8.17,8.08,7.93,7.9,7.92,7.82,7.72,7.73,7.64,7.53,7.43,7.29,7.28,7.23,7.24,7.26,7.22,7.21,7.22,7.25,7.22
2026-09-27 21:20:00,30,14.4,4.1,32,15.97,15.96,15.98,15.93,15.79,14.83,13.81,13.58,13.08,12.48,12.27,11.97,10.1,9.35,9,8.65,8.44,8.35,8.21,8.13,8,7.93,7.93,7.84,7.74,7.74,7.68,7.58,7.54,7.32,7.29,7.23,7.23,7.26,7.22,7.22,7.22,7.24,7.22
2026-09-27 21:30:00,30,14.2,4.8,32,15.97,15.96,15.98,15.95,15.82,14.86,13.84,13.65,13.09,12.47,12.17,11.77,9.75,9.34,8.98,8.66,8.49,8.33,8.23,8.18,8.1,7.99,7.96,7.87,7.79,7.72,7.66,7.54,7.48,7.31,7.26,7.22,7.22,7.25,7.22,7.22,7.22,7.23,7.22
2026-09-27 21:40:00,30,14.2,3.3,18,16,15.99,16,15.98,15.82,15.13,13.89,13.64,13.19,12.46,12.11,11.74,10.09,9.25,8.85,8.64,8.42,8.27,8.26,8.13,8.04,7.91,7.9,7.83,7.73,7.7,7.6,7.56,7.52,7.32,7.29,7.24,7.22,7.25,7.21,7.21,7.22,7.24,7.23
2026-09-27 21:50:00,30,14.1,2.6,4,16.03,16.02,16.03,15.99,15.85,15.21,13.97,13.65,13.17,12.49,12.1,11.7,10.4,9.29,8.88,8.66,8.4,8.31,8.29,8.13,8.03,7.94,7.95,7.78,7.71,7.66,7.61,7.58,7.52,7.31,7.27,7.22,7.22,7.25,7.21,7.2,7.22,7.23,7.23
2026-09-27 22:00:00,30,14.3,2.3,11,16.04,16.02,16.03,15.99,15.9,14.87,13.91,13.57,13.1,12.46,12.03,11.66,10.31,9.27,8.73,8.58,8.39,8.37,8.24,8.1,8.01,7.95,7.97,7.75,7.64,7.66,7.65,7.53,7.47,7.31,7.29,7.23,7.22,7.24,7.21,7.21,7.22,7.25,7.23
2026-09-27 22:10:00,30.1,14.4,2.5,8,16.07,16.05,16.07,16.02,15.93,15.16,13.89,13.55,13.12,12.4,12.02,11.35,10.09,9.2,8.74,8.58,8.41,8.39,8.27,8.01,8,7.94,7.77,7.68,7.67,7.7,7.63,7.48,7.47,7.3,7.28,7.24,7.23,7.25,7.21,7.2,7.22,7.24,7.23
2026-09-27 22:20:00,30.1,14.5,2.7,356,16.09,16.07,16.06,15.98,15.59,14.1,13.79,13.35,12.87,12.26,12.03,11.62,10.79,9.28,8.75,8.61,8.44,8.4,8.34,8.03,7.9,7.71,7.75,7.72,7.71,7.75,7.6,7.51,7.48,7.36,7.29,7.25,7.23,7.26,7.22,7.2,7.22,7.25,7.24
2026-09-27 22:30:00,30,14.6,2.2,326,16.12,16.11,16.09,16.02,15.78,14.09,13.82,13.38,13.14,12.38,12.03,11.65,10.76,9.19,8.75,8.61,8.44,8.4,8.36,8.02,7.85,7.75,7.8,7.75,7.61,7.63,7.51,7.42,7.38,7.32,7.29,7.25,7.24,7.26,7.22,7.21,7.22,7.25,7.24
2026-09-27 22:40:00,30,14.6,2.5,341,16.12,16.1,16.08,15.98,14.89,13.93,13.7,13.25,12.63,12.18,11.84,11.04,9.45,9.03,8.71,8.54,8.44,8.38,8.26,8.09,7.9,7.8,7.83,7.7,7.61,7.49,7.38,7.34,7.32,7.28,7.29,7.24,7.24,7.26,7.23,7.22,7.24,7.25,7.24
2026-09-27 22:50:00,30,14.7,2.8,355,16.12,16.1,16.09,15.99,14.93,13.85,13.51,13.18,12.65,12.16,11.78,11.1,9.41,8.92,8.71,8.53,8.43,8.38,8.31,8.09,7.92,7.84,7.87,7.68,7.58,7.55,7.39,7.32,7.33,7.29,7.28,7.24,7.24,7.27,7.23,7.23,7.24,7.25,7.24
2026-09-27 23:00:00,30,14.6,2.3,349,16.12,16.11,16.1,15.99,14.86,13.83,13.45,13.18,12.65,12.2,11.8,11.19,9.24,8.77,8.71,8.48,8.43,8.38,8.26,8.03,7.89,7.84,7.74,7.61,7.51,7.42,7.34,7.29,7.31,7.29,7.28,7.24,7.23,7.26,7.23,7.23,7.24,7.27,7.24
2026-09-27 23:10:00,30,14.8,2.2,22,16.12,16.11,16.12,16,14.8,13.83,13.5,13.12,12.65,12.23,11.69,11.23,9.08,8.76,8.66,8.47,8.43,8.41,8.22,7.99,7.92,7.79,7.71,7.61,7.47,7.41,7.34,7.3,7.3,7.27,7.28,7.24,7.24,7.27,7.23,7.23,7.24,7.27,7.25
2026-09-27 23:20:00,30,14.7,1.7,28,16.12,16.11,16.11,16,14.92,13.81,13.38,13.09,12.67,12.26,11.64,11.19,9.06,8.74,8.56,8.47,8.43,8.38,8.12,7.96,7.91,7.71,7.67,7.53,7.42,7.44,7.41,7.36,7.33,7.28,7.29,7.24,7.24,7.27,7.23,7.23,7.24,7.27,7.26
2026-09-27 23:30:00,30,14.5,2,32,16.09,16.08,16.07,15.99,14.64,13.81,13.37,13.07,12.78,12.3,11.62,10.96,9,8.71,8.51,8.47,8.43,8.28,8.07,7.96,7.82,7.64,7.62,7.55,7.46,7.43,7.38,7.35,7.35,7.28,7.28,7.24,7.23,7.26,7.23,7.23,7.25,7.28,7.26
2026-09-27 23:40:00,30,14.3,2.2,30,16.08,16.06,16.07,15.98,14.42,13.79,13.34,13.07,12.88,12.32,11.57,10.97,8.99,8.7,8.51,8.47,8.42,8.27,8.03,7.98,7.77,7.66,7.63,7.54,7.46,7.45,7.37,7.35,7.36,7.29,7.29,7.25,7.24,7.27,7.24,7.24,7.25,7.28,7.27
2026-09-27 23:50:00,30,14.1,2,32,16.09,16.07,16.04,15.9,14.11,13.79,13.33,12.96,12.85,12.34,11.48,10.71,8.86,8.67,8.51,8.47,8.4,8.16,8.04,7.96,7.77,7.68,7.62,7.57,7.45,7.46,7.37,7.33,7.35,7.27,7.28,7.25,7.25,7.27,7.24,7.24,7.25,7.28,7.27
2026-09-28,30,14,0.9,23,16.06,16.04,16.03,15.91,14.03,13.77,13.32,13.08,12.82,12.34,11.43,9.68,8.75,8.51,8.5,8.46,8.32,8.13,8.01,7.97,7.8,7.68,7.6,7.52,7.5,7.48,7.42,7.36,7.34,7.32,7.28,7.24,7.24,7.27,7.24,7.24,7.26,7.28,7.28
2026-09-28 00:10:00,30,14,0.6,57,16.07,16.06,16.06,15.94,14,13.75,13.29,13.08,12.79,12.35,11.43,9.37,8.71,8.5,8.49,8.44,8.28,8.05,8.02,7.92,7.72,7.67,7.62,7.51,7.45,7.48,7.44,7.36,7.36,7.33,7.29,7.25,7.24,7.27,7.24,7.24,7.25,7.29,7.28
2026-09-28 00:20:00,30,14,1.3,47,16.03,16.01,16.02,15.94,14.04,13.72,13.28,13.05,12.76,12.34,11.45,9.3,8.62,8.51,8.5,8.44,8.22,8.09,8.05,8.03,7.74,7.72,7.67,7.52,7.48,7.48,7.44,7.42,7.38,7.35,7.31,7.25,7.24,7.26,7.23,7.23,7.24,7.28,7.27
2026-09-28 00:30:00,30,14,1.2,61,16.04,16.03,16.04,15.93,13.95,13.71,13.31,13.07,12.76,12.35,11.47,9.32,8.55,8.51,8.49,8.36,8.22,8.09,8.07,8.07,7.88,7.75,7.72,7.56,7.51,7.5,7.45,7.42,7.44,7.35,7.33,7.28,7.25,7.27,7.23,7.23,7.24,7.27,7.26
2026-09-28 00:40:00,30,14.1,2.3,49,16.06,16.04,16.05,15.93,13.91,13.69,13.4,13.19,12.77,12.34,11.52,9.33,8.53,8.52,8.49,8.35,8.19,8.08,8.08,8.08,7.94,7.78,7.78,7.59,7.5,7.52,7.45,7.42,7.43,7.36,7.34,7.27,7.26,7.27,7.23,7.23,7.24,7.27,7.26
2026-09-28 00:50:00,30,14.2,2.2,45,16.06,16.05,16.05,15.92,13.77,13.64,13.4,13.25,12.91,12.35,11.59,9.32,8.52,8.51,8.44,8.27,8.17,8.09,8.09,8.01,7.86,7.78,7.68,7.57,7.49,7.51,7.45,7.41,7.41,7.35,7.34,7.28,7.24,7.27,7.24,7.24,7.25,7.28,7.26
2026-09-28 01:00:00,30,14.2,2.7,62,16.05,16.04,16.05,15.89,13.71,13.56,13.39,13.26,12.96,12.42,11.64,9.36,8.53,8.49,8.35,8.24,8.16,8.11,8.1,8.01,7.86,7.81,7.76,7.59,7.5,7.51,7.46,7.42,7.42,7.35,7.34,7.29,7.25,7.28,7.24,7.24,7.25,7.28,7.26
2026-09-28 01:10:00,30,14.2,4.3,49,16.03,16,15.91,15.82,13.67,13.49,13.4,13.23,12.97,12.42,11.63,9.24,8.52,8.43,8.34,8.19,8.13,8.1,8.02,7.94,7.86,7.82,7.66,7.57,7.49,7.5,7.44,7.4,7.4,7.34,7.33,7.27,7.26,7.27,7.24,7.24,7.25,7.28,7.26
2026-09-28 01:20:00,30,14.1,3.7,56,15.96,15.9,15.8,15.64,13.59,13.44,13.4,13.31,13.02,12.68,12.08,10.05,8.55,8.44,8.36,8.22,8.16,8.12,8.03,7.95,7.88,7.84,7.7,7.59,7.53,7.51,7.43,7.39,7.37,7.33,7.34,7.31,7.27,7.28,7.24,7.24,7.25,7.27,7.26
2026-09-28 01:30:00,30,14.1,3.7,50,15.91,15.84,15.77,15.43,13.73,13.4,13.38,13.3,13.06,12.6,11.72,9.46,8.54,8.42,8.31,8.22,8.18,8.13,8.05,7.95,7.9,7.86,7.7,7.59,7.53,7.5,7.43,7.37,7.36,7.33,7.34,7.3,7.27,7.29,7.24,7.24,7.25,7.28,7.26
2026-09-28 01:40:00,30,14.1,2.7,32,15.89,15.84,15.75,15.54,14.11,13.39,13.36,13.27,13.04,12.32,11.6,9.08,8.5,8.35,8.28,8.23,8.18,8.12,8.06,7.98,7.91,7.88,7.9,7.65,7.58,7.54,7.44,7.36,7.36,7.33,7.34,7.29,7.26,7.29,7.24,7.24,7.25,7.28,7.26
2026-09-28 01:50:00,30,14,2.4,30,15.66,15.64,15.61,15.48,14.26,13.37,13.34,13.28,13.09,12.27,11.27,8.69,8.4,8.29,8.28,8.21,8.16,8.09,8.05,7.93,7.91,7.89,7.71,7.61,7.52,7.52,7.41,7.33,7.35,7.34,7.35,7.3,7.28,7.29,7.25,7.25,7.25,7.28,7.27
2026-09-28 02:00:00,30,13.9,1.9,7,15.39,15.38,15.4,15.36,14.82,13.42,13.32,13.26,13.04,12.33,11.54,8.95,8.46,8.31,8.29,8.23,8.17,8.09,7.97,7.94,7.94,7.77,7.64,7.55,7.51,7.51,7.39,7.32,7.34,7.33,7.34,7.3,7.3,7.31,7.26,7.25,7.26,7.28,7.27
2026-09-28 02:10:00,30,13.9,2.8,1,15.4,15.32,15.34,15.29,14.51,13.41,13.3,13.22,13,12.32,11.1,8.98,8.43,8.33,8.29,8.23,8.15,8.06,8.01,7.94,7.78,7.62,7.6,7.53,7.51,7.52,7.42,7.34,7.35,7.33,7.34,7.31,7.31,7.33,7.27,7.26,7.26,7.28,7.27
2026-09-28 02:20:00,30,14,3.3,10,15.61,15.32,15.22,15.14,14.56,13.39,13.28,13.19,12.95,12.29,11.48,8.99,8.43,8.33,8.3,8.24,8.11,8.06,7.96,7.93,7.64,7.57,7.57,7.52,7.5,7.52,7.45,7.35,7.35,7.33,7.35,7.31,7.3,7.31,7.26,7.25,7.26,7.28,7.27
2026-09-28 02:30:00,30,14,3.2,31,15.61,15.3,15.07,14.91,14.28,13.3,13.25,13.16,12.9,12.3,11.48,8.96,8.45,8.35,8.33,8.24,8.19,8.06,8.03,7.92,7.71,7.51,7.54,7.49,7.46,7.46,7.43,7.36,7.36,7.34,7.35,7.31,7.31,7.33,7.27,7.27,7.26,7.28,7.27
2026-09-28 02:40:00,30,14,3,19,15.55,15.25,14.97,14.84,14.28,13.24,13.22,13.15,12.9,12.22,10.51,8.83,8.45,8.38,8.37,8.29,8.18,8.09,8.04,7.89,7.61,7.51,7.52,7.48,7.46,7.46,7.41,7.37,7.37,7.34,7.35,7.32,7.31,7.32,7.27,7.26,7.26,7.28,7.27
2026-09-28 02:50:00,30,13.9,2.9,10,15.48,15.38,15.09,14.74,14.38,13.25,13.2,13.13,12.91,12.63,9.92,8.8,8.47,8.41,8.4,8.3,8.22,8.15,8.09,7.98,7.58,7.48,7.51,7.48,7.44,7.46,7.38,7.36,7.37,7.35,7.36,7.32,7.28,7.3,7.26,7.25,7.26,7.28,7.27
2026-09-28 03:00:00,30,13.9,2.3,4,15.41,15.38,15.15,14.66,14.14,13.18,13.18,13.08,12.88,12.49,9.13,8.69,8.44,8.43,8.42,8.3,8.24,8.16,8.12,7.84,7.54,7.47,7.5,7.47,7.45,7.48,7.39,7.35,7.37,7.36,7.36,7.3,7.27,7.3,7.26,7.26,7.26,7.29,7.27
2026-09-28 03:10:00,30,14,2.3,359,15.33,15.31,15.15,14.7,13.9,13.16,13.15,13.07,12.87,12.28,9.1,8.69,8.48,8.46,8.46,8.32,8.27,8.17,8.08,7.7,7.53,7.47,7.52,7.48,7.47,7.5,7.46,7.39,7.39,7.37,7.37,7.33,7.29,7.3,7.27,7.26,7.27,7.29,7.27
2026-09-28 03:20:00,30,14,1.6,21,15.28,15.28,15.28,14.71,14.06,13.15,13.11,12.94,12.84,12.31,8.84,8.56,8.47,8.48,8.43,8.32,8.29,8.2,7.94,7.65,7.51,7.46,7.5,7.47,7.46,7.5,7.45,7.39,7.39,7.37,7.37,7.31,7.28,7.3,7.27,7.27,7.27,7.29,7.27
2026-09-28 03:30:00,30,14,2.4,350,15.29,15.28,15.27,14.63,13.83,13.14,13.08,13,12.81,12.73,8.64,8.6,8.49,8.49,8.48,8.36,8.3,8.27,8.12,7.81,7.55,7.49,7.52,7.48,7.47,7.49,7.47,7.39,7.4,7.37,7.38,7.32,7.29,7.3,7.27,7.27,7.28,7.29,7.27
2026-09-28 03:40:00,30,14,2.7,20,15.31,15.29,15.17,14.44,13.87,13.13,13.07,12.87,12.83,12.23,8.62,8.52,8.48,8.45,8.41,8.36,8.32,8.27,7.98,7.81,7.6,7.5,7.51,7.49,7.48,7.51,7.49,7.43,7.43,7.39,7.38,7.33,7.3,7.31,7.27,7.27,7.28,7.3,7.28
2026-09-28 03:50:00,30,14.1,2.8,350,15.33,15.31,15.08,14.44,13.69,13.12,13.06,12.85,12.76,12.16,8.6,8.52,8.48,8.42,8.4,8.34,8.3,8.19,7.94,7.77,7.57,7.51,7.53,7.5,7.49,7.52,7.48,7.45,7.47,7.39,7.38,7.34,7.32,7.32,7.28,7.27,7.28,7.3,7.28
2026-09-28 04:00:00,30,14,2.9,307,15.33,15.31,14.65,14.15,13.51,13.09,13.04,12.84,12.69,12.25,9.09,8.64,8.53,8.47,8.42,8.36,8.31,8,7.81,7.71,7.62,7.52,7.53,7.51,7.5,7.49,7.47,7.43,7.44,7.39,7.39,7.35,7.31,7.32,7.28,7.28,7.29,7.31,7.28
2026-09-28 04:10:00,30,13.9,1.9,337,15.28,15.26,14.6,14.24,13.63,13.1,13.07,12.85,12.63,12.29,9.07,8.64,8.54,8.46,8.42,8.36,8.26,8.03,7.78,7.67,7.6,7.5,7.53,7.5,7.5,7.52,7.5,7.45,7.45,7.41,7.4,7.35,7.34,7.34,7.28,7.28,7.29,7.32,7.28
2026-09-28 04:20:00,30,13.9,3.2,284,15.24,15.2,14.36,14.09,13.42,13.08,13.05,12.83,12.42,12.29,8.88,8.61,8.56,8.46,8.41,8.35,8.26,8.1,7.99,7.73,7.63,7.51,7.53,7.51,7.49,7.5,7.47,7.44,7.45,7.4,7.4,7.35,7.34,7.34,7.28,7.28,7.29,7.31,7.29
2026-09-28 04:30:00,30,13.3,3.2,293,15.25,15.23,14.57,14.05,13.27,13.07,13.04,12.82,12.33,12.16,8.82,8.6,8.52,8.44,8.4,8.35,8.28,8.24,8.09,7.79,7.67,7.54,7.55,7.51,7.5,7.52,7.48,7.44,7.44,7.39,7.4,7.35,7.34,7.35,7.29,7.28,7.29,7.31,7.29
2026-09-28 04:40:00,30,13.3,4,313,15.26,15.25,14.71,14.03,13.29,13.05,13.05,12.86,12.33,12.04,8.78,8.6,8.49,8.4,8.37,8.31,8.27,8.21,7.85,7.78,7.62,7.52,7.54,7.51,7.49,7.52,7.47,7.42,7.43,7.39,7.4,7.35,7.34,7.35,7.29,7.28,7.29,7.31,7.29
2026-09-28 04:50:00,30,13.3,3.3,323,15.24,15.2,15,14.34,13.57,13.04,13.05,12.94,12.33,11.79,8.6,8.59,8.42,8.38,8.37,8.33,8.26,8.09,7.82,7.71,7.55,7.51,7.53,7.5,7.47,7.49,7.46,7.41,7.42,7.4,7.41,7.37,7.36,7.35,7.31,7.29,7.29,7.31,7.27
2026-09-28 05:00:00,30,13.1,4,331,15.18,14.8,14.56,14.04,13.22,13.01,13.03,12.9,12.33,11.86,8.59,8.58,8.41,8.38,8.38,8.29,8.2,8.02,7.8,7.7,7.57,7.51,7.53,7.5,7.49,7.51,7.48,7.46,7.47,7.42,7.42,7.37,7.37,7.39,7.32,7.31,7.3,7.32,7.28
2026-09-28 05:10:00,30,13,4.2,333,15.13,14.64,14.43,14,13.03,12.99,13,12.86,12.34,11.98,8.66,8.57,8.42,8.4,8.36,8.29,8.16,7.98,7.83,7.74,7.62,7.54,7.55,7.5,7.47,7.5,7.46,7.46,7.47,7.39,7.41,7.37,7.37,7.39,7.33,7.31,7.3,7.32,7.29
2026-09-28 05:20:00,30,13.2,5.1,342,15.05,14.85,14.39,13.73,13.12,12.98,12.99,12.84,12.28,12.02,10.97,8.58,8.42,8.38,8.31,8.22,8.15,7.98,7.81,7.73,7.64,7.54,7.54,7.51,7.48,7.5,7.48,7.45,7.47,7.41,7.4,7.37,7.37,7.39,7.34,7.32,7.31,7.31,7.28
2026-09-28 05:30:00,30,13.3,4.1,350,14.97,14.84,14.37,13.51,12.99,12.96,12.97,12.81,12.28,11.82,8.98,8.54,8.48,8.45,8.32,8.24,8.13,7.87,7.78,7.73,7.68,7.61,7.57,7.49,7.49,7.51,7.48,7.46,7.48,7.44,7.44,7.37,7.37,7.4,7.36,7.31,7.3,7.32,7.29
2026-09-28 05:40:00,30,13.3,4.1,348,14.84,14.81,14.66,13.61,13.13,12.95,12.97,12.8,12.32,11.8,8.97,8.53,8.48,8.36,8.29,8.21,8.15,7.84,7.78,7.72,7.64,7.56,7.53,7.49,7.46,7.48,7.45,7.43,7.46,7.45,7.46,7.41,7.38,7.4,7.36,7.3,7.3,7.31,7.3
2026-09-28 05:50:00,30,13.5,4.5,352,14.67,14.66,14.59,14.12,13.3,12.95,12.96,12.79,12.22,11.59,8.72,8.5,8.41,8.31,8.29,8.22,8.08,7.8,7.76,7.73,7.65,7.51,7.53,7.49,7.46,7.47,7.44,7.42,7.44,7.43,7.44,7.41,7.37,7.4,7.35,7.31,7.29,7.31,7.3
2026-09-28 06:00:00,30,13.8,4.7,356,14.32,14.29,14.29,14.07,13.3,12.96,12.95,12.78,12.19,11.39,8.61,8.44,8.29,8.26,8.24,8.09,7.82,7.78,7.75,7.71,7.65,7.55,7.56,7.52,7.51,7.53,7.5,7.45,7.45,7.43,7.44,7.39,7.37,7.39,7.33,7.31,7.29,7.31,7.3
2026-09-28 06:10:00,30,13.4,4.4,332,14.28,14.22,14.19,13.96,13.43,12.96,12.92,12.64,12.1,11.41,8.72,8.52,8.36,8.36,8.28,8.12,7.99,7.82,7.78,7.74,7.62,7.58,7.58,7.52,7.51,7.53,7.51,7.49,7.51,7.48,7.45,7.4,7.39,7.41,7.37,7.36,7.32,7.31,7.3
2026-09-28 06:20:00,30,13.4,4.7,331,14.3,14.23,14.19,14.05,13.63,13.15,12.92,12.78,12.45,11.62,8.74,8.5,8.34,8.29,8.27,8.07,7.91,7.81,7.78,7.74,7.69,7.61,7.62,7.54,7.5,7.52,7.5,7.48,7.5,7.42,7.42,7.39,7.38,7.4,7.35,7.32,7.29,7.3,7.28
2026-09-28 06:30:00,30,13.6,4.1,346,14.36,14.33,14.3,14.15,13.95,13.27,12.92,12.79,12.44,11.47,8.64,8.49,8.32,8.26,8.23,8.15,7.94,7.81,7.76,7.73,7.68,7.63,7.62,7.54,7.5,7.52,7.49,7.47,7.48,7.41,7.42,7.39,7.39,7.42,7.38,7.28,7.28,7.31,7.29
2026-09-28 06:40:00,30,13.7,3.8,346,14.51,14.45,14.42,14.24,13.9,13.59,12.94,12.83,12.6,11.42,8.63,8.46,8.29,8.25,8.23,8.18,7.84,7.77,7.74,7.7,7.68,7.6,7.63,7.56,7.52,7.51,7.49,7.46,7.48,7.44,7.42,7.38,7.37,7.4,7.37,7.35,7.35,7.31,7.29
2026-09-28 06:50:00,30,13.7,3,48,14.82,14.74,14.56,14.23,13.92,13.34,12.91,12.73,12.12,11.28,8.62,8.4,8.28,8.22,8.21,8.15,7.81,7.77,7.75,7.69,7.68,7.63,7.65,7.56,7.51,7.52,7.48,7.46,7.48,7.45,7.44,7.37,7.37,7.39,7.34,7.27,7.27,7.29,7.28
2026-09-28 07:00:00,30,13.3,4.8,40,15.04,14.88,14.62,14.31,13.84,13.12,12.88,12.7,12.07,11.33,8.66,8.46,8.29,8.22,8.2,7.96,7.78,7.76,7.71,7.68,7.67,7.63,7.62,7.58,7.51,7.5,7.48,7.47,7.48,7.46,7.44,7.36,7.35,7.38,7.34,7.34,7.34,7.33,7.28
2026-09-28 07:10:00,30,13.2,4.1,33,15.07,14.95,14.74,14.29,13.48,12.99,12.87,12.7,12.05,11.51,8.78,8.5,8.32,8.2,8.17,8.07,7.78,7.74,7.7,7.69,7.67,7.64,7.66,7.58,7.52,7.5,7.48,7.46,7.47,7.46,7.44,7.39,7.35,7.36,7.32,7.32,7.32,7.31,7.28
2026-09-28 07:20:00,30,13.2,3.9,28,15.08,14.92,14.72,14.34,13.75,12.88,12.84,12.68,12,11.41,8.82,8.52,8.33,8.22,8.18,7.99,7.78,7.73,7.74,7.71,7.67,7.64,7.66,7.59,7.57,7.53,7.46,7.44,7.46,7.45,7.43,7.38,7.36,7.36,7.31,7.31,7.31,7.29,7.28
2026-09-28 07:30:00,30,13.3,4.9,24,15.08,14.98,14.63,14.34,13.73,12.93,12.83,12.68,12.01,11.28,8.72,8.49,8.26,8.19,8.11,7.83,7.77,7.73,7.72,7.73,7.7,7.64,7.67,7.62,7.59,7.56,7.45,7.42,7.43,7.42,7.42,7.36,7.34,7.36,7.31,7.3,7.28,7.29,7.28
2026-09-28 07:40:00,30,13.3,4.3,13,15.08,15.04,14.96,14.56,13.98,13.33,12.84,12.75,12.05,11.24,8.62,8.44,8.29,8.21,8.13,7.83,7.77,7.71,7.71,7.71,7.68,7.66,7.7,7.66,7.59,7.59,7.5,7.42,7.43,7.4,7.41,7.35,7.34,7.35,7.3,7.29,7.26,7.29,7.28
2026-09-28 07:50:00,30,13.4,4.3,4,15.06,15.04,14.97,14.56,13.98,13.29,12.86,12.69,11.92,11.07,8.56,8.4,8.24,8.23,8.1,7.85,7.76,7.71,7.7,7.71,7.68,7.66,7.7,7.67,7.65,7.63,7.53,7.41,7.42,7.41,7.4,7.36,7.33,7.35,7.3,7.26,7.27,7.29,7.28
2026-09-28 08:00:00,30,13.5,4,3,14.95,14.92,14.81,14.6,14.04,13.3,12.86,12.56,11.83,10.57,8.5,8.33,8.23,8.17,8.08,7.85,7.79,7.73,7.7,7.71,7.69,7.67,7.71,7.69,7.67,7.69,7.67,7.55,7.49,7.39,7.39,7.35,7.33,7.33,7.28,7.26,7.26,7.29,7.28
2026-09-28 08:10:00,30,13.5,4.5,8,14.88,14.85,14.77,14.44,13.97,13.05,12.89,12.55,11.54,10.58,8.52,8.36,8.24,8.18,8.14,7.85,7.78,7.72,7.71,7.71,7.71,7.69,7.72,7.69,7.67,7.68,7.61,7.53,7.46,7.37,7.37,7.34,7.32,7.32,7.27,7.26,7.25,7.28,7.28
2026-09-28 08:20:00,30,13.4,4.6,7,14.92,14.87,14.76,14.37,13.7,12.94,12.84,12.15,11.36,10.2,8.45,8.25,8.2,8.14,8.04,7.85,7.79,7.73,7.73,7.72,7.71,7.7,7.72,7.67,7.67,7.63,7.55,7.42,7.38,7.35,7.36,7.32,7.32,7.33,7.28,7.26,7.25,7.28,7.27
2026-09-28 08:30:00,30,13.3,5.2,357,14.88,14.84,14.77,14.53,14.05,13.34,12.95,12.64,11.73,10.64,8.49,8.24,8.16,8.12,8.05,7.87,7.79,7.76,7.73,7.73,7.72,7.7,7.75,7.69,7.66,7.61,7.52,7.39,7.39,7.33,7.34,7.3,7.3,7.33,7.27,7.27,7.26,7.28,7.26
2026-09-28 08:40:00,30,13.3,5.5,5,14.83,14.77,14.75,14.66,14.15,13.34,12.95,12.46,11.55,10.66,8.43,8.25,8.16,8.13,8.03,7.93,7.82,7.77,7.75,7.73,7.73,7.71,7.71,7.66,7.64,7.6,7.54,7.37,7.35,7.32,7.33,7.3,7.29,7.31,7.27,7.26,7.26,7.27,7.26
2026-09-28 08:50:00,30,13.3,5.1,353,14.89,14.8,14.71,14.36,13.91,13.08,12.83,12.07,11.28,10.37,8.42,8.26,8.24,8.17,8.13,8,7.87,7.82,7.79,7.78,7.74,7.72,7.77,7.71,7.63,7.6,7.51,7.36,7.36,7.31,7.32,7.28,7.28,7.31,7.26,7.26,7.27,7.29,7.26
2026-09-28 09:00:00,30,13.3,4.3,353,14.86,14.81,14.68,14.43,13.95,13.21,12.89,12.11,11.25,10.18,8.34,8.27,8.27,8.26,8.18,8.11,8.01,7.87,7.81,7.8,7.75,7.73,7.76,7.68,7.65,7.61,7.47,7.35,7.37,7.3,7.3,7.26,7.26,7.29,7.26,7.25,7.26,7.29,7.26
2026-09-28 09:10:00,30,13.3,4.2,345,14.84,14.8,14.62,14.47,14.11,13.63,12.9,12.07,11.01,9.21,8.3,8.28,8.29,8.28,8.19,8.1,7.92,7.8,7.78,7.78,7.74,7.72,7.73,7.67,7.58,7.51,7.42,7.35,7.34,7.32,7.32,7.26,7.26,7.28,7.24,7.24,7.25,7.29,7.26
2026-09-28 09:20:00,30,13.4,4.4,348,14.82,14.79,14.62,14.33,13.9,13.38,12.87,11.93,11.1,9.15,8.28,8.29,8.31,8.28,8.17,8.13,7.88,7.78,7.77,7.76,7.75,7.73,7.72,7.64,7.58,7.56,7.41,7.36,7.35,7.31,7.28,7.24,7.24,7.27,7.23,7.23,7.24,7.27,7.26
2026-09-28 09:30:00,30,13.6,4.1,345,14.76,14.72,14.68,14.45,13.98,13.39,12.9,12.42,11.43,9.73,8.32,8.29,8.31,8.33,8.2,8.15,7.88,7.78,7.76,7.76,7.75,7.72,7.7,7.65,7.58,7.55,7.43,7.38,7.38,7.3,7.28,7.24,7.24,7.27,7.23,7.23,7.24,7.27,7.26
2026-09-28 09:40:00,30,13.6,4.3,341,14.84,14.82,14.73,14.35,13.97,13.27,12.89,12.52,11.32,8.86,8.35,8.34,8.34,8.24,8.23,7.98,7.83,7.78,7.77,7.77,7.76,7.74,7.74,7.67,7.64,7.6,7.43,7.36,7.36,7.29,7.28,7.23,7.23,7.26,7.23,7.23,7.23,7.26,7.26
2026-09-28 09:50:00,30,13.7,4.7,348,14.84,14.76,14.69,14.38,13.9,13.34,12.91,12.61,11.48,10.01,8.42,8.35,8.3,8.26,8.12,7.89,7.79,7.76,7.76,7.76,7.75,7.72,7.7,7.6,7.5,7.53,7.51,7.48,7.46,7.34,7.31,7.23,7.22,7.25,7.23,7.23,7.23,7.26,7.25
2026-09-28 10:00:00,30,13.7,4.7,355,14.79,14.71,14.64,14.33,13.78,13.1,12.89,12.55,11.59,9.98,8.45,8.38,8.34,8.25,8.04,7.89,7.79,7.75,7.75,7.75,7.74,7.66,7.65,7.57,7.52,7.54,7.52,7.47,7.41,7.33,7.3,7.23,7.21,7.24,7.21,7.21,7.22,7.25,7.24
2026-09-28 10:10:00,30,13.7,5.2,354,14.75,14.72,14.66,14.5,13.83,13.18,12.92,12.53,11.38,10,8.56,8.5,8.45,8.4,8.16,7.96,7.84,7.77,7.76,7.76,7.75,7.68,7.69,7.58,7.51,7.54,7.47,7.42,7.41,7.34,7.3,7.22,7.21,7.22,7.19,7.19,7.2,7.23,7.23
2026-09-28 10:20:00,30,13.7,4.9,353,14.65,14.59,14.38,14.17,13.67,12.98,12.74,12.43,11.27,9.54,8.61,8.5,8.35,8.19,8.02,7.93,7.82,7.77,7.76,7.76,7.72,7.64,7.65,7.56,7.53,7.52,7.47,7.42,7.41,7.35,7.24,7.19,7.18,7.21,7.17,7.17,7.18,7.21,7.21
2026-09-28 10:30:00,30,13.7,5.6,353,14.76,14.72,14.66,14.42,13.91,13.06,12.49,12.3,11.28,9.82,8.79,8.6,8.2,8.18,8.13,7.95,7.81,7.77,7.77,7.75,7.68,7.65,7.65,7.57,7.53,7.52,7.48,7.41,7.42,7.36,7.31,7.18,7.17,7.2,7.17,7.17,7.18,7.21,7.2
2026-09-28 10:40:00,30,13.8,5.2,350,14.75,14.65,14.58,14.43,13.96,12.94,12.63,11.98,10.83,9.75,8.88,8.6,8.27,8.15,7.98,7.89,7.79,7.77,7.74,7.7,7.68,7.64,7.66,7.59,7.57,7.54,7.5,7.45,7.44,7.34,7.25,7.16,7.16,7.19,7.16,7.16,7.17,7.2,7.2
2026-09-28 10:50:00,30,13.9,4.7,352,14.67,14.65,14.62,14.53,13.95,13.01,12.71,12.11,11.05,9.83,9.05,8.64,8.31,8.1,7.97,7.85,7.8,7.74,7.7,7.68,7.66,7.63,7.64,7.59,7.55,7.56,7.53,7.47,7.44,7.3,7.23,7.17,7.16,7.19,7.16,7.16,7.17,7.21,7.2
2026-09-28 11:00:00,30,13.9,5.4,355,14.79,14.69,14.54,14.43,14.08,13.26,12.78,11.98,10.62,9.73,9.07,8.46,8.34,8.2,7.98,7.85,7.8,7.75,7.71,7.69,7.67,7.64,7.64,7.59,7.57,7.59,7.55,7.5,7.48,7.29,7.22,7.17,7.16,7.19,7.15,7.15,7.17,7.2,7.19
2026-09-28 11:10:00,30,13.9,5.3,5,14.74,14.55,14.5,14.35,13.74,12.99,12.6,11.72,10.49,9.28,8.84,8.44,8.38,8.21,7.98,7.83,7.81,7.72,7.68,7.69,7.68,7.67,7.67,7.62,7.61,7.63,7.53,7.47,7.45,7.27,7.21,7.16,7.15,7.18,7.15,7.15,7.16,7.2,7.19
2026-09-28 11:20:00,30,13.6,5.8,0,14.72,14.67,14.64,14.41,14.09,13.1,12.89,11.88,10.74,9.62,9.12,8.47,8.32,8.03,7.97,7.84,7.81,7.75,7.69,7.7,7.69,7.67,7.67,7.64,7.63,7.64,7.58,7.44,7.38,7.26,7.21,7.15,7.15,7.18,7.15,7.14,7.16,7.19,7.18
2026-09-28 11:30:00,30,13.4,5.4,4,14.72,14.66,14.58,14.49,14.16,13.05,12.82,11.84,10.68,9.41,9.02,8.49,8.27,8.1,7.96,7.84,7.79,7.69,7.69,7.7,7.69,7.64,7.68,7.65,7.62,7.63,7.57,7.47,7.37,7.26,7.2,7.16,7.16,7.19,7.15,7.15,7.16,7.19,7.18
2026-09-28 11:40:00,30,13.5,4.7,354,14.75,14.65,14.6,14.49,14.06,13.03,12.7,11.69,10.51,9.28,8.94,8.54,8.35,8.03,7.97,7.85,7.81,7.7,7.68,7.69,7.67,7.64,7.68,7.64,7.62,7.64,7.57,7.46,7.38,7.28,7.21,7.17,7.17,7.19,7.16,7.15,7.16,7.19,7.18
2026-09-28 11:50:00,30,13.6,4.4,1,14.77,14.75,14.7,14.41,14.3,13.83,12.95,11.76,10.52,9.35,9.02,8.53,8.29,8.02,7.97,7.86,7.83,7.7,7.69,7.69,7.69,7.64,7.67,7.64,7.62,7.64,7.55,7.43,7.38,7.26,7.21,7.17,7.17,7.2,7.16,7.16,7.16,7.19,7.18
2026-09-28 12:00:00,30,13.8,4.7,359,14.81,14.79,14.69,14.49,14.1,13.43,12.94,11.57,10.5,9.31,8.8,8.44,8.18,8.02,7.94,7.86,7.82,7.74,7.69,7.69,7.69,7.66,7.68,7.63,7.61,7.65,7.58,7.48,7.39,7.32,7.2,7.17,7.17,7.2,7.17,7.17,7.17,7.19,7.18
2026-09-28 12:10:00,30,13.9,4.2,5,14.81,14.76,14.72,14.52,13.97,13.31,12.92,11.71,10.59,9.52,9.11,8.55,8.24,8.07,7.97,7.86,7.8,7.7,7.7,7.7,7.7,7.67,7.68,7.65,7.61,7.64,7.59,7.44,7.4,7.32,7.2,7.17,7.17,7.2,7.16,7.16,7.17,7.19,7.18
2026-09-28 12:20:00,30,14,4,356,14.84,14.81,14.72,14.5,14.04,13.5,12.96,11.62,10.55,9.42,8.71,8.41,8.22,8.05,7.95,7.86,7.8,7.72,7.68,7.69,7.68,7.67,7.68,7.62,7.59,7.62,7.56,7.45,7.4,7.29,7.21,7.18,7.17,7.19,7.16,7.16,7.17,7.2,7.19
2026-09-28 12:30:00,30,14.1,4.4,350,14.87,14.85,14.76,14.51,14.02,13.47,13.01,11.56,10.52,9.47,8.86,8.49,8.23,8.09,7.92,7.86,7.81,7.73,7.69,7.69,7.69,7.67,7.67,7.62,7.58,7.59,7.54,7.46,7.45,7.29,7.21,7.17,7.17,7.2,7.16,7.16,7.17,7.2,7.2
2026-09-28 12:40:00,30,14.3,4.9,351,14.91,14.85,14.76,14.44,14.04,13.43,12.99,11.57,10.87,9.85,9.39,8.62,8.27,8.15,7.98,7.91,7.83,7.8,7.72,7.7,7.69,7.67,7.71,7.67,7.62,7.6,7.56,7.49,7.45,7.24,7.21,7.18,7.17,7.2,7.16,7.16,7.17,7.2,7.19
2026-09-28 12:50:00,30,14.2,4.3,353,14.97,14.93,14.86,14.59,14.05,13.63,13.08,11.78,11.03,9.87,9.42,8.59,8.23,8.11,7.94,7.89,7.82,7.75,7.7,7.69,7.69,7.67,7.69,7.65,7.62,7.59,7.55,7.46,7.42,7.22,7.22,7.17,7.17,7.2,7.16,7.16,7.17,7.2,7.19
2026-09-28 13:00:00,30,14.1,4.2,354,14.97,14.92,14.86,14.39,13.84,13.47,13.05,11.57,11.07,9.84,9.45,8.6,8.23,8.1,7.96,7.9,7.82,7.73,7.7,7.7,7.69,7.67,7.69,7.65,7.62,7.6,7.53,7.42,7.4,7.28,7.22,7.18,7.17,7.2,7.17,7.16,7.18,7.2,7.19
2026-09-28 13:10:00,30,14.1,4.1,353,14.95,14.93,14.86,14.5,13.97,13.49,13.33,11.96,11.06,9.81,9.18,8.52,8.24,8.09,7.95,7.89,7.8,7.74,7.69,7.7,7.69,7.67,7.7,7.65,7.63,7.64,7.54,7.44,7.39,7.28,7.23,7.18,7.18,7.21,7.17,7.17,7.18,7.21,7.2
2026-09-28 13:20:00,30,14.2,4.3,354,15.06,14.99,14.75,14.4,13.93,13.51,13.05,12,11.3,9.97,9.2,8.55,8.26,8.13,8.02,7.89,7.85,7.76,7.74,7.7,7.69,7.68,7.72,7.66,7.64,7.66,7.55,7.45,7.38,7.27,7.23,7.2,7.19,7.21,7.18,7.17,7.18,7.21,7.2
2026-09-28 13:30:00,30,14.3,4,347,15.05,15.03,14.94,14.43,13.8,13.51,13.39,12.47,11.37,10.32,9.44,8.51,8.27,8.13,8.03,7.89,7.84,7.75,7.74,7.71,7.69,7.68,7.7,7.67,7.65,7.67,7.57,7.46,7.4,7.26,7.25,7.19,7.2,7.22,7.18,7.18,7.18,7.21,7.21
2026-09-28 13:40:00,30,14.5,3.4,349,15.06,14.99,14.84,14.3,13.63,13.46,13.38,12.38,11.32,10.18,9.23,8.43,8.21,8.11,8,7.88,7.84,7.76,7.75,7.74,7.69,7.68,7.7,7.66,7.65,7.67,7.57,7.46,7.39,7.26,7.24,7.2,7.2,7.22,7.19,7.18,7.18,7.21,7.21
2026-09-28 13:50:00,30,14.6,4.2,347,15.15,15.06,14.92,14.14,13.56,13.4,13.34,12.35,11.36,10.34,9.39,8.44,8.24,8.13,8.08,7.89,7.83,7.78,7.76,7.75,7.7,7.68,7.7,7.66,7.65,7.67,7.57,7.46,7.38,7.26,7.23,7.2,7.19,7.21,7.18,7.17,7.18,7.21,7.21
2026-09-28 14:00:00,30,14.4,4.6,346,15.17,15.11,14.84,13.92,13.45,13.34,13.28,12.5,11.8,10.94,9.81,8.75,8.43,8.21,8.1,7.92,7.83,7.8,7.81,7.76,7.74,7.69,7.72,7.67,7.65,7.68,7.62,7.52,7.39,7.29,7.26,7.19,7.19,7.22,7.18,7.17,7.19,7.21,7.21
2026-09-28 14:10:00,30,14.3,4.2,359,15.19,15.16,15.08,14.59,13.56,13.43,13.35,13.23,12.87,12.12,11.11,10.42,9.76,8.74,8.44,8.25,8.06,7.94,7.82,7.81,7.81,7.76,7.78,7.7,7.68,7.69,7.66,7.63,7.61,7.37,7.3,7.21,7.19,7.22,7.19,7.18,7.18,7.21,7.2
2026-09-28 14:20:00,30,14.2,5,355,15.19,15.13,15.04,14.81,13.89,13.56,13.43,13.32,13.25,13.21,13.12,12.46,12.27,11.34,10.7,10.18,9.53,8.54,8.3,8.17,8.02,7.92,7.83,7.81,7.8,7.79,7.71,7.66,7.67,7.65,7.41,7.25,7.2,7.22,7.19,7.18,7.18,7.21,7.2
2026-09-28 14:30:00,30,14,4.3,358,15.12,15.07,14.87,13.76,13.56,13.45,13.38,13.29,13.26,13.21,12.7,12.37,11.65,10.9,10.59,9.85,8.94,8.46,8.26,8.11,7.99,7.93,7.89,7.79,7.79,7.8,7.71,7.65,7.67,7.6,7.38,7.29,7.21,7.22,7.19,7.17,7.18,7.21,7.2
2026-09-28 14:40:00,30,14.1,4.8,353,15.11,15.05,14.52,13.59,13.5,13.39,13.33,13.29,13.25,12.64,12.28,11.34,10.94,10.69,9.89,8.93,8.47,8.25,8.13,8.03,7.93,7.84,7.81,7.78,7.78,7.76,7.7,7.64,7.67,7.57,7.39,7.3,7.27,7.22,7.19,7.18,7.18,7.2,7.2
2026-09-28 14:50:00,30,14,3.3,354,15.05,15.02,14.87,13.88,13.49,13.44,13.42,13.3,13.29,13.28,12.88,12.53,11.94,11.09,10.73,9.87,8.88,8.36,8.22,8.09,7.93,7.89,7.85,7.78,7.77,7.78,7.7,7.64,7.66,7.56,7.38,7.3,7.27,7.22,7.19,7.18,7.18,7.21,7.2
2026-09-28 15:00:00,30,14.1,3.7,344,14.95,14.92,14.43,13.57,13.44,13.36,13.36,13.32,13.29,13.27,12.7,12.4,11.38,11.09,9.71,8.72,8.35,8.13,7.96,7.94,7.88,7.77,7.8,7.77,7.76,7.73,7.68,7.64,7.66,7.42,7.35,7.3,7.28,7.23,7.19,7.17,7.18,7.21,7.2
2026-09-28 15:10:00,30,14.1,4.7,343,14.89,14.85,14.17,13.5,13.36,13.35,13.34,13.28,13.24,12.52,12.26,11.33,11.12,9.95,8.78,8.39,8.14,8.04,7.91,7.88,7.82,7.76,7.8,7.76,7.7,7.71,7.65,7.63,7.62,7.39,7.34,7.28,7.26,7.22,7.19,7.17,7.18,7.2,7.2
2026-09-28 15:20:00,30,14.1,5.2,338,14.83,14.79,14.29,13.5,13.35,13.3,13.32,13.28,13.26,13.18,12.69,12.33,11.37,11.21,10.54,9.56,8.62,8.29,8.11,7.97,7.89,7.84,7.84,7.79,7.76,7.76,7.7,7.64,7.66,7.48,7.4,7.29,7.28,7.23,7.18,7.18,7.18,7.21,7.2
2026-09-28 15:30:00,30,14,5.5,340,14.7,14.55,14.03,13.41,13.31,13.29,13.3,13.26,13.22,13.17,12.83,12.32,11.66,11.22,10.12,8.97,8.39,8.12,8.02,7.93,7.87,7.84,7.87,7.79,7.74,7.74,7.7,7.66,7.65,7.51,7.39,7.28,7.27,7.22,7.18,7.18,7.18,7.2,7.2
2026-09-28 15:40:00,30,13.9,5.5,332,14.54,14.43,13.67,13.35,13.29,13.28,13.3,13.26,13.26,12.37,11.35,11.12,9.8,8.66,8.38,8.16,8.01,7.93,7.89,7.86,7.84,7.8,7.72,7.69,7.67,7.71,7.67,7.63,7.56,7.41,7.39,7.28,7.25,7.22,7.19,7.18,7.18,7.2,7.2
2026-09-28 15:50:00,30,13.8,5,347,14.46,14.38,14.15,13.42,13.29,13.27,13.27,13.24,13.24,13.22,13.16,12.36,11.33,10.93,9.48,8.51,8.15,8.05,7.97,7.92,7.87,7.83,7.87,7.8,7.67,7.7,7.68,7.66,7.66,7.53,7.41,7.31,7.27,7.22,7.19,7.17,7.18,7.2,7.19
2026-09-28 16:00:00,30,13.7,5.8,343,14.25,14.12,13.87,13.38,13.25,13.24,13.26,13.22,13.22,13.07,12.43,11.4,11.22,9.7,8.68,8.26,8.11,8,7.91,7.87,7.85,7.82,7.84,7.7,7.67,7.69,7.67,7.65,7.66,7.48,7.42,7.32,7.27,7.22,7.18,7.17,7.18,7.2,7.19
2026-09-28 16:10:00,30,13.7,5.5,344,14.24,14.2,14.17,13.96,13.37,13.23,13.24,13.2,13.2,13.19,13.17,13.09,12.7,12.43,12.15,11.29,9.79,8.47,8.13,8.02,7.96,7.88,7.89,7.84,7.82,7.77,7.7,7.67,7.68,7.66,7.51,7.39,7.37,7.3,7.19,7.18,7.18,7.21,7.2
2026-09-28 16:20:00,30,13.7,5.9,339,14.18,14.16,14.11,13.58,13.24,13.2,13.22,13.18,13.17,13,12.54,12.27,11.39,10.01,8.8,8.19,8,7.94,7.91,7.88,7.85,7.82,7.85,7.82,7.7,7.7,7.67,7.65,7.67,7.6,7.44,7.4,7.3,7.28,7.19,7.18,7.18,7.2,7.2
2026-09-28 16:30:00,30,13.6,6,344,14.17,14.15,13.98,13.56,13.21,13.18,13.19,13.15,13.06,12.87,12.52,12.23,11.32,9.9,8.59,8.18,8.12,7.96,7.92,7.89,7.85,7.82,7.85,7.82,7.8,7.7,7.66,7.64,7.66,7.58,7.44,7.38,7.29,7.26,7.19,7.18,7.18,7.21,7.2
2026-09-28 16:40:00,30,13.6,6.3,347,14.13,14.09,14.04,13.86,13.32,13.17,13.19,13.14,13.12,13.1,13.08,12.96,12.59,12.5,11.92,11.38,10.41,9.26,8.25,8.14,7.88,7.85,7.91,7.87,7.81,7.85,7.83,7.8,7.7,7.66,7.58,7.41,7.4,7.31,7.2,7.19,7.18,7.21,7.2
2026-09-28 16:50:00,30,13.3,5.9,331,13.96,13.84,13.83,13.65,13.24,13.16,13.16,13.11,13.05,13.01,12.48,11.99,11.42,10.41,9.34,8.32,8.16,8.12,8.02,7.84,7.81,7.79,7.84,7.81,7.81,7.84,7.82,7.79,7.73,7.66,7.61,7.42,7.41,7.33,7.23,7.19,7.18,7.2,7.2
2026-09-28 17:00:00,30,13.2,6.5,336,13.94,13.93,13.95,13.84,13.62,13.28,13.17,13.12,13.11,13.07,12.89,12.52,12.24,11.55,10.71,9.6,8.72,8.17,8.16,8.13,8.06,7.8,7.83,7.8,7.8,7.83,7.81,7.79,7.81,7.66,7.58,7.42,7.42,7.38,7.26,7.19,7.19,7.21,7.2
2026-09-28 17:10:00,30,12.9,6.4,335,13.98,13.98,14,13.95,13.76,13.57,13.4,13.15,13.12,13.09,13.03,12.8,12.64,12.52,12.33,12.01,11.53,10.3,9.36,8.26,8.17,8.12,8.06,7.81,7.79,7.83,7.81,7.79,7.81,7.66,7.63,7.43,7.42,7.4,7.27,7.19,7.2,7.21,7.2
2026-09-28 17:20:00,30,13,6.7,352,13.98,13.95,13.95,13.84,13.63,13.31,13.17,13.12,13.01,12.68,12.62,12.47,12.35,12.32,11.68,10.2,8.9,8.17,8.13,8.12,7.9,7.79,7.83,7.8,7.79,7.82,7.8,7.77,7.69,7.64,7.57,7.43,7.42,7.38,7.26,7.19,7.19,7.21,7.2
2026-09-28 17:30:00,30,12.9,6.1,346,13.95,13.94,13.97,13.73,13.53,13.27,13.15,13.09,12.96,12.78,12.6,12.48,12.2,12.06,11.59,10.23,8.96,8.19,8.12,8.11,7.88,7.78,7.82,7.8,7.79,7.82,7.8,7.78,7.69,7.65,7.58,7.43,7.42,7.39,7.27,7.19,7.19,7.21,7.2
2026-09-28 17:40:00,30,12.8,6.6,349,14.08,14.09,14.11,14.06,13.92,13.65,13.23,13.1,13.05,12.74,12.67,12.46,12.04,11.59,10.38,9.21,8.2,8.12,8.11,7.84,7.8,7.78,7.83,7.8,7.79,7.82,7.78,7.7,7.67,7.65,7.56,7.42,7.43,7.39,7.27,7.19,7.2,7.21,7.2
2026-09-28 17:50:00,30,12.7,6.4,338,14.17,14.13,14.02,13.88,13.8,13.43,13.13,13.08,13.05,12.79,12.75,12.47,12.22,11.48,10.06,8.37,8.14,8.08,8,7.81,7.8,7.79,7.82,7.79,7.78,7.8,7.74,7.68,7.68,7.65,7.63,7.44,7.43,7.38,7.27,7.2,7.2,7.21,7.2
2026-09-28 18:00:00,30,12.6,5.4,337,14.07,14.04,14.04,13.88,13.75,13.48,13.16,13.08,13.05,12.89,12.88,12.82,12.48,12.11,11.22,10.24,9.19,8.2,8.12,8.1,8.03,7.81,7.84,7.81,7.8,7.83,7.81,7.78,7.77,7.68,7.66,7.59,7.44,7.44,7.28,7.21,7.2,7.21,7.2
2026-09-28 18:10:00,30,12.5,4.9,341,14.24,14.17,14.1,14.04,13.85,13.62,13.22,13.09,13.08,12.96,12.94,12.9,12.84,12.54,12.26,11.25,10.76,9.54,8.43,8.16,8.12,8.07,8.08,7.85,7.8,7.84,7.82,7.8,7.82,7.76,7.68,7.62,7.45,7.46,7.33,7.23,7.21,7.22,7.2
