date,pres,airTemp,RH,solar,windSpd,windDir,Hs,Tp,T1m,T2m,T3m,T4m,T5m,T6m,T7m,T8m,T9m,T10m,T11m,T12m,T13m,T14m,T15m,T16m,T17m,T18m,T19m,T20m,T21m,T22m,T23m,T24m,T25m,T26m,T27m,T28m,T29m,T30m,T32m,T34m,T36m,T38m,T40m,T42m,T44m,T46m,T48m,hVel_2.5m,dir_2.5m,hVel_7.5m,dir_7.5m,hVel_12.5m,dir_12.5m,hVel_17.5m,dir_17.5m,hVel_22.5m,dir_22.5m,hVel_27.5m,dir_27.5m,hVel_32.5m,dir_32.5m,hVel_37.5m,dir_37.5m,hVel_42.5m,dir_42.5m,hVel_47.5m,dir_47.5m
2026-09-22 13:00:00,1032.2,12.8,74,726,3.3,359,0.171,1.9,17.52,17.45,17.45,17.39,17.36,17.31,17.31,17.32,17.32,17.29,17.32,17.29,17.27,17.29,17.27,17.28,17.28,17.12,16.99,15.52,13.95,13.1,12.76,11.61,11.03,10.49,10.2,10.12,9.94,9.7,9.3,8.56,8.32,8.22,7.95,7.8,7.49,7.37,7.39,26,185,18.4,184,17.6,187,19.3,184,19.8,187,17.7,187,12.6,191,15.1,188,17.2,191,17,196
2026-09-22 13:20:00,1032,13.2,75,713,2.9,356,0.161,1.8,17.54,17.48,17.44,17.37,17.34,17.31,17.3,17.32,17.32,17.29,17.33,17.3,17.28,17.3,17.28,17.25,17.13,17.04,17.01,15,14.11,13.25,12.82,11.9,10.74,10.43,10.17,10.09,9.81,9.64,9.27,8.61,8.25,8.03,7.83,7.75,7.49,7.34,7.33,18.9,184,21.4,184,18.7,190,17.1,184,21.2,173,24.5,175,21,183,18.6,186,17.1,179,19.1,179
2026-09-22 13:40:00,1031.9,13.7,68,702,3.9,350,0.136,1.7,17.56,17.47,17.45,17.31,17.3,17.31,17.3,17.31,17.31,17.29,17.32,17.29,17.28,17.29,17.27,17.28,17.17,17.05,16.74,15.1,14.17,13.4,12.77,12.01,10.73,10.4,10.24,10.08,9.71,9.56,9.27,8.59,8.26,7.94,7.76,7.65,7.48,7.33,7.25,19.6,172,19.9,179,19.9,184,18.7,194,17.3,194,16.3,184,15.6,190,20.5,185,21.6,178,21.5,177
2026-09-22 14:00:00,1032,14,75,682,4.3,359,0.115,1.7,17.54,17.48,17.47,17.41,17.39,17.38,17.35,17.29,17.29,17.25,17.25,17.21,17.15,17.14,17.07,17.05,17.03,16.97,16.86,16.24,14.29,13.77,12.82,12.3,10.84,10.43,10.19,9.86,9.77,9.66,9.01,8.53,8.38,7.95,7.72,7.62,7.47,7.37,7.28,26.1,188,23.8,184,23,170,21.8,175,22.1,178,25.2,169,21.4,186,21.2,187,27.5,184,23.1,181
2026-09-22 14:20:00,1031.9,14.2,76,655,4.2,347,0.125,1.6,17.46,17.4,17.41,17.38,17.37,17.37,17.31,17.3,17.25,17.19,17.21,17.18,17.16,17.18,17.17,17.11,17.02,16.98,16.88,16.23,14.31,13.75,12.81,11.7,10.64,10.35,10.07,9.85,9.69,9.44,8.87,8.48,8.23,7.91,7.72,7.57,7.45,7.34,7.26,27.7,177,22.2,161,19.2,163,20.3,170,21.5,170,20.4,166,20.6,169,21.5,175,21,179,22.2,173
2026-09-22 14:40:00,1031.8,14.4,73,626,3.8,347,0.146,1.7,17.46,17.41,17.4,17.34,17.33,17.33,17.31,17.31,17.3,17.25,17.27,17.21,17.14,17.05,17,17.02,16.99,16.95,16.9,14.95,14.28,13.46,12.78,11.55,10.69,10.25,9.96,9.85,9.5,9.16,8.7,8.33,8.19,7.89,7.71,7.61,7.44,7.4,7.32,20,163,21.2,171,24.7,173,24.5,173,26.4,181,28.8,181,23.1,183,22.6,185,22.5,182,20.8,185
2026-09-22 15:00:00,1031.6,14.8,72,595,4.1,356,0.151,1.7,17.42,17.38,17.36,17.32,17.31,17.29,17.26,17.23,17.22,17.18,17.21,17.16,17.1,17.1,17.05,17.04,17.04,16.9,16.7,14.76,14.21,13.32,12.74,12.07,10.72,10.4,9.93,9.88,9.5,9.17,8.64,8.37,8.21,7.91,7.75,7.54,7.42,7.38,7.25,25.3,181,23.3,175,21,172,24.1,166,25.6,177,23.3,181,20.2,189,18.8,181,19.5,186,22.7,178
2026-09-22 15:20:00,1031.6,15.1,67,545,3.4,347,0.142,1.7,17.41,17.36,17.35,17.3,17.28,17.28,17.26,17.28,17.28,17.21,17.18,17.12,17.09,17.1,17.06,17.07,17,16.94,16.43,14.22,13.69,13.08,12.7,12.23,11.12,10.42,9.96,9.93,9.4,9.2,8.7,8.32,8.23,7.92,7.8,7.54,7.41,7.26,7.25,18,182,16.3,180,15.5,166,18.8,174,16.8,171,19.7,166,18.5,166,17.5,175,20.5,180,16.4,192
2026-09-22 15:40:00,1031.4,15.3,69,499,3.7,353,0.132,1.6,17.35,17.29,17.3,17.26,17.24,17.24,17.22,17.2,17.16,17.12,17.14,17.1,17.08,17.09,17.08,17.08,16.95,16.93,16.65,14.43,13.91,13.48,12.67,11.97,11.36,10.48,9.96,9.59,9.23,8.99,8.65,8.38,8.19,7.89,7.68,7.46,7.4,7.29,7.22,20,187,21,185,20.2,176,16.9,173,18.1,170,20.5,171,21.2,175,20.5,181,20.2,177,18.6,189
2026-09-22 16:00:00,1031.2,15.6,68,449,3.5,358,0.125,1.6,17.28,17.24,17.24,17.21,17.21,17.21,17.18,17.18,17.15,17.12,17.15,17.1,17.09,17.1,17.08,17.1,17.08,16.76,16.71,14.21,13.82,13.4,12.5,11.59,11.37,10.76,10.08,10,9.54,9.37,8.88,8.51,8.39,7.94,7.65,7.46,7.4,7.32,7.27,14.1,186,16.8,186,17.5,188,20.7,180,17.6,175,19.2,180,17.2,186,14.2,176,21.1,177,16.5,188
2026-09-22 16:20:00,1031.2,15.8,69,414,4.3,12,0.119,1.5,17.25,17.22,17.22,17.18,17.18,17.15,17.14,17.16,17.15,17.12,17.15,17.11,17.09,17.1,17.09,17.1,17.1,16.88,16.64,14.52,13.59,13,12.58,11.76,11.27,10.66,10.1,9.95,9.52,9.18,8.61,8.37,8.18,7.92,7.6,7.45,7.38,7.3,7.31,16.7,195,13.4,187,12.9,186,16,185,15.7,184,18.2,175,18.4,179,17.1,187,17.6,188,16.8,177
2026-09-22 16:40:00,1031.3,16.4,65,351,3.9,7,0.129,1.4,17.24,17.21,17.21,17.17,17.17,17.17,17.15,17.15,17.15,17.12,17.16,17.12,17.1,17.11,17.09,17.11,17.11,17.08,16.6,15.49,13.64,12.85,12.13,11.5,11.45,10.92,10.23,9.93,9.53,9.07,8.61,8.27,8.1,7.9,7.61,7.44,7.37,7.31,7.28,16.9,184,17.9,190,17.2,195,15.1,182,18.8,180,18.6,182,16.1,187,14.5,188,17.3,189,17,186
2026-09-22 17:00:00,1031.4,16.5,61,295,4.1,17,0.134,1.5,17.21,17.17,17.19,17.16,17.17,17.18,17.17,17.17,17.16,17.13,17.17,17.14,17.12,17.13,17.12,17.13,17.12,17.1,16.92,16.46,14.13,13.24,12.58,11.55,11.22,10.6,10.12,9.72,9.49,8.83,8.56,8.19,8.01,7.87,7.6,7.47,7.38,7.29,7.27,19.6,196,19.5,192,17.7,181,14.3,189,14.8,202,16.3,191,14.8,180,16.6,187,17.4,192,13.8,197
2026-09-22 17:20:00,1031.4,16.6,63,238,3.7,15,0.145,1.6,17.21,17.19,17.2,17.17,17.17,17.17,17.16,17.18,17.18,17.15,17.19,17.15,17.13,17.13,17.12,17.13,17.12,17.1,16.54,14.79,13.68,13.41,12.77,11.6,11.14,10.47,10.21,9.89,9.48,8.95,8.41,8.08,8.04,7.92,7.68,7.61,7.38,7.27,7.26,15.1,202,16.3,197,14.8,206,13.8,184,16.7,182,18.1,187,16.6,184,16.7,182,15.4,175,17.3,176
2026-09-22 17:40:00,1031.5,16.7,64,182,4.6,23,0.166,1.7,17.2,17.17,17.19,17.17,17.18,17.19,17.19,17.21,17.21,17.19,17.22,17.19,17.17,17.18,17.17,17.19,17.18,17.14,16.89,16.46,14.07,13.51,12.74,11.65,11.18,10.43,10.18,9.68,9.27,8.87,8.4,8.14,7.99,7.85,7.65,7.47,7.37,7.27,7.26,23.1,200,18.5,191,18.2,189,17.8,191,18,182,19.7,176,14.3,174,12.7,171,15.7,165,18.8,181
2026-09-22 18:00:00,1031.6,16.8,67,125,4.7,13,0.145,1.6,17.19,17.16,17.18,17.16,17.17,17.18,17.18,17.2,17.21,17.19,17.23,17.2,17.18,17.2,17.19,17.21,17.21,17.16,16.91,16.37,13.79,13.35,12.67,11.65,11.02,10.3,10.14,9.64,9.02,8.74,8.31,8.02,8,7.7,7.55,7.43,7.37,7.34,7.26,20.2,187,19,187,22.3,195,19.5,196,19,182,17,181,15.5,184,21.6,191,20.2,198,16.5,195
2026-09-22 18:20:00,1031.9,16.9,68,70,3.5,9,0.172,1.8,17.19,17.17,17.19,17.17,17.18,17.2,17.19,17.21,17.21,17.19,17.23,17.2,17.19,17.21,17.2,17.22,17.22,17.08,16.78,16.21,13.66,13.02,11.73,11.58,10.75,10.22,9.94,9.74,9.23,8.7,8.38,7.98,7.88,7.65,7.45,7.41,7.36,7.24,7.27,18.9,184,21,197,18.9,204,18.2,189,19.3,190,19.7,198,17.9,194,14.3,191,16.5,200,14.4,191
2026-09-22 18:40:00,1032,16.8,68,23,4.1,2,0.159,1.7,17.19,17.16,17.19,17.16,17.18,17.18,17.18,17.2,17.2,17.18,17.21,17.18,17.17,17.19,17.18,17.2,17.18,17.08,16.53,15.47,13.62,13.16,12.42,11.64,10.85,10.48,10.32,9.96,9.65,9.33,8.43,8.12,7.94,7.74,7.57,7.41,7.36,7.33,7.27,17.6,203,23.7,208,18.1,206,15.2,213,18.1,209,18.2,199,13.6,197,17.2,201,22.6,213,21.1,202
2026-09-22 19:00:00,1032,16.7,66,1,4.3,1,0.165,1.7,17.21,17.19,17.21,17.19,17.2,17.21,17.21,17.23,17.23,17.21,17.24,17.21,17.19,17.21,17.2,17.21,17.14,16.67,16.18,13.83,13.19,12.21,11.57,11.24,10.74,10.48,10.32,10.21,9.67,9.55,8.36,8.08,7.94,7.68,7.46,7.4,7.35,7.31,7.27,16.6,172,16.1,195,16.9,197,15.4,207,12.8,210,14.5,209,16.8,203,15.4,192,16.3,193,14,188
2026-09-22 19:20:00,1032.2,16.6,68,0,5.2,357,0.176,1.8,17.21,17.19,17.21,17.18,17.19,17.2,17.2,17.23,17.23,17.21,17.25,17.22,17.21,17.23,17.21,17.22,17.18,16.84,15.79,13.59,12.53,11.62,11.4,10.88,10.61,10.38,10.2,9.77,9.42,9.14,8.32,7.96,7.79,7.57,7.38,7.39,7.3,7.22,7.23,17,199,16.6,197,15.9,196,18.5,193,18.7,185,18,199,16.7,205,16.1,204,18.7,201,17.9,197
2026-09-22 19:40:00,1032.4,16.4,70,0,5.2,353,0.17,1.8,17.22,17.2,17.22,17.2,17.21,17.23,17.23,17.24,17.25,17.23,17.26,17.23,17.21,17.22,17.18,17.17,17.15,17.04,15.65,13.67,12.62,11.77,11.16,10.76,10.36,10.17,9.75,9.45,9.23,8.94,8.37,8.05,7.93,7.62,7.49,7.39,7.32,7.21,7.21,15.8,187,17.7,188,16.3,191,16.9,180,20.6,188,17.2,187,19.6,189,18.4,198,18.8,192,21.9,196
2026-09-22 20:00:00,1032.5,16.1,72,0,5.1,349,0.19,1.9,17.23,17.21,17.23,17.2,17.22,17.23,17.23,17.25,17.25,17.23,17.26,17.23,17.21,17.24,17.22,17.24,17.25,17.21,15.86,14.56,13.2,11.99,11.25,10.71,10.16,9.65,9.41,9.34,9.18,8.96,8.3,8,7.84,7.65,7.6,7.5,7.35,7.28,7.22,14.5,180,11.4,172,12.4,174,15,178,14,194,15.5,186,17.6,185,18.2,189,20.1,187,19.3,179
2026-09-22 20:20:00,1032.7,15.8,73,0,5.6,0,0.206,1.9,17.22,17.2,17.22,17.2,17.22,17.23,17.23,17.24,17.25,17.23,17.27,17.23,17.22,17.24,17.22,17.24,17.23,16.72,14.9,13.68,12.69,11.66,11.01,10.29,9.87,9.37,9.27,9.23,8.98,8.64,8.36,8.05,7.86,7.68,7.56,7.51,7.35,7.32,7.23,23.2,191,23.3,195,25.7,202,24.2,206,20.7,191,20.7,195,20,204,17,191,18.6,196,16.1,199
2026-09-22 20:40:00,1032.6,15.4,75,0,5.1,332,0.203,2.1,17.23,17.21,17.23,17.21,17.22,17.24,17.23,17.25,17.25,17.23,17.27,17.24,17.22,17.24,17.22,17.24,17.22,17.11,15.66,13.74,12.59,11.44,11.13,10.24,9.81,9.57,9.38,9.3,8.74,8.54,8.45,8.09,7.84,7.65,7.62,7.52,7.36,7.32,7.22,17.3,177,12.3,186,14.1,202,18.8,198,18.4,202,13.5,195,14.6,200,14.5,184,10.7,194,17.2,185
2026-09-22 21:00:00,1032.9,15.3,77,0,4.6,351,0.201,2,17.23,17.21,17.23,17.21,17.22,17.23,17.23,17.25,17.26,17.23,17.27,17.24,17.22,17.24,17.23,17.23,17.21,17.04,15.49,13.83,13.1,11.75,11.28,10.42,9.7,9.48,9.29,9.23,8.79,8.6,8.35,8,7.8,7.62,7.56,7.48,7.35,7.31,7.2,17.8,186,21.7,184,18.7,194,18.8,194,15,181,15.3,187,17.3,197,15.4,195,17.4,200,14.9,193
2026-09-22 21:20:00,1032.9,15.1,76,0,5,3,0.185,2,17.24,17.23,17.24,17.22,17.23,17.24,17.24,17.26,17.26,17.24,17.27,17.24,17.22,17.24,17.23,17.24,17.23,17.09,14.66,13.43,13.01,11.89,11.31,10.53,9.92,9.55,9.38,9.31,8.9,8.71,8.38,8.12,7.82,7.6,7.49,7.44,7.34,7.31,7.17,14.9,175,15.2,186,15.9,184,17.8,192,18.7,191,16,196,18.1,201,16.4,201,15.3,188,15.8,188
2026-09-22 21:40:00,1033.3,14.6,77,0,5,343,0.192,2.1,17.23,17.19,17.21,17.19,17.2,17.21,17.21,17.23,17.25,17.22,17.26,17.23,17.22,17.23,17.22,17.24,17.23,17.1,15.8,13.56,12.84,11.58,11.14,10.56,10.33,9.65,9.34,9.23,8.79,8.58,8.38,8.02,7.8,7.59,7.48,7.47,7.35,7.32,7.09,15.6,201,14.9,193,14.8,193,17.7,175,16.3,188,13.3,190,11.8,195,16.9,199,15.6,198,15.7,201
2026-09-22 22:00:00,1033.4,14.4,75,0,4.8,334,0.21,2,17.21,17.2,17.21,17.2,17.21,17.22,17.22,17.24,17.24,17.22,17.25,17.22,17.2,17.21,17.19,17.15,17.14,16.99,15.65,13.73,12.85,11.55,10.95,10.61,10.28,9.75,9.64,9.41,9.24,8.71,8.39,7.92,7.75,7.57,7.51,7.45,7.35,7.32,7.04,13.2,177,16.1,177,15.2,179,15.5,187,16.5,198,15,209,17.4,198,17.1,207,10.6,198,11.6,197
2026-09-22 22:20:00,1033.6,14.2,77,0,4.9,345,0.226,2.1,17.2,17.19,17.21,17.18,17.2,17.21,17.21,17.23,17.23,17.21,17.25,17.22,17.2,17.22,17.2,17.22,17.2,17.12,16.2,14.25,12.88,11.44,10.71,10.49,10.08,9.77,9.66,9.35,8.5,8.43,8.02,7.73,7.65,7.63,7.41,7.42,7.36,7.33,7.04,14.4,204,11.2,203,11.1,212,14,197,16.2,204,18,189,14.6,180,13.4,181,11,182,13.1,176
2026-09-22 22:40:00,1033.6,14.2,80,0,6,349,0.24,2.3,17.19,17.17,17.19,17.17,17.18,17.2,17.18,17.19,17.19,17.15,17.19,17.15,17.13,17.15,17.13,17.15,17.12,17.05,15.5,13.67,12.57,11.13,10.59,10.14,9.9,9.75,9.63,9.19,8.72,8.45,8.11,7.86,7.7,7.66,7.61,7.41,7.35,7.33,7.36,15,165,12.3,174,6.4,199,7.6,193,10.9,203,9.8,224,11.1,210,8.5,192,10.4,194,9.5,208
2026-09-22 23:00:00,1033.7,14,81,0,5.1,345,0.245,2.3,17.18,17.17,17.18,17.16,17.17,17.18,17.18,17.2,17.2,17.16,17.2,17.16,17.15,17.14,17.12,17.11,17.1,17.07,17.03,14.2,13.3,11.56,10.72,10.25,9.9,9.76,9.48,9.07,8.68,8.34,8.03,7.77,7.71,7.67,7.56,7.42,7.34,7.33,7.32,11.9,181,8,192,11.7,193,12.4,182,14.6,203,12.4,211,5.9,203,11,220,9.8,232,12.6,230
2026-09-22 23:20:00,1034,13.7,79,0,2.6,311,0.253,2.3,17.17,17.15,17.17,17.15,17.16,17.18,17.18,17.2,17.2,17.18,17.21,17.18,17.17,17.18,17.17,17.19,17.18,17.15,16.82,13.92,13.17,12.12,10.84,10.27,9.95,9.74,9.18,8.64,8.32,8.11,7.99,7.85,7.72,7.7,7.69,7.55,7.37,7.33,7.36,12.4,200,13.4,210,10.6,187,10.7,190,12.4,198,10.2,198,9.5,208,10.6,195,9.5,187,8.4,191
2026-09-22 23:40:00,1034,13.5,82,0,3.4,345,0.247,2.3,17.17,17.15,17.17,17.15,17.16,17.17,17.17,17.19,17.19,17.16,17.2,17.17,17.16,17.18,17.16,17.16,17.13,17.04,16.7,13.85,13.08,12.14,10.81,10.05,9.89,9.39,9.17,8.73,8.45,8.27,7.95,7.73,7.74,7.7,7.51,7.44,7.36,7.32,7.33,10.3,176,11.4,190,9.1,193,7.7,235,10,221,11.5,214,12.6,194,8,196,10.2,190,8.3,213
2026-09-23,1034.1,13.5,81,0,3.2,326,0.229,2.2,17.17,17.13,17.16,17.14,17.14,17.16,17.16,17.18,17.18,17.16,17.19,17.16,17.15,17.18,17.17,17.17,17.06,17.02,16.96,13.82,13.08,11.42,10.59,10.01,9.83,9.58,9.25,8.57,8.22,8.17,8.01,7.71,7.75,7.71,7.47,7.41,7.33,7.3,7.28,7.6,192,10.5,200,9.3,181,9.4,186,7.1,211,8,202,8.3,219,8.2,215,9,210,8,180
2026-09-23 00:20:00,1034.2,12.4,84,0,3.4,264,0.224,2.4,17.16,17.14,17.17,17.15,17.16,17.18,17.17,17.19,17.2,17.17,17.2,17.17,17.15,17.16,17.14,17.14,17.09,16.95,16.8,13.56,12.85,10.96,10.33,9.84,9.7,9.5,9.13,8.29,8.19,8.08,7.88,7.7,7.76,7.65,7.47,7.47,7.41,7.33,7.33,14.1,165,10.6,175,10.4,172,10.2,170,11.2,177,10.5,173,10.3,170,8.8,185,9.6,209,8,224
2026-09-23 00:40:00,1034.2,12.2,83,0,2.7,305,0.221,2.3,17.16,17.15,17.16,17.14,17.15,17.17,17.16,17.19,17.19,17.17,17.19,17.17,17.15,17.17,17.15,17.16,17.16,17.05,16.87,13.36,12.49,10.83,10.22,9.97,9.81,9.43,9.11,8.35,8.18,8.11,7.95,7.72,7.76,7.57,7.49,7.51,7.45,7.33,7.35,12.2,185,10.6,205,11.2,193,10.6,196,7.6,168,7.6,182,6.1,200,8,228,9.5,204,8.3,216
2026-09-23 01:00:00,1034.4,11.7,84,0,2,296,0.219,2.2,17.16,17.14,17.14,17.12,17.14,17.15,17.16,17.18,17.19,17.16,17.2,17.17,17.15,17.16,17.15,17.16,17.16,17.03,16.84,13.09,12.13,10.7,10.06,9.89,9.77,9.44,8.65,8.27,8.17,8.04,7.85,7.74,7.79,7.55,7.53,7.52,7.43,7.36,7.35,4,206,6.6,191,10,187,9.5,173,7.8,186,6.8,184,7.3,191,9.9,187,9,198,9.1,198
2026-09-23 01:20:00,1034.5,11.7,84,0,2.6,275,0.212,2.4,17.16,17.14,17.16,17.14,17.15,17.16,17.16,17.18,17.18,17.16,17.19,17.16,17.14,17.16,17.15,17.17,17.16,16.89,14.18,12.68,10.84,10.13,9.92,9.75,9.52,9.07,8.36,8.26,8.14,8.06,7.9,7.76,7.81,7.57,7.48,7.37,7.32,7.3,7.33,7.6,204,4.7,206,4.5,176,6.5,208,6.8,205,8.2,185,6.4,213,7.5,208,4.9,203,9,213
2026-09-23 01:40:00,1034.7,11.6,84,0,2.8,278,0.224,2.3,17.14,17.14,17.16,17.13,17.15,17.16,17.16,17.18,17.18,17.15,17.19,17.16,17.14,17.16,17.14,17.15,17.15,17.12,17.02,16.19,11.62,10.45,10.09,9.91,9.63,9.29,8.42,8.3,8.19,8.15,7.99,7.82,7.82,7.76,7.42,7.32,7.26,7.22,7.25,7.6,194,10.6,179,8.8,192,9.7,204,9,189,6.8,207,8.2,229,9.7,210,7.2,236,5.8,229
2026-09-23 02:00:00,1034.8,11.3,86,0,3.6,268,0.207,2.4,17.14,17.12,17.15,17.13,17.14,17.15,17.15,17.17,17.17,17.15,17.18,17.15,17.14,17.16,17.15,17.15,17.14,17.11,17.02,11.73,10.81,10.26,9.76,9.69,9.5,9.13,8.39,8.28,8.18,8.14,8.05,7.92,7.87,7.56,7.31,7.28,7.2,7.13,7.14,8.4,198,10.4,203,7.3,195,8.7,207,12.9,200,10.5,200,11.7,199,9.7,217,7.5,198,8.8,219
2026-09-23 02:20:00,1035,11.6,80,0,3.3,282,0.183,2.3,17.18,17.16,17.17,17.14,17.15,17.16,17.16,17.18,17.19,17.17,17.2,17.15,17.14,17.15,17.13,17.14,17.14,17.09,14.24,11.52,10.94,10.48,9.89,9.61,9.4,8.48,8.3,8.24,8.19,8.09,8.04,7.89,7.82,7.48,7.29,7.24,7.17,7.12,7.13,5,157,0.8,197,2.5,206,7.8,199,6.8,200,8.3,186,6.5,228,5.8,219,7.7,209,7,235
2026-09-23 02:40:00,1035.1,11.1,85,0,3.9,267,0.174,2.1,17.23,17.2,17.21,17.18,17.19,17.2,17.18,17.19,17.21,17.17,17.18,17.15,17.11,17.13,17.12,17.12,17.09,17.05,13.93,12.05,10.95,10.45,9.96,9.48,9.27,8.39,8.29,8.31,8.17,8.12,8.01,7.81,7.6,7.4,7.27,7.26,7.22,7.17,7.14,2.5,113,5.9,170,8.3,197,8.1,227,2.4,207,4.9,206,6.3,220,2.7,256,5.6,210,7.8,222
2026-09-23 03:00:00,1035,10.8,87,0,3.1,276,0.171,2.2,17.21,17.2,17.21,17.19,17.2,17.21,17.21,17.22,17.22,17.15,17.17,17.14,17.12,17.14,17.13,17.13,17.06,16.92,13.38,11.3,10.87,10.41,9.83,9.37,9.19,8.44,8.38,8.32,8.2,8.1,8,7.76,7.6,7.47,7.29,7.31,7.13,7.08,7.11,5.6,110,4.2,99,0.9,356,3.4,204,2.3,218,2.5,175,6.5,194,7,207,6.9,212,4.7,255
2026-09-23 03:20:00,1035.2,10.9,86,0,3.4,275,0.145,2.1,17.21,17.19,17.21,17.19,17.2,17.22,17.21,17.23,17.22,17.17,17.19,17.16,17.14,17.15,17.13,17.14,17.12,16.98,16.64,13,10.75,10.28,9.66,9.24,9.04,8.48,8.38,8.37,8.31,8.13,7.94,7.65,7.48,7.33,7.31,7.32,7.14,7.07,7.1,5.5,151,6,166,4.8,157,4.9,206,7.3,224,4.3,209,3.7,201,6.9,217,6.2,232,6.8,224
2026-09-23 03:40:00,1035.3,10.6,90,0,3.2,275,0.134,2.1,17.21,17.19,17.21,17.18,17.2,17.21,17.21,17.23,17.23,17.2,17.22,17.18,17.15,17.13,17.11,17.11,17.08,16.95,14.62,12.11,10.63,9.86,9.61,9.22,8.82,8.49,8.41,8.38,8.3,8.1,7.9,7.62,7.5,7.36,7.31,7.26,7.08,7.05,7.08,5.6,140,5.4,195,3.4,177,4.9,122,4.1,98,4.6,159,3,179,4,177,6.6,212,6.2,223
2026-09-23 04:00:00,1035.4,10.5,89,0,3.3,284,0.127,2.1,17.2,17.18,17.2,17.18,17.19,17.21,17.21,17.22,17.22,17.21,17.24,17.19,17.14,17.13,17.1,17.11,17.1,16.93,14.77,12.67,10.97,10.41,9.61,9.28,9.21,8.59,8.45,8.43,8.35,8.3,7.99,7.59,7.52,7.35,7.28,7.21,7.06,7.03,7.07,4.4,146,5.8,118,5.7,131,4.9,193,5.8,176,4.6,207,3.2,228,4,183,3.9,221,3.8,231
2026-09-23 04:20:00,1035.6,10.6,87,0,3.1,271,0.116,1.9,17.23,17.21,17.23,17.2,17.22,17.23,17.21,17.21,17.2,17.16,17.19,17.16,17.15,17.15,17.13,17.13,17.1,16.77,13.21,12.03,10.77,10.42,9.62,9.33,9.29,8.63,8.49,8.47,8.42,8.36,8.05,7.7,7.53,7.41,7.35,7.27,7.1,7.03,7.06,1,318,2.8,151,2.1,136,1.8,133,3.2,168,3,195,4.4,208,3.8,239,5.8,277,7.1,247
2026-09-23 04:40:00,1035.8,9.4,91,0,3.1,266,0.113,1.9,17.28,17.26,17.29,17.26,17.26,17.26,17.25,17.23,17.23,17.2,17.23,17.18,17.15,17.16,17.14,17.15,17.12,16.48,12.87,12.04,10.78,10.53,10.21,9.45,9.41,9.23,8.59,8.5,8.46,8.41,7.97,7.63,7.55,7.41,7.41,7.33,7.11,7.02,7.05,5.6,148,6.4,161,6,139,4.9,178,3.5,266,1.5,18,3.6,162,9.9,208,8.2,227,10.8,233
2026-09-23 05:00:00,1036,9.2,90,0,3.2,271,0.128,1.9,17.29,17.26,17.28,17.26,17.27,17.27,17.26,17.24,17.24,17.2,17.23,17.16,17.15,17.14,17.09,17.11,16.96,13.21,12.46,11.86,10.85,10.54,9.82,9.48,9.43,8.7,8.53,8.51,8.42,8.4,7.95,7.65,7.55,7.45,7.41,7.27,7.06,7.01,7.05,6.9,94,3.6,145,1.5,32,1.6,229,1.8,24,3,305,7.7,257,3.9,243,5.7,254,5.9,262
2026-09-23 05:20:00,1036.2,9,93,0,3.1,274,0.117,1.9,17.28,17.28,17.29,17.27,17.28,17.29,17.29,17.29,17.29,17.23,17.25,17.17,17.13,17.14,17.12,17.12,17.08,15.97,12.56,11.94,10.84,10.47,9.55,9.49,9.2,8.57,8.49,8.46,8.34,8.1,7.77,7.5,7.49,7.42,7.22,7.16,7.06,7.01,7.04,7,128,7.4,151,3.9,134,3.6,113,3.1,169,3.3,180,1.9,169,5.6,216,5,208,6.6,247
2026-09-23 05:40:00,1036.3,8.7,91,0,3.5,275,0.101,1.4,17.28,17.27,17.28,17.26,17.27,17.28,17.26,17.28,17.27,17.2,17.22,17.18,17.13,17.15,17.12,17.13,17.11,15.18,12.2,11.63,10.73,9.91,9.55,9.54,8.85,8.56,8.44,8.38,8.12,8.1,7.72,7.45,7.45,7.39,7.18,7.17,7.03,7,7.04,5.1,139,7.9,132,6.8,130,3.7,133,6.2,130,2.5,174,6,191,3.8,214,5.3,263,9.6,245
2026-09-23 06:00:00,1036.6,8.8,94,0,3.8,263,0.099,1.3,17.3,17.28,17.29,17.27,17.28,17.29,17.29,17.28,17.26,17.23,17.25,17.19,17.13,17.15,17.12,17.13,16.03,14.25,12.19,11.89,11.44,10.72,9.74,9.62,9.57,8.69,8.5,8.41,8.28,8.11,7.69,7.49,7.47,7.38,7.18,7.16,7.01,7,7.03,NA,NA,NA,NA,NA,NA,NA,NA,NA,NA,NA,NA,NA,NA,NA,NA,NA,NA,NA,NA
2026-09-23 06:20:00,1036.7,8.7,92,0,4.1,267,0.085,1.3,17.29,17.27,17.29,17.27,17.28,17.3,17.29,17.27,17.28,17.25,17.28,17.22,17.17,17.18,17.13,17.14,17.02,14.58,12.3,11.92,11.5,10.65,9.63,9.64,8.98,8.58,8.42,8.33,8.14,8.1,7.63,7.46,7.43,7.21,7.15,7.06,7.01,6.99,7.03,8.4,98,5.9,123,5.8,111,8.4,90,9.5,117,6,113,5.1,135,2.5,105,2.9,240,3.5,237
2026-09-23 06:40:00,1036.8,8.5,92,4,3.5,272,0.079,1.4,17.29,17.26,17.29,17.27,17.26,17.28,17.28,17.28,17.28,17.25,17.27,17.23,17.17,17.17,17.14,17.14,16.53,13.85,12.31,11.94,11.46,10.68,9.67,9.65,8.95,8.59,8.44,8.31,8.14,8.09,7.65,7.52,7.45,7.26,7.14,7.05,7,6.99,7.02,5.9,111,6.4,119,5.6,117,4,138,3.9,53,2,175,4.6,226,2.9,251,5.1,236,5.6,270
2026-09-23 07:00:00,1037,8.7,93,43,3.2,275,0.069,1.3,17.27,17.24,17.27,17.25,17.26,17.28,17.27,17.29,17.25,17.21,17.25,17.23,17.18,17.17,17.14,17.1,15.95,13.78,12.11,11.89,10.72,9.72,9.66,9.07,8.71,8.53,8.4,8.27,8.12,8.04,7.63,7.53,7.42,7.2,7.05,7.06,7.01,6.98,7.01,9.8,103,10.3,95,10.5,103,7.5,97,5.8,114,5.2,150,3.1,141,1.7,225,4.5,251,5.2,265
2026-09-23 07:20:00,1037.4,8.4,95,97,3.4,272,0.063,1.3,17.27,17.25,17.27,17.24,17.25,17.26,17.26,17.28,17.27,17.23,17.26,17.23,17.2,17.19,17.16,16.97,15.49,13.64,12.17,11.9,10.85,9.78,9.7,9.08,8.94,8.64,8.51,8.43,8.31,8.15,7.79,7.61,7.59,7.38,7.17,7.06,7,6.98,7.01,10.2,138,9.1,163,7.2,172,4,151,1,253,0.7,51,2.7,255,1.8,246,2.8,281,3.9,270
2026-09-23 07:40:00,1037.5,8.7,93,150,2.4,279,0.063,1.3,17.28,17.25,17.26,17.24,17.24,17.25,17.25,17.27,17.27,17.24,17.27,17.21,17.19,17.21,17.13,17.1,15.74,13.73,12.12,11.85,10.7,9.79,9.74,9.04,8.91,8.71,8.55,8.43,8.32,8.13,7.71,7.61,7.5,7.34,7.15,7.05,7,6.98,7,6.8,149,5.6,120,7.8,111,2.2,104,2.6,177,2.9,311,0.6,173,1.1,307,0.7,219,2.7,207
2026-09-23 08:00:00,1037.8,9,93,206,2.7,278,0.046,1.3,17.29,17.25,17.27,17.24,17.25,17.26,17.26,17.27,17.27,17.24,17.27,17.23,17.18,17.19,17.12,16.84,15.45,13.82,12.12,11.86,10.69,9.85,9.8,9.26,8.91,8.7,8.59,8.44,8.31,8.13,7.78,7.62,7.42,7.31,7.16,7.09,7.01,6.99,7.01,9.8,78,9.5,69,8.9,85,5.1,81,5.2,133,6.2,175,3.6,138,7.8,152,5,159,7.7,234
2026-09-23 08:20:00,1038,9.2,88,255,2.4,288,0.048,1.6,17.29,17.26,17.27,17.24,17.25,17.27,17.27,17.28,17.28,17.25,17.27,17.23,17.21,17.17,17.12,16.86,15.42,13.85,12.16,11.89,11.03,10.01,9.88,9.82,9.06,8.78,8.64,8.64,8.48,8.41,8.06,7.64,7.55,7.34,7.2,7.14,7.01,6.99,7.01,10.8,89,10.9,76,7.5,90,4.6,104,5.3,134,2.9,152,2.2,104,2.5,11,1.8,92,3.6,213
2026-09-23 08:40:00,1038.1,9.8,87,309,2.5,319,0.058,1.6,17.3,17.26,17.27,17.24,17.25,17.27,17.26,17.28,17.28,17.25,17.27,17.22,17.2,17.19,17.08,16.63,15.74,14.02,13.2,12.04,11.11,9.97,9.85,9.39,8.84,8.68,8.62,8.48,8.38,8.19,7.87,7.58,7.4,7.29,7.2,7.14,7.02,7,7.01,7.5,110,4.1,100,2.9,93,2.9,96,2.8,113,3.4,142,4.1,148,3.9,184,2.2,234,4.3,285
2026-09-23 09:00:00,1038.3,10.3,88,364,3.5,347,0.088,1.6,17.31,17.27,17.28,17.26,17.25,17.27,17.26,17.28,17.28,17.25,17.27,17.22,17.17,17.14,17.05,16.56,15.99,14.47,13.46,12.01,10.99,9.92,9.85,9.37,8.87,8.69,8.63,8.54,8.44,8.34,7.97,7.63,7.42,7.3,7.26,7.16,7.03,7,7.02,6.2,71,3.9,132,2.9,155,3.7,98,3.7,151,0.3,80,4.3,106,5.4,123,0.3,184,3.1,285
2026-09-23 09:20:00,1038.4,10.7,91,420,2.4,12,0.121,1.9,17.33,17.28,17.29,17.27,17.27,17.28,17.27,17.28,17.28,17.24,17.26,17.2,17.17,17.14,16.97,16.46,15.91,14.8,13.17,12.01,11.22,9.97,9.85,9.26,8.79,8.66,8.63,8.47,8.36,8.18,7.85,7.47,7.38,7.29,7.21,7.14,7.02,7,7.02,7.4,142,7.6,95,6.1,109,4.7,58,1.9,71,3.2,44,2,134,2.1,129,2.5,117,2,221
2026-09-23 09:40:00,1038.5,10.9,88,466,2.5,8,0.13,1.8,17.36,17.3,17.31,17.28,17.28,17.29,17.26,17.28,17.27,17.24,17.25,17.19,17.16,17.12,16.72,16.32,15.97,15.19,14.08,12.13,11.2,9.95,9.85,9.21,8.82,8.67,8.61,8.48,8.31,8.2,7.86,7.59,7.36,7.29,7.19,7.14,7.06,7,7.03,5.7,86,6.3,118,7.3,133,7.7,136,8.8,112,3.7,151,1.8,102,3.4,149,2.4,261,4.6,256
2026-09-23 10:00:00,1038.5,11.1,89,513,2.4,356,0.12,1.9,17.4,17.35,17.34,17.3,17.28,17.28,17.26,17.27,17.27,17.24,17.27,17.2,17.14,17.13,16.76,16.39,15.93,15.38,14.2,12.13,10.97,9.89,9.85,9.07,8.82,8.68,8.55,8.48,8.38,8.2,7.8,7.59,7.35,7.27,7.19,7.14,7.07,7,7.03,6.1,136,5.4,92,4.6,121,2.8,75,2.8,88,2.2,243,0.2,275,2,212,4.4,287,3.9,286
2026-09-23 10:20:00,1038.7,11.4,87,551,2.8,5,0.099,1.8,17.43,17.36,17.34,17.28,17.26,17.26,17.25,17.26,17.26,17.23,17.24,17.18,17.15,17.12,16.63,16.27,15.89,15.53,14.59,12.71,11.24,9.96,9.91,9.2,8.79,8.67,8.47,8.4,8.22,8.15,7.68,7.49,7.4,7.27,7.18,7.15,7.06,7.01,7.03,3,30,2.4,120,4.2,102,6.6,100,4.3,100,4.5,114,5.2,152,4.7,229,7.9,255,5.9,265
2026-09-23 10:40:00,1038.7,11.9,85,596,2,12,0.088,1.7,17.48,17.41,17.37,17.29,17.27,17.26,17.25,17.26,17.25,17.23,17.25,17.18,17.14,17.09,16.56,16.43,15.89,15.76,14.3,12.58,11.23,10.05,9.95,9.35,9.02,8.73,8.54,8.38,8.21,8.14,7.79,7.56,7.42,7.27,7.18,7.14,7.05,7,7.03,10.8,104,6.6,121,7.2,115,6.5,96,3.5,79,1.1,315,4.1,16,1.2,334,1.8,1,4.4,332
2026-09-23 11:00:00,1038.5,12.3,85,629,2.3,19,0.066,1.6,17.52,17.43,17.37,17.3,17.28,17.26,17.25,17.26,17.25,17.22,17.23,17.17,17.12,16.87,16.54,16.07,15.86,15.71,13.98,12.27,11.12,10.2,9.98,9.27,8.91,8.72,8.56,8.41,8.21,8.16,7.92,7.56,7.42,7.25,7.17,7.16,7.07,7,7.03,6.2,138,3.4,103,5.7,53,5.5,51,0.6,352,2.1,336,1.8,342,1.4,280,3.2,282,2.3,274
2026-09-23 11:20:00,1038.4,12.8,83,654,2.9,357,0.055,1.6,17.56,17.46,17.37,17.3,17.28,17.27,17.25,17.25,17.25,17.22,17.23,17.16,17.11,16.85,16.58,16.31,15.91,15.82,15.11,13.62,11.88,10.21,10.02,9.48,8.98,8.76,8.65,8.51,8.22,8.19,7.89,7.54,7.38,7.19,7.15,7.14,7.06,7,7.03,6.4,86,5.2,74,3.7,90,3.5,41,2.3,68,0.9,302,2.5,316,4.4,311,2.8,289,6.2,305
2026-09-23 11:40:00,1038.4,13.3,78,680,2.4,350,0.049,1.4,17.58,17.47,17.36,17.3,17.28,17.27,17.24,17.25,17.24,17.2,17.22,17.15,17.09,16.84,16.56,16.32,15.9,15.81,14.72,13.68,12.1,10.24,9.98,9.55,8.92,8.76,8.65,8.52,8.26,8.21,7.99,7.58,7.48,7.28,7.15,7.15,7.07,7.01,7.02,6.2,62,7.3,64,1.3,40,3.4,247,4,6,2.2,330,1.8,336,4.5,279,6.6,256,5.6,251
2026-09-23 12:00:00,1038.2,13.7,80,700,3.2,2,0.055,2.2,17.6,17.49,17.4,17.28,17.24,17.24,17.23,17.23,17.23,17.21,17.21,17.14,17.08,16.72,16.58,16.32,15.89,15.84,15.8,14.02,12.12,10.36,9.99,9.59,8.88,8.73,8.63,8.53,8.28,8.24,7.98,7.6,7.48,7.3,7.17,7.15,7.09,7.01,7.02,7,93,3.5,107,1.1,45,2.1,12,5.6,356,2.8,48,2.5,327,5.3,245,7.6,277,4.9,313
2026-09-23 12:20:00,1038,14.3,76,712,3.2,345,0.054,1.3,17.65,17.57,17.36,17.27,17.23,17.22,17.22,17.23,17.22,17.19,17.18,17.12,17.04,16.64,16.49,16.02,15.87,15.81,15.78,14.02,12.12,10.36,9.97,9.5,8.83,8.71,8.6,8.44,8.29,8.23,7.94,7.63,7.55,7.31,7.28,7.16,7.09,7.04,7.02,5.3,111,5.7,96,5.5,76,5.5,56,3.1,168,1.5,194,2.7,252,3.4,286,3.2,311,7.7,15
2026-09-23 12:40:00,1037.9,14.8,73,716,2.6,360,0.051,1.3,17.63,17.49,17.35,17.27,17.22,17.21,17.2,17.21,17.21,17.16,17.16,17.1,16.71,16.6,16.2,15.88,15.84,15.8,15.65,14.11,12.15,10.6,10.12,9.63,9.08,8.73,8.62,8.38,8.31,8.25,7.87,7.62,7.49,7.31,7.28,7.15,7.11,7.04,7.03,6.9,86,3.8,40,2.2,58,5.5,8,0.6,321,1.3,140,5.9,277,7.5,272,7.2,328,5.2,354
2026-09-23 13:00:00,1037.9,15.3,76,711,2.9,353,0.07,1.5,17.71,17.63,17.55,17.32,17.26,17.21,17.19,17.2,17.2,17.17,17.17,17.03,16.82,16.73,16.38,16.07,15.85,15.8,15.77,14.04,11.78,10.5,10.14,9.7,9.16,8.72,8.51,8.34,8.24,8.03,7.76,7.6,7.44,7.27,7.26,7.18,7.1,7.04,7.03,6.2,13,8.4,40,7.3,26,5.6,358,2.8,294,4,244,4.3,321,2.8,317,3.7,345,7.1,355
2026-09-23 13:20:00,1037.5,15.8,71,707,2.8,4,0.077,1.6,17.79,17.68,17.53,17.32,17.22,17.17,17.17,17.19,17.19,17.16,17.18,17.13,16.93,16.67,16.51,16.1,15.89,15.79,15.48,14.08,12,10.36,9.92,9.4,8.81,8.47,8.29,8.08,7.87,7.84,7.68,7.6,7.43,7.25,7.23,7.16,7.1,7.06,7.03,4.2,79,7.1,79,4.4,27,4.2,32,1.6,23,3.8,357,0.8,89,4.6,319,6.5,326,8.4,20
2026-09-23 13:40:00,1037.3,15.9,69,687,1.9,341,0.066,1.5,17.86,17.74,17.57,17.34,17.26,17.17,17.16,17.18,17.18,17.15,17.17,17.14,16.98,16.75,16.56,16.13,15.92,15.82,15.1,13.83,12.09,10.55,10.12,9.49,8.81,8.58,8.31,8.03,7.84,7.75,7.63,7.44,7.45,7.24,7.22,7.18,7.09,7.04,7.06,4.9,95,5.7,56,4.2,51,5.4,54,6.7,33,4.9,13,5.6,28,3.1,1,5.7,335,6.4,11
2026-09-23 14:00:00,1036.8,16.8,63,671,4.1,349,0.051,1.5,17.91,17.76,17.6,17.48,17.3,17.21,17.15,17.17,17.17,17.15,17.18,17.14,16.92,16.72,16.31,16.16,15.94,15.82,15.13,14.15,12.06,10.48,9.92,9.37,8.8,8.43,8.31,8.09,7.86,7.78,7.63,7.47,7.47,7.35,7.24,7.18,7.11,7.07,7.04,8.3,119,5.3,63,2.9,69,5.4,66,5.4,3,5.7,330,4.5,319,5,2,6.9,15,8.9,25
2026-09-23 14:20:00,1036.6,17.1,61,646,4.1,356,0.058,1.5,17.91,17.83,17.57,17.3,17.26,17.21,17.16,17.16,17.16,17.13,17.16,17.12,16.86,16.72,16.21,16.16,15.91,15.82,15.06,13.86,11.9,10.54,10.11,9.44,8.82,8.54,8.39,8.29,8.05,7.87,7.64,7.5,7.45,7.4,7.27,7.24,7.11,7.08,7.1,7.5,89,3.7,82,5.7,15,4.9,338,3.5,34,4.4,41,5.5,17,2.7,9,6.6,322,4,5
2026-09-23 14:40:00,1036.2,17.3,66,621,3.5,358,0.071,1.4,17.85,17.71,17.55,17.31,17.27,17.25,17.2,17.16,17.15,17.13,17.17,17.13,17.06,16.79,16.62,16.19,15.95,15.87,14.66,12.95,11.37,10.6,10.25,9.44,8.83,8.56,8.41,8.29,8.12,7.89,7.71,7.57,7.53,7.42,7.35,7.28,7.15,7.09,7.1,6.6,85,5.9,78,9.1,53,4.9,69,4.4,84,3.6,38,4.8,0,7.1,346,6.5,336,5.3,53
2026-09-23 15:00:00,1036.1,17.5,66,578,2.4,359,0.088,1.4,17.82,17.74,17.62,17.31,17.25,17.2,17.16,17.16,17.16,17.13,17.15,17.09,17,16.82,16.68,16.23,16.1,15.83,14.59,13.73,12.05,10.8,10.35,9.4,8.86,8.51,8.44,8.31,8.09,7.88,7.72,7.56,7.52,7.37,7.34,7.24,7.1,7.06,7.09,4.3,92,3.2,56,7.7,68,4.9,55,1.2,41,0.8,33,4.1,326,4.4,330,6.3,340,6.3,352
2026-09-23 15:20:00,1035.9,17.9,62,541,3.7,342,0.088,1.4,17.8,17.67,17.53,17.26,17.22,17.13,17.13,17.14,17.15,17.12,17.15,17.1,17.01,16.85,16.76,16.32,16.19,15.88,14.8,14.22,12.31,11.18,10.61,9.73,9,8.69,8.53,8.47,8.17,7.92,7.75,7.59,7.53,7.39,7.32,7.21,7.11,7.07,7.09,2.9,67,1.9,90,5.7,25,4.4,17,3,354,2.6,259,3.3,311,5,314,3.4,315,3.7,39
2026-09-23 15:40:00,1035.7,18.1,60,490,4.1,353,0.118,1.5,17.78,17.73,17.65,17.32,17.25,17.18,17.12,17.14,17.14,17.12,17.14,17.1,17.06,16.88,16.82,16.71,16.22,15.91,14.98,14.31,12.2,11.06,9.92,9.39,8.88,8.69,8.48,8.32,7.89,7.86,7.69,7.55,7.52,7.42,7.31,7.18,7.1,7.06,7.08,4.3,85,2.9,40,7.3,30,6.9,19,7.5,45,8.5,60,5.5,67,4.7,340,6.5,8,4,27
2026-09-23 16:00:00,1035.6,18.3,57,454,4.8,351,0.157,1.8,17.74,17.64,17.54,17.31,17.24,17.19,17.12,17.13,17.13,17.11,17.14,17.1,17.08,16.99,16.83,16.77,16.24,15.93,14.93,14.43,12.49,11.23,10.37,9.63,9.05,8.66,8.48,8.36,7.9,7.85,7.66,7.54,7.53,7.43,7.34,7.2,7.09,7.06,7.07,3.8,88,8.2,63,8,64,5.5,39,3.7,81,5.3,41,8,40,7.2,4,4.1,336,6.4,18
2026-09-23 16:20:00,1035.4,18.4,59,392,4.5,349,0.188,2,17.76,17.73,17.71,17.63,17.52,17.46,17.38,17.25,17.18,17.1,17.13,17.1,17.08,17.1,16.94,16.82,16.58,16.13,15.37,14.42,12.34,11.16,10.22,9.67,9.25,8.77,8.64,8.48,8.36,8.31,7.8,7.6,7.56,7.46,7.36,7.23,7.1,7.05,7.08,7.9,136,2.1,188,2.1,96,7.9,54,6,57,2.7,59,3.7,21,2.1,41,5.5,41,3.4,342
2026-09-23 16:40:00,1035.3,18.6,56,340,4.4,1,0.182,2,17.75,17.72,17.71,17.59,17.49,17.37,17.25,17.25,17.21,17.11,17.12,17.09,17.07,17.09,17.04,16.85,16.77,16.23,15.89,14.94,13.05,11.22,9.97,9.63,8.99,8.83,8.7,8.47,8.33,8.03,7.77,7.59,7.52,7.44,7.35,7.24,7.1,7.05,7.08,4.6,101,4.6,68,4.6,75,5.3,50,7.3,43,7.1,20,4.1,28,3,113,1.2,99,2,51
2026-09-23 17:00:00,1035.1,18.6,57,296,4.7,358,0.197,2.1,17.73,17.66,17.65,17.61,17.58,17.38,17.28,17.25,17.22,17.12,17.12,17.08,17.07,17.09,17.01,16.85,16.71,16.21,15.68,15.06,12.44,10.99,9.8,9.58,9.29,8.92,8.66,8.47,8.31,8.13,7.87,7.6,7.5,7.42,7.35,7.22,7.1,7.06,7.08,5.3,93,3,115,6,88,3.7,115,6,72,5.5,48,5,344,3.7,3,1.3,62,5.9,8
2026-09-23 17:20:00,1035.1,18.6,60,228,4,357,0.233,2.1,17.64,17.6,17.62,17.55,17.55,17.39,17.26,17.25,17.23,17.1,17.11,17.07,17.06,17.03,16.82,16.45,16.24,15.99,15.74,15.2,13.64,11.94,10.62,9.78,9.54,9.01,8.68,8.42,8.23,8.05,7.79,7.53,7.45,7.39,7.34,7.18,7.11,7.06,7.08,2.2,206,5.1,67,3.4,43,5.9,42,4.8,36,7.3,20,6.4,33,3.8,30,2.2,24,5.8,22
2026-09-23 17:40:00,1035.1,18.5,64,184,4.5,355,0.214,2.2,17.62,17.59,17.59,17.56,17.51,17.42,17.27,17.27,17.24,17.17,17.11,17.07,17.06,17.02,16.84,16.85,16.47,15.96,15.8,15.32,13.35,11.78,10.52,9.62,9.35,9.06,8.79,8.54,8.31,8.24,7.87,7.58,7.46,7.4,7.33,7.24,7.12,7.09,7.09,6.8,234,1.8,101,3,76,3.8,75,4.6,21,6.7,6,5.4,352,6.6,353,7.8,331,7.6,339
2026-09-23 18:00:00,1035.1,18.5,64,121,3.9,359,0.24,2.2,17.55,17.53,17.52,17.49,17.42,17.32,17.26,17.25,17.2,17.07,17.1,17.06,17.01,16.89,16.82,16.53,16.29,16.01,15.84,15.36,14.87,12,10.99,9.8,9.48,9.1,8.84,8.51,8.3,8.23,7.91,7.61,7.47,7.41,7.34,7.26,7.14,7.1,7.09,3.2,285,6.1,63,7.9,66,6.7,40,4.8,32,4.9,47,5.3,3,7.4,28,1.5,58,NA,3
2026-09-23 18:20:00,1035,18.3,63,69,4.2,355,0.221,2.3,17.49,17.46,17.47,17.45,17.46,17.46,17.37,17.29,17.2,17.07,17.1,17.05,16.98,16.84,16.8,16.74,16.33,16.21,15.9,15.61,15.12,11.92,10.98,9.94,9.64,9.16,8.87,8.53,8.27,8.2,7.97,7.7,7.54,7.44,7.33,7.29,7.21,7.11,7.11,7.5,203,5.5,196,0.2,254,3.1,8,5.7,347,2.8,357,1.8,317,5.8,11,4,297,5.8,321
2026-09-23 18:40:00,1035,18.2,66,19,4.3,351,0.218,2.1,17.45,17.43,17.43,17.36,17.33,17.27,17.2,17.09,17.08,17.05,17.07,17.01,16.81,16.81,16.64,16.35,16.28,15.95,15.84,15.77,15.35,13.37,11.65,10.57,9.5,8.94,8.86,8.67,8.49,8.29,8.07,7.83,7.71,7.46,7.36,7.3,7.24,7.12,7.12,4,75,3.2,351,7.7,40,8.3,16,9.5,356,6.5,356,5.5,346,7.6,336,5.1,27,7.7,12
2026-09-23 19:00:00,1035,18,66,1,4.3,355,0.211,2.1,17.42,17.4,17.42,17.39,17.4,17.39,17.32,17.22,17.12,17.05,17.08,17.03,16.81,16.8,16.51,16.31,15.95,15.89,15.77,15.65,15.16,13.2,11.71,10.88,10.05,9.81,9.54,9.18,8.85,8.66,8.33,8.23,7.92,7.56,7.4,7.32,7.24,7.12,7.08,3.6,258,0.7,137,0.8,80,5.9,57,5.5,34,6.5,31,5.2,38,4.5,8,3.5,308,6.8,28
2026-09-23 19:20:00,1035.1,17.7,67,0,4.2,1,0.195,2.2,17.4,17.38,17.4,17.38,17.38,17.34,17.26,17.15,17.07,17.04,17.05,16.83,16.8,16.78,16.52,16.33,16.28,16.1,15.9,15.82,15.63,14,11.6,10.66,10.06,9.35,8.95,8.66,8.51,8.46,8.31,8.1,7.9,7.51,7.37,7.33,7.26,7.16,7.09,3.7,149,4.2,85,7.1,69,3.2,61,5.9,43,6.1,2,4.6,323,7.4,350,3.1,2,4.6,359
2026-09-23 19:40:00,1035.2,17.5,72,0,3.8,5,0.202,2.2,17.38,17.36,17.38,17.35,17.36,17.38,17.36,17.28,17.08,17.04,17.06,16.8,16.78,16.8,16.76,16.43,16.34,16.27,16,15.82,15.65,14.16,11.73,11.18,10.25,9.39,8.88,8.57,8.49,8.44,8.3,8.01,7.78,7.48,7.36,7.32,7.24,7.14,7.11,7.1,250,1.2,157,1.9,62,7.1,42,7,49,3.8,74,3.5,325,7.1,335,5.8,341,3.8,348
2026-09-23 20:00:00,1035.4,16.7,70,0,3.4,327,0.181,2.1,17.35,17.34,17.36,17.33,17.33,17.32,17.29,17.2,17.06,17.03,17,16.82,16.78,16.8,16.78,16.79,16.54,16.32,16.25,15.94,15.66,13.67,11.66,10.24,9.43,8.99,8.67,8.55,8.45,8.38,8.25,7.85,7.74,7.55,7.41,7.35,7.24,7.17,7.1,1.6,19,3.4,33,6.5,36,6.4,26,5.2,21,7,360,9.8,355,2.3,19,5.4,352,6.2,353
2026-09-23 20:20:00,1035.5,16.8,69,0,3.4,331,0.165,2.1,17.34,17.32,17.34,17.32,17.29,17.29,17.22,17.06,17.05,16.99,16.83,16.79,16.77,16.79,16.78,16.45,16.34,16.29,16.04,16.02,15.77,15.26,12.04,10.57,9.53,8.96,8.61,8.45,8.33,8.32,8.23,7.87,7.65,7.54,7.44,7.38,7.25,7.15,7.14,8,72,5.2,57,6.8,44,6.4,48,4.9,6,6.8,21,7.5,5,7.4,40,7.5,30,0.4,303
2026-09-23 20:40:00,1035.8,15.9,70,0,2.7,331,0.144,2,17.33,17.31,17.33,17.31,17.31,17.31,17.28,17.28,17.16,17.03,17.05,16.99,16.77,16.79,16.77,16.78,16.72,16.39,16.31,16.03,15.95,15.07,12.03,10.58,9.52,8.79,8.46,8.37,8.33,8.34,8.16,7.74,7.63,7.48,7.36,7.33,7.2,7.12,7.1,3.3,75,3.7,74,2.8,58,5.5,58,5.7,39,5.6,348,5.9,320,7.7,3,5.5,341,6.2,356
2026-09-23 21:00:00,1035.8,15.6,71,0,2.1,324,0.131,1.9,17.3,17.29,17.3,17.28,17.27,17.26,17.21,17.11,17.05,17.02,17.05,16.99,16.8,16.77,16.76,16.77,16.48,16.37,16.13,16.06,15.99,14.75,12.2,11.28,10.04,9.12,8.69,8.41,8.37,8.36,8.24,7.82,7.67,7.6,7.46,7.37,7.2,7.11,7.1,4.5,52,3.5,107,2,25,4.8,45,6.2,66,4,11,1.6,24,4.3,306,3.9,360,3.8,27
2026-09-23 21:20:00,1036,15.4,69,0,1.9,310,0.136,2,17.3,17.28,17.29,17.27,17.28,17.29,17.29,17.3,17.28,17.2,17.15,17.03,17,17.01,16.89,16.79,16.78,16.39,16.32,16.09,15.79,12.94,11.74,10.71,10.08,9.3,8.8,8.67,8.44,8.43,8.25,7.94,7.8,7.65,7.62,7.36,7.24,7.16,7.12,6.4,172,3.6,152,0.8,245,0.3,64,3.8,33,7,32,5.1,48,4.9,37,5.5,338,4.2,6
2026-09-23 21:40:00,1036,15.1,72,0,4.3,332,0.147,2.1,17.29,17.28,17.29,17.26,17.27,17.28,17.27,17.27,17.25,17.17,17.06,17.02,17,17.01,16.83,16.79,16.78,16.39,16.17,16.15,15.8,12.42,11.53,11.24,10.07,9.3,8.67,8.48,8.47,8.47,8.27,8,7.88,7.64,7.45,7.31,7.21,7.12,7.09,2.8,301,4.3,309,3.1,329,4.2,19,5.8,15,4.9,51,7.3,34,4.7,41,1.9,17,4.8,345
2026-09-23 22:00:00,1036,15,75,0,3.9,334,0.15,2.1,17.28,17.26,17.27,17.25,17.26,17.28,17.28,17.29,17.29,17.23,17.19,17.04,17.01,17.02,17,16.82,16.8,16.43,16.22,16.15,15.94,12.61,11.9,11.39,10.44,9.57,8.64,8.6,8.54,8.41,8.21,7.93,7.82,7.66,7.39,7.28,7.21,7.09,7.07,2,201,2.7,283,4.9,202,5.3,175,0.2,331,3.9,83,6,57,5.9,32,2.1,13,4.8,20
2026-09-23 22:20:00,1036,14.6,74,0,4.4,334,0.16,2.1,17.38,17.37,17.39,17.37,17.38,17.39,17.37,17.34,17.33,17.26,17.25,17.21,17.1,17.02,17.01,17.02,16.81,16.59,16.23,16.16,13.45,12.26,12.19,11.26,10.49,9.68,8.9,8.71,8.6,8.51,8.15,7.93,7.83,7.67,7.49,7.37,7.25,7.1,7.07,3.8,217,3.4,270,4.4,228,2.3,306,3,188,1.7,66,5.8,54,5.4,86,4.7,139,6.1,118
2026-09-23 22:40:00,1035.9,14.5,77,0,4.1,340,0.164,2.1,17.38,17.37,17.38,17.36,17.36,17.29,17.27,17.27,17.24,17.2,17.22,17.06,16.99,17.01,16.9,16.8,16.65,16.42,16.26,15.95,15.14,13.16,12.37,10.73,9.94,9.18,8.79,8.64,8.59,8.42,8.04,7.77,7.77,7.65,7.43,7.29,7.19,7.04,7.07,0.9,324,1.5,245,1.5,165,2.7,110,1.9,308,3.3,54,5.1,28,7.7,33,9.6,44,5.4,35
2026-09-23 23:00:00,1035.8,13.7,76,0,2.3,302,0.169,2.2,17.36,17.34,17.36,17.34,17.35,17.35,17.33,17.34,17.26,17.21,17.2,17.01,16.98,16.97,16.79,16.48,16.44,16.24,15.74,15.16,14.77,12.95,12.38,10.76,9.87,9.37,8.95,8.72,8.71,8.72,8.13,7.89,7.82,7.66,7.35,7.28,7.14,7.03,7.07,10.2,259,5.3,221,2,124,1.9,7,1.5,288,1.5,160,3.2,91,4.9,79,8.8,61,9.9,62
2026-09-23 23:20:00,1035.8,13.9,79,0,3.7,337,0.17,2.3,17.35,17.32,17.34,17.31,17.33,17.34,17.33,17.35,17.33,17.26,17.26,17.18,16.99,16.98,16.81,16.55,16.44,16.26,15.71,15.23,14.23,12.59,12.14,10.65,9.96,9.74,9.12,8.83,8.7,8.49,7.98,7.83,7.83,7.72,7.63,7.36,7.22,7.08,7.06,5.2,281,7.3,273,5.6,281,3.8,286,1,316,1.4,6,2.1,61,2.9,75,8.4,61,7.2,64
2026-09-23 23:40:00,1035.7,13,84,0,2.8,285,0.196,2.3,17.31,17.28,17.3,17.28,17.29,17.3,17.3,17.31,17.3,17.22,17.25,17.17,16.96,16.97,16.84,16.68,16.44,16.03,15.6,15.41,15.18,12.68,11.35,10.48,10.05,9.28,8.92,8.88,8.59,8.16,8,7.77,7.68,7.54,7.47,7.42,7.24,7.12,7.07,7.2,247,4.2,262,1.4,247,2.7,128,2.6,82,3.5,67,5,25,3.8,39,6.7,28,7.3,50
2026-09-24,1035.8,13,80,0,3,271,0.166,2.2,17.28,17.26,17.28,17.26,17.27,17.28,17.28,17.3,17.29,17.22,17.21,17.13,16.98,16.96,16.8,16.51,16.25,16.07,15.86,15.78,14.57,12.27,11.15,10.53,9.9,9.3,8.99,8.82,8.46,8.34,8.06,7.93,7.78,7.6,7.5,7.43,7.28,7.03,7.07,1.2,242,1.5,234,0.2,287,1.9,3,0.4,66,2.9,40,3.9,103,4,76,3.8,69,5.7,75
2026-09-24 00:20:00,1035.8,12.1,81,0,4.2,261,0.156,2.3,17.25,17.21,17.24,17.22,17.23,17.24,17.24,17.26,17.24,17.21,17.15,17.1,16.96,16.95,16.82,16.54,16.23,16.1,16.03,16.01,15.27,12.77,10.98,10.56,9.66,9.23,8.83,8.52,8.32,8.2,8.02,7.77,7.65,7.4,7.3,7.3,7.21,7.15,7.07,4.6,267,5.3,276,2.1,95,0.8,254,3,34,3,136,2.4,47,6.6,54,7.4,50,7.3,71
2026-09-24 00:40:00,1035.7,11.8,86,0,3.5,261,0.152,2.3,17.22,17.2,17.22,17.18,17.21,17.21,17.2,17.17,17.17,17.13,17.16,17.06,16.94,16.95,16.7,16.49,16.26,16.22,16.18,16.12,15.47,13.95,11.85,10.76,10.07,9.22,8.95,8.72,8.39,8.34,8.14,7.79,7.64,7.29,7.23,7.18,7.12,7.09,7.1,2.9,211,3,173,2.6,194,2.2,84,0.8,62,3.4,29,4.8,41,6.7,81,4.5,48,8.6,45
2026-09-24 01:00:00,1035.7,11.7,84,0,3.2,275,0.152,2.4,17.19,17.17,17.18,17.16,17.17,17.18,17.18,17.2,17.2,17.16,17.2,17.15,17.03,16.94,16.75,16.39,16.3,16.29,16.23,16.03,15.53,13.82,10.89,10.66,9.83,9.08,8.69,8.52,8.42,8.34,8.13,7.89,7.73,7.24,7.14,7.14,7.08,7.06,7.09,0.2,205,2.2,320,2.1,250,4,33,3.2,118,3.1,123,5.8,87,5.7,44,5.9,35,7.3,43
2026-09-24 01:20:00,1035.6,11.6,83,0,3.4,284,0.147,1.5,17.17,17.15,17.17,17.15,17.16,17.17,17.16,17.17,17.17,17.13,16.99,16.93,16.81,16.65,16.45,16.45,16.43,16.34,16.29,16.17,15.65,13.88,10.91,10.71,9.28,8.94,8.77,8.57,8.37,8.33,8.11,7.99,7.54,7.28,7.14,7.12,7.07,7.04,7.09,3.5,226,2.5,355,5.8,57,6.4,61,2.8,21,2.9,96,6.5,32,6,36,2.8,15,0.5,267
2026-09-24 01:40:00,1035.7,11.4,82,0,3.2,271,0.142,2.3,17.15,17.14,17.14,17.13,17.15,17.16,17.16,17.18,17.17,17.11,16.94,16.85,16.73,16.61,16.48,16.49,16.48,16.43,16.35,16.22,15.87,14.01,10.95,10.16,9.24,8.89,8.75,8.4,8.36,8.34,8.1,7.93,7.4,7.12,7.07,7.09,7.05,7.04,7.07,2.7,351,3.8,39,3.7,11,1.4,150,1.9,143,3,297,5.8,324,4.1,7,4.3,19,5,9
2026-09-24 02:00:00,1035.7,11,85,0,3.3,264,0.14,2.3,17.13,17.11,17.13,17.12,17.14,17.16,17.15,17.17,17.16,16.9,16.84,16.61,16.56,16.55,16.49,16.48,16.32,15.99,15.57,14.94,14.61,13.62,11.97,10.81,9.56,9.08,9.01,8.92,8.58,8.46,8.2,8.08,7.68,7.18,7.15,7.1,7.03,7.01,7.06,7.9,91,6.1,77,5.5,76,5.7,105,5,108,4.2,57,3.8,31,4.7,19,4.8,12,0.8,78
2026-09-24 02:20:00,1035.7,10.7,85,0,3,259,0.134,2,17.15,17.13,17.15,17.13,17.14,17.16,17.15,17.17,17.06,16.88,16.84,16.67,16.64,16.66,16.64,16.5,16.47,16.1,15.65,14.58,13.7,13.22,12.2,10.98,10.09,9.32,9.15,8.98,8.78,8.69,8.29,8.03,7.84,7.32,7.19,7.16,7.04,7.02,7.05,0.8,159,2.2,93,2.9,81,2.1,273,3.2,55,6.2,340,4.5,39,1.8,117,2.3,322,2.1,358
2026-09-24 02:40:00,1035.6,10.3,88,0,3.6,251,0.123,1.5,17.16,17.14,17.16,17.13,17.15,17.15,17.04,16.93,16.77,16.74,16.76,16.71,16.69,16.69,16.64,16.63,16.53,16.05,15.83,15.16,12.94,12.7,11.22,10.9,10.12,9.55,9.29,9.05,8.85,8.72,8.3,7.98,7.77,7.34,7.24,7.19,7.04,7.01,7.05,5.9,116,8.2,136,4.8,128,4,199,1.9,303,2.5,310,1.9,294,1.6,338,4.3,254,4.2,243
2026-09-24 03:00:00,1035.6,10.2,90,0,3.2,255,0.11,1.9,17.16,17.13,17.16,17.15,17.15,17.16,16.95,16.84,16.78,16.71,16.7,16.63,16.61,16.6,16.57,16.52,16.48,16.13,15.75,14.64,13.59,12.06,11.23,10.84,10.44,9.87,9.6,9.12,8.91,8.47,8.22,7.93,7.67,7.35,7.26,7.13,7.04,7.02,7.06,6.2,99,6.2,74,3.5,70,3.8,112,1.6,324,4.2,269,8.1,295,7.3,269,3.9,231,3.7,300
2026-09-24 03:20:00,1035.7,9.7,87,0,2.9,244,0.087,1.5,17.17,17.16,17.17,17.15,17.16,17.11,16.96,16.91,16.82,16.75,16.74,16.66,16.61,16.61,16.6,16.6,16.58,16.15,15.81,14.67,14.5,12.35,11.02,10.6,10.17,9.92,9.23,8.95,8.53,8.37,8.15,7.8,7.61,7.37,7.29,7.14,7.04,7.03,7.07,4.9,73,6.8,101,2.6,11,1.4,309,6.2,288,5.6,288,5.4,266,8.3,229,5.6,290,4.6,272
2026-09-24 03:40:00,1035.5,9.6,88,0,2.8,266,0.085,1.9,17.16,17.15,17.16,17.13,17.1,16.86,16.83,16.8,16.74,16.66,16.66,16.63,16.62,16.64,16.56,16.57,16.52,16.02,15.35,14.78,14.13,12.39,10.88,10.55,10.17,9.95,9.24,8.89,8.49,8.35,8.14,7.86,7.67,7.42,7.37,7.24,7.06,7.04,7.07,5.6,91,5.6,107,3.6,84,3.1,80,2.3,135,1,335,3.6,247,4.4,273,9.2,247,8.6,276
2026-09-24 04:00:00,1035.4,9.5,87,0,2.9,275,0.071,1.5,17.11,17.08,17.11,17.08,17.09,17.03,16.84,16.78,16.72,16.68,16.72,16.67,16.64,16.61,16.5,16.48,16.46,15.99,15.26,14.65,14.12,12.92,10.89,10.55,10.15,9.63,9.08,8.54,8.38,8.26,8.17,7.92,7.68,7.43,7.37,7.15,7.06,7.04,7.07,8.8,116,4.9,100,2.9,175,3,251,5.3,264,5.5,308,7.5,275,8.7,278,6.9,292,9.6,289
2026-09-24 04:20:00,1035.3,9.3,90,0,2.7,270,0.065,1.9,17.1,17.08,17.1,17.07,17.07,16.95,16.85,16.84,16.77,16.71,16.73,16.68,16.62,16.61,16.44,16.42,16.33,15.74,15.23,14.53,13.88,12.9,11.51,10.57,10.17,9.65,9.23,8.84,8.43,8.29,8.24,8.02,7.66,7.39,7.36,7.2,7.06,7.04,7.08,9.2,100,4.8,77,2,351,2.5,297,4.9,235,5.6,228,5.6,268,9.3,305,9.5,322,6.9,295
2026-09-24 04:40:00,1035.2,9.1,89,0,3.6,264,0.071,1.9,17.1,17.08,17.1,17.07,16.97,17.01,17.04,16.87,16.83,16.77,16.75,16.72,16.69,16.48,16.34,16.34,16.2,15.73,15.28,14.52,13.82,12.97,12.19,10.71,10.28,9.68,9.07,8.56,8.35,8.32,8.29,7.91,7.66,7.41,7.32,7.25,7.06,7.04,7.08,7.3,55,1.9,40,0.4,177,1.8,198,3.5,288,6,302,6.2,287,4.8,322,7,320,8.1,312
2026-09-24 05:00:00,1035.4,9.1,90,0,3.9,250,0.073,1.2,17.11,17.08,17.1,17.06,16.99,16.91,16.87,16.89,16.83,16.78,16.8,16.73,16.63,16.51,16.18,16.17,15.99,15.72,15.33,14.4,13.78,12.97,12.55,11.03,10.55,9.73,9.01,8.57,8.36,8.35,8.22,7.67,7.54,7.4,7.33,7.28,7.09,7.04,7.07,8.9,92,6.2,89,3.8,127,3.6,220,3.5,240,2.9,283,1.8,240,7.2,311,10.4,311,7.9,336
2026-09-24 05:20:00,1035.4,9,91,0,3.7,251,0.072,1.2,17.07,17.06,17.07,17.02,16.98,16.97,16.94,16.9,16.89,16.82,16.82,16.78,16.65,16.49,16.04,16.04,15.95,15.71,15.53,15.23,13.71,12.88,11.78,10.79,10.19,9.11,8.67,8.53,8.4,8.4,8.03,7.59,7.47,7.34,7.32,7.3,7.13,7.04,7.08,8,108,5.2,116,4.3,107,2.8,314,2.8,64,3.8,1,5.1,283,8,287,9.2,288,8.6,304
2026-09-24 05:40:00,1035.4,8.8,89,0,3,273,0.063,1.2,17.06,17.05,17.06,17.04,17.04,17.01,16.96,16.91,16.88,16.83,16.81,16.73,16.65,16.45,16.18,15.91,15.88,15.81,15.7,14.58,13.24,12.83,12.49,10.84,9.91,9.04,8.92,8.69,8.48,8.47,8.23,7.59,7.5,7.38,7.33,7.33,7.17,7.04,7.08,3.8,159,5.1,92,1.9,256,1.7,138,2.3,274,5,298,4.8,289,9.7,303,13.2,314,12.6,313
2026-09-24 06:00:00,1035.5,8.4,89,0,3.1,271,0.066,1.3,17.06,17.04,17.05,17.03,17.03,17,16.98,16.92,16.89,16.87,16.9,16.81,16.68,16.61,16.2,15.97,15.87,15.76,15.58,15.5,12.98,12.83,11.79,10.72,9.47,9.01,8.85,8.57,8.52,8.52,7.9,7.55,7.5,7.32,7.32,7.24,7.08,7.04,7.07,4,114,2.2,123,2.9,142,2.2,257,5.4,318,5.8,290,5.5,277,8.1,277,10.7,295,15.2,292
2026-09-24 06:20:00,1035.5,8.5,90,0,3.6,273,0.056,1.2,17.06,17.05,17.07,17.03,17.03,17.03,17.01,16.99,16.96,16.88,16.89,16.82,16.67,16.64,16.43,16.15,16.04,15.93,15.69,15.42,12.97,12.8,11.78,10.72,9.58,9,8.86,8.58,8.47,8.37,7.71,7.46,7.4,7.32,7.28,7.18,7.09,7.04,7.07,4.5,161,4.6,75,5.3,17,3.7,15,2.7,300,4.3,287,7.3,308,8.9,305,7.2,296,11.2,306
2026-09-24 06:40:00,1035.5,8.9,91,4,3.9,277,0.056,1.3,17.05,17.04,17.05,17.03,17.03,17.03,16.96,16.97,16.94,16.9,16.9,16.8,16.7,16.5,16.26,16.27,16.27,16.11,15.83,15.37,13,12.94,12.02,10.71,9.58,9.03,8.77,8.61,8.48,8.32,7.81,7.48,7.45,7.33,7.32,7.25,7.07,7.02,7.05,3.8,72,4.2,73,3.8,93,3.4,110,1.5,273,4.3,265,5.3,320,8.1,295,9.5,307,15.2,321
2026-09-24 07:00:00,1035.7,8.8,95,40,3.7,271,0.061,1.3,17.04,17.02,17.04,17.02,17.02,17.01,17,17.02,16.96,16.8,16.8,16.68,16.49,16.44,16.41,16.35,16.15,15.86,15.58,14.95,13.08,12.88,12.13,10.66,9.74,9.09,8.84,8.63,8.49,8.39,7.94,7.59,7.5,7.35,7.33,7.29,7.06,7.01,7.05,3.6,67,6.1,73,3.8,69,4,87,1.9,203,5.3,293,10.7,311,9.6,308,12.2,325,NA,329
2026-09-24 07:20:00,1036,8.5,91,90,3.7,272,0.053,1.2,17.05,17.03,17.04,17.01,16.99,16.99,16.99,16.97,16.93,16.87,16.86,16.75,16.59,16.54,16.47,16.44,15.98,15.7,15.39,13.99,13.09,13,12.56,10.74,10.12,9.48,8.94,8.77,8.52,8.45,7.87,7.56,7.52,7.36,7.32,7.14,7.09,7,7.02,2.8,10,0.7,319,1.2,25,0.8,117,3.5,21,3.4,320,8.8,337,9.5,330,12.8,324,14.6,326
2026-09-24 07:40:00,1036.1,8.9,93,143,3.8,271,0.05,1.2,17.04,17.01,17.02,17,17,17.01,17,16.96,16.96,16.9,16.89,16.73,16.6,16.52,16.48,16.48,16.31,15.61,15.39,13.95,13.06,13.04,12.73,10.84,10,9.28,8.84,8.65,8.46,8.36,7.82,7.59,7.55,7.37,7.32,7.19,7.03,7,7.02,4.8,64,6.7,101,2.7,98,4.6,92,6.1,21,3.2,319,3.4,307,5.4,332,9.2,327,13.5,331
2026-09-24 08:00:00,1036.2,8.8,91,205,3,293,0.046,1.2,17.03,17,17.01,16.98,16.98,16.99,17,17,16.97,16.91,16.87,16.71,16.54,16.5,16.46,16.45,16.15,15.74,15.36,13.63,13.08,13.03,12.67,10.76,9.79,9.24,8.81,8.6,8.53,8.41,7.97,7.66,7.56,7.39,7.2,7.09,7.02,7,7.03,6,136,1.9,94,3.8,78,3.8,338,1.7,350,3.4,315,8.2,344,9.9,334,12.7,294,16,327
2026-09-24 08:20:00,1036.2,8.9,86,262,2.5,276,0.036,1.2,17.04,17,17.01,16.99,16.99,17,16.98,16.99,16.99,16.88,16.78,16.7,16.57,16.46,16.4,16.41,15.99,15.67,15.48,14.61,13.17,13.07,12.71,10.59,9.62,9.11,8.85,8.58,8.54,8.55,8.18,7.81,7.67,7.48,7.3,7.07,7.02,6.99,7.02,6.5,118,5.1,74,6.8,79,3.1,84,2.4,313,3.4,299,7.6,313,9.9,304,11.8,317,12.2,292
2026-09-24 08:40:00,1036.3,9.6,84,307,3,273,0.032,1.3,17.04,17.01,17.01,16.99,16.99,17.01,16.99,16.99,16.98,16.9,16.88,16.74,16.53,16.52,16.47,16.44,16.36,15.77,15.52,15.21,13.27,13.09,12.45,10.42,9.61,9.14,8.93,8.78,8.68,8.43,8.17,7.87,7.68,7.51,7.32,7.06,7,6.98,7.02,7.9,125,8.4,107,4.9,76,6,142,1.6,153,2.2,238,6.4,253,7.3,311,12.3,295,13.2,312
2026-09-24 09:00:00,1036.3,10.2,82,361,2.1,273,0.029,1.2,17.06,17.01,17.02,17,17,17.01,17.01,16.99,16.97,16.91,16.81,16.73,16.6,16.57,16.51,16.39,16.33,15.69,15.36,15.18,13.45,13.09,12.65,10.68,9.65,9.09,8.87,8.87,8.7,8.32,8.1,7.9,7.7,7.38,7.25,7.07,7.01,6.98,7.01,10.3,92,8.5,100,2.4,118,2.9,88,4.1,104,2,109,4.1,317,7,297,6.7,293,12,299
2026-09-24 09:20:00,1036.3,11,82,411,1.7,338,0.026,1.3,17.09,17.03,17.03,17.01,17.01,17.02,17,16.99,16.96,16.8,16.82,16.77,16.68,16.62,16.58,16.41,16.36,15.48,15.27,15.23,13.57,13.34,13,10.97,10.42,9.48,9.04,8.96,8.76,8.36,8.11,7.88,7.54,7.34,7.22,7.09,6.99,6.97,7,8.6,113,8.1,110,4,101,3.2,120,3.3,89,1.9,14,3.2,354,3.6,316,8.1,286,14.7,292
2026-09-24 09:40:00,1036.2,11.3,83,463,2.2,341,0.037,2,17.14,17.06,17.06,17.02,17.02,17.02,16.98,16.96,16.86,16.82,16.83,16.72,16.67,16.6,16.41,16.4,16.35,15.23,15.12,15.1,14.9,13.27,13.05,11.38,10.03,9.35,9,8.89,8.69,8.36,8.06,7.89,7.52,7.41,7.25,7.05,6.98,6.95,6.99,2.4,145,5.2,126,6.3,100,5.7,120,3.8,88,3.5,305,3,272,6.1,241,9,288,12,284
2026-09-24 10:00:00,1036,11.4,83,511,2,336,0.029,1.9,17.18,17.11,17.1,17.05,17.03,17.03,17,17,16.91,16.85,16.81,16.69,16.54,16.44,16.39,16.4,16.02,15.36,15.07,15.06,15.07,13.21,13.04,12.2,10.44,9.59,9.05,9.04,8.9,8.45,8.26,7.94,7.54,7.39,7.33,7.18,7.05,6.98,6.99,3.9,95,2.1,83,6.9,83,2.9,113,1.6,238,4.8,276,8.4,278,4.6,326,12.2,293,11.1,282
2026-09-24 10:20:00,1036,11.8,81,550,1.9,11,0.031,1.3,17.23,17.16,17.15,17.1,17.07,17.06,17.02,17.03,16.98,16.87,16.73,16.63,16.52,16.42,16.39,16.4,16.05,15.53,15.03,15,15.01,13.24,13.05,12.36,10.5,9.8,9.19,9.09,9.01,8.55,8.17,7.9,7.57,7.42,7.32,7.18,7.06,6.98,6.99,6.5,111,6.3,113,2.9,124,3.2,202,0.6,257,2.4,311,9,272,12.2,296,8.3,297,9.6,284
2026-09-24 10:40:00,1035.8,12.3,78,590,2.9,15,0.033,1.5,17.28,17.21,17.17,17.12,17.09,17.09,17.05,17.02,16.96,16.89,16.79,16.7,16.51,16.42,16.38,16.38,15.98,15.63,15,14.9,13.84,13.18,13.01,12.56,10.74,10.02,9.18,9.12,9.07,8.51,8.19,7.69,7.49,7.37,7.35,7.17,7.07,6.99,7,4.9,197,4.5,153,6.8,160,6.3,140,2.8,112,2,200,1.9,309,9.3,291,13,291,12.7,284
2026-09-24 11:00:00,1035.6,12.7,79,625,2.8,5,0.053,1.5,17.33,17.26,17.21,17.13,17.11,17.1,17.04,17.01,16.97,16.87,16.81,16.67,16.48,16.42,16.39,16.33,15.95,15.55,15.21,14.89,13.77,13.41,13.16,12.53,10.8,10.12,9.24,9.18,9.06,8.54,8.13,7.68,7.53,7.42,7.36,7.27,7.07,7,7.01,7.8,140,1.4,98,2.3,59,2.3,58,4.7,59,2.2,154,2.4,307,8.5,280,10.5,279,15.2,286
2026-09-24 11:20:00,1035.4,13,80,651,2.8,26,0.046,1.8,17.38,17.32,17.26,17.16,17.13,17.13,17.08,17.05,16.98,16.9,16.8,16.71,16.59,16.45,16.41,16.27,15.93,15.59,15.18,14.88,14.63,13.39,13.23,12.53,10.73,9.9,9.22,9.15,8.87,8.48,8.03,7.66,7.54,7.45,7.36,7.36,7.14,7.01,7.02,6.6,163,8.1,132,8,148,5.7,151,6.4,155,4.1,248,4.5,251,7.1,296,7.4,297,11.9,292
2026-09-24 11:40:00,1035.3,13.5,81,675,2.8,21,0.058,2,17.41,17.35,17.32,17.21,17.17,17.14,17.12,17.11,17.03,16.96,16.9,16.75,16.57,16.45,16.41,16.18,16.04,15.69,15.28,15.05,14.77,13.41,13.3,12.3,10.56,9.48,9.23,9.12,8.95,8.62,8.08,7.63,7.59,7.5,7.42,7.38,7.22,7.01,7.01,7.3,146,4.2,137,3.2,162,4.7,212,4.7,173,2.3,200,5.8,251,5.1,261,8.6,295,11.8,299
2026-09-24 12:00:00,1034.9,13.8,81,694,2.7,356,0.046,1.4,17.43,17.37,17.32,17.27,17.21,17.19,17.13,17.11,17.06,16.98,16.93,16.83,16.67,16.58,16.44,16.44,16.17,15.81,15.56,14.96,14.76,13.54,13.39,12.38,10.39,9.37,9.21,9.06,8.8,8.48,8.16,7.64,7.57,7.51,7.37,7.37,7.21,7.02,7.03,7,149,7,148,5.2,138,3.7,144,3,178,1.6,277,3.1,349,5.9,307,7.4,285,12,284
2026-09-24 12:20:00,1034.7,14.4,82,701,2.6,5,0.051,1.8,17.48,17.4,17.36,17.29,17.22,17.19,17.12,17.09,17.04,16.97,16.91,16.76,16.67,16.58,16.48,16.45,16.1,15.78,15.55,15.18,14.87,13.89,13.43,11.63,10.08,9.32,9.17,8.89,8.53,8.39,8.07,7.66,7.56,7.48,7.35,7.36,7.15,7,7.03,5.1,141,4.6,184,6,168,6.5,173,1.2,118,0.4,87,4.7,294,5.2,284,10.7,279,10.8,295
2026-09-24 12:40:00,1034.4,14.8,78,706,3.2,352,0.056,1.6,17.5,17.44,17.4,17.33,17.26,17.23,17.16,17.1,17.04,16.97,16.93,16.81,16.68,16.63,16.49,16.4,15.98,15.76,15.57,15.42,14.84,14.19,13.75,12.17,10.52,9.4,9.25,8.86,8.66,8.38,8.11,7.92,7.64,7.49,7.37,7.37,7.16,7.01,7.04,7.9,142,6.7,128,3.9,154,5.1,142,6.7,150,3.5,159,3.5,264,9,252,8.3,278,NA,289
2026-09-24 13:00:00,1034,15.2,75,710,2.4,27,0.077,1.4,17.51,17.46,17.44,17.36,17.33,17.27,17.22,17.17,17.08,16.98,16.93,16.79,16.73,16.66,16.52,16.52,16.13,15.86,15.71,15.46,14.89,14.51,13.89,11.15,10.29,9.4,9.18,8.99,8.7,8.46,8.17,7.97,7.79,7.52,7.4,7.35,7.11,7.02,7.05,3.4,126,3,107,5.8,131,0.7,230,0.9,261,4.5,246,2.5,267,4.4,284,6.7,259,8.8,269
2026-09-24 13:20:00,1033.6,15.8,76,702,3.3,27,0.113,1.9,17.5,17.43,17.42,17.38,17.39,17.34,17.29,17.2,17.1,17.01,16.95,16.84,16.77,16.72,16.55,16.54,16.11,15.66,15.54,15.18,14.84,14.57,13.91,11.12,10.44,9.5,9.29,9.18,8.74,8.57,8.25,7.93,7.86,7.52,7.42,7.37,7.15,7.03,7.06,5.9,164,6.7,145,8,139,1.6,192,2.9,139,1.5,288,2.5,289,2.3,3,4.6,291,6.5,309
2026-09-24 13:40:00,1033.2,16.4,69,694,3.8,14,0.112,1.9,17.58,17.52,17.44,17.39,17.37,17.37,17.34,17.27,17.12,17.06,16.98,16.86,16.81,16.76,16.56,16.52,16.11,15.78,15.57,15.21,14.91,14.68,13.96,11.08,10.41,9.53,9.36,9.27,8.83,8.44,8.38,7.99,7.85,7.54,7.4,7.24,7.03,7.01,7.05,8.9,157,8.9,170,7.6,159,5.1,145,4.7,160,2.9,226,4.7,263,5,224,4.2,244,7,293
2026-09-24 14:00:00,1032.9,17,65,668,4.6,15,0.123,1.8,17.54,17.44,17.43,17.37,17.34,17.33,17.25,17.12,17.07,16.93,16.9,16.85,16.74,16.57,16.5,16.11,15.92,15.72,15.65,15.13,14.83,14.68,14.05,11.42,10.57,9.78,9.41,9.31,8.9,8.71,8.4,8.05,7.96,7.63,7.54,7.33,7.07,6.99,7.03,5.6,155,6.5,164,5.3,167,1.8,179,4.6,251,1.9,182,1.6,194,3.6,240,5.2,270,6.7,266
2026-09-24 14:20:00,1032.7,17.3,65,646,4.7,10,0.168,1.9,17.55,17.52,17.47,17.47,17.38,17.35,17.21,17.1,17.08,16.91,16.91,16.84,16.72,16.53,16.2,16.07,15.95,15.84,15.78,15.28,14.87,14.75,14.12,11.76,10.65,10.02,9.46,9.22,8.93,8.76,8.39,8.04,7.98,7.69,7.42,7.3,7.06,6.96,7,4.3,164,4.5,160,4.4,116,2.3,157,2.9,121,1.4,322,3.8,267,5.1,292,7,294,4.1,293
2026-09-24 14:40:00,1032.3,17.6,65,615,2.8,359,0.168,1.9,17.51,17.49,17.41,17.36,17.22,17.09,17.07,16.96,16.92,16.89,16.9,16.66,16.52,16.5,16.33,16.22,16.04,15.92,15.77,15.19,14.84,14.77,14.05,12.36,11.04,10.29,9.46,9.33,9.03,8.87,8.42,8.08,8.01,7.79,7.39,7.25,7.08,6.96,6.99,4.7,91,5.4,156,6.7,155,2.1,265,4.6,279,3.1,253,2.4,326,2.8,283,2.5,313,6,334
2026-09-24 15:00:00,1032.2,17.7,62,568,2.5,358,0.143,2.1,17.54,17.46,17.45,17.41,17.39,17.37,17.17,17.1,16.95,16.9,16.92,16.79,16.51,16.51,16.48,16.3,16.05,15.96,15.88,15.39,14.81,14.72,13.58,11.99,11,9.98,9.48,9.34,9.05,8.84,8.39,8.02,8,7.64,7.37,7.24,7.01,6.99,6.99,3.8,153,2.1,121,5.4,158,2.7,140,2.6,216,3,287,5.1,249,4.1,282,6.9,294,9.1,287
2026-09-24 15:20:00,1032.1,17.9,64,517,2,3,0.122,1.9,17.6,17.54,17.47,17.42,17.4,17.4,17.36,17.17,17.06,16.95,16.98,16.88,16.58,16.53,16.5,16.49,16.26,16.01,15.93,15.67,14.79,14.46,12.83,11.63,10.7,9.75,9.49,9.08,8.73,8.55,8.37,8.03,7.98,7.57,7.35,7.09,7.04,7,7,5.8,190,4.3,167,7.1,143,8.7,123,1.4,201,2.2,162,2.5,227,5,267,4.9,294,4.4,271
2026-09-24 15:40:00,1031.8,18.2,60,480,1.9,12,0.105,2.1,17.55,17.44,17.43,17.4,17.4,17.39,17.25,17.16,17.05,17,17,16.95,16.8,16.6,16.52,16.51,16.4,16.08,15.99,15.79,14.8,14.31,13.01,11.63,10.08,9.61,9.32,8.98,8.71,8.57,8.37,8.04,7.89,7.52,7.34,7.1,7.05,7.03,7.01,5.7,159,3.2,205,2.7,176,3.8,155,2.4,153,3.3,219,4.8,259,2.1,255,3.3,237,4.7,276
2026-09-24 16:00:00,1031.6,18.4,65,426,1.6,356,0.088,1.7,17.54,17.44,17.44,17.38,17.35,17.17,17.09,17.02,17.03,17.01,17.05,16.88,16.68,16.58,16.53,16.52,16.5,16.19,16.04,15.9,14.92,14.56,12.65,11.75,10.13,9.54,9.31,8.99,8.7,8.51,8.25,8.04,7.88,7.51,7.34,7.11,7.06,7.04,7.02,3.7,137,5.6,139,4.2,118,4.5,110,2.3,126,1.4,46,5.7,207,4.2,207,1.5,341,2.2,272
2026-09-24 16:20:00,1031.4,18.6,65,377,1.1,6,0.073,2,17.53,17.44,17.39,17.33,17.32,17.27,17.12,17.07,17.07,17.04,17.06,17.02,16.82,16.61,16.53,16.52,16.5,16.32,16.06,15.87,14.83,14.13,13.05,11.88,10.08,9.56,9.26,9.2,8.99,8.72,8.42,7.98,7.85,7.52,7.28,7.11,7.06,7.04,7.03,2,219,1.8,134,0.3,296,3.3,173,4.2,165,4.2,141,1,295,2.3,24,1.7,215,1.5,346
2026-09-24 16:40:00,1031.2,18.7,67,322,1.6,352,0.054,1.6,17.54,17.42,17.39,17.32,17.25,17.11,17.09,17.07,17.05,17.02,17.05,17,16.78,16.55,16.5,16.51,16.49,16.19,16.02,15.61,14.81,14.37,13.2,11.99,10.7,9.53,9.27,9.17,8.98,8.59,8.41,7.97,7.94,7.65,7.31,7.13,7.07,7.04,7.03,3.1,99,1.3,112,5.4,108,4.5,94,2.9,163,2.9,187,4.4,175,5.4,235,4,280,3.1,283
2026-09-24 17:00:00,1030.7,18.7,66,271,1.8,1,0.041,1.6,17.52,17.42,17.4,17.35,17.26,17.12,17.09,17.09,17.1,17.06,17.05,17.02,17,16.71,16.51,16.51,16.49,16.26,16.04,15.84,14.81,13.86,12.95,11.76,9.89,9.45,9.18,9.14,8.98,8.56,8.42,8.2,8.01,7.57,7.35,7.14,7.07,7.05,7.05,8,166,9.1,111,5.7,74,3.8,49,5.3,134,6.1,153,4.2,173,3.9,224,1.1,165,5.3,340
2026-09-24 17:20:00,1030.6,18.8,69,214,1.5,351,0.029,1.6,17.5,17.43,17.4,17.35,17.26,17.18,17.1,17.09,17.08,17.06,17.07,17.01,16.99,16.96,16.59,16.53,16.51,16.27,16.02,14.97,14.3,13.33,12.68,11.3,10.2,9.58,9.29,9.07,8.89,8.71,8.45,8.22,7.97,7.44,7.39,7.16,7.07,7.03,7.04,4.5,94,6.3,81,2.4,38,3.7,57,4.4,10,5,18,6.6,44,7.4,65,1.5,44,2.1,311
2026-09-24 17:40:00,1030.4,18.7,72,165,1.9,354,0.021,2,17.46,17.43,17.42,17.34,17.2,17.17,17.14,17.08,17.07,17.05,17.07,17,16.98,16.7,16.53,16.52,16.45,16.14,15.93,14.97,14.36,13.47,12.9,11.87,10.07,9.53,9.29,9.2,9,8.83,8.47,8.17,7.93,7.59,7.38,7.15,7.07,7.03,7.05,9.7,68,8.4,64,7.3,113,6,95,8.5,109,4.5,82,5.1,32,3.4,24,4.4,5,2.9,2
2026-09-24 18:00:00,1030.4,18.7,68,113,1.9,345,0.021,2,17.46,17.43,17.44,17.35,17.24,17.22,17.2,17.18,17.12,17.05,17.08,17.04,16.98,16.97,16.56,16.53,16.45,16.07,15.64,14.28,13.81,13.25,12.7,12.28,11.01,9.78,9.35,9.22,9.17,9.02,8.46,8.2,8,7.76,7.38,7.33,7.07,7.04,7.06,9.6,53,7.7,73,10.7,74,8,81,9.9,72,8.9,86,5.7,56,1.4,139,2,184,NA,84
2026-09-24 18:20:00,1030.3,18.3,76,63,1.3,329,0.027,2.3,17.44,17.42,17.41,17.31,17.27,17.24,17.21,17.1,17.06,17.04,17.06,16.98,16.95,16.62,16.52,16.52,16.45,16.11,15.94,14.76,13.98,13.21,12.44,12.1,10.51,9.63,9.34,9.29,9.11,8.7,8.31,7.95,7.89,7.49,7.36,7.2,7.07,7.02,7.04,11,98,6.5,79,8.4,55,8.7,75,4.7,83,6.5,111,5.8,134,2.7,102,1.6,49,3.7,30
2026-09-24 18:40:00,1030.4,17.6,78,10,2.2,342,0.031,2.4,17.43,17.41,17.42,17.35,17.32,17.26,17.23,17.16,17.08,17.03,17.06,16.99,16.95,16.87,16.53,16.5,16.41,16.32,16.1,14.86,13.96,13.24,12.26,11.37,10.01,9.64,9.45,9.39,9.08,8.95,8.36,7.95,7.86,7.56,7.38,7.34,7.12,7.02,7.05,13.9,71,11.1,85,10.2,91,9.2,89,11,98,7.8,105,3.9,83,3,57,1.6,56,3.5,32
2026-09-24 19:00:00,1030.3,18,73,0,2.6,332,0.019,3.8,17.42,17.4,17.41,17.39,17.37,17.34,17.24,17.23,17.06,17.01,17.04,16.99,16.96,16.94,16.52,16.46,16.42,16.29,15.99,14.81,14.11,13.5,12.27,11.81,10.14,9.74,9.54,9.48,9.26,9.08,8.57,7.95,7.79,7.53,7.4,7.39,7.26,7.12,7.06,7.4,56,8.9,64,11.5,79,10.1,68,7.7,90,7.7,30,7.9,36,4.8,25,3.4,36,1.8,14
2026-09-24 19:20:00,1030.3,17.6,70,0,2.4,313,0.029,1.7,17.41,17.39,17.41,17.38,17.36,17.3,17.25,17.24,17.2,16.99,17,16.97,16.96,16.88,16.59,16.51,16.44,16.3,16.09,14.85,14.46,13.61,12.15,10.57,9.88,9.63,9.31,9.18,8.89,8.83,8.59,7.74,7.61,7.4,7.38,7.33,7.11,7.04,7.07,5.6,57,5.5,51,8,49,6.8,65,9.2,62,7.4,39,6.3,27,6.3,12,10.1,23,7.9,1
2026-09-24 19:40:00,1030.2,17.6,70,0,2.5,311,0.02,1.8,17.41,17.39,17.4,17.36,17.36,17.31,17.27,17.28,17.18,16.96,16.97,16.94,16.92,16.62,16.47,16.45,16.32,16.16,15.35,14.85,14.59,13.41,12.12,11.16,10.07,9.72,9.32,9.17,8.92,8.81,8.27,7.77,7.48,7.43,7.4,7.38,7.07,7.05,7.08,8.3,71,8,74,12.4,66,9.4,60,7.1,59,8.1,50,9.2,53,6.2,24,3.2,10,5.4,33
2026-09-24 20:00:00,1030.1,17.5,68,0,3.5,307,0.021,1.7,17.4,17.38,17.4,17.38,17.39,17.38,17.25,17.25,17.24,17.19,16.96,16.92,16.9,16.71,16.51,16.49,16.43,16.34,16.05,15.19,14.84,13.25,12.07,10.51,9.93,9.45,9.21,9.11,8.93,8.81,8.19,7.62,7.49,7.4,7.35,7.27,7.16,7.05,7.09,12.2,67,12.8,58,7.4,77,7.2,51,7.6,62,9.2,57,6.1,71,5.3,63,4.1,48,10.3,22
2026-09-24 20:20:00,1030.3,16.8,70,0,3.8,319,0.032,1.6,17.4,17.38,17.4,17.37,17.38,17.39,17.24,17.24,17.22,17.19,17.1,16.91,16.88,16.83,16.52,16.47,16.41,16.28,15.87,15.44,14.84,13.68,12,10.63,10.21,9.69,9.28,9.17,8.8,8.41,7.94,7.62,7.47,7.39,7.38,7.28,7.13,7.06,7.09,4.2,25,6.5,44,12.4,60,8.7,73,7.4,59,9.8,51,5.9,32,6.9,26,5.3,62,7.1,39
2026-09-24 20:40:00,1030.2,16.2,71,0,3.2,312,0.041,1.2,17.4,17.38,17.4,17.37,17.38,17.39,17.24,17.22,17.2,17.18,17.16,16.94,16.89,16.87,16.84,16.5,16.43,16.34,16,15.34,14.82,13.94,12.02,10.62,10.1,9.72,9.37,8.98,8.62,8.41,7.85,7.53,7.49,7.38,7.37,7.25,7.09,7.06,7.1,6.1,50,8,31,8.6,20,8.5,6,7.5,37,10.1,24,7.8,36,6.9,28,7.4,15,10.3,24
2026-09-24 21:00:00,1030.3,15.9,73,0,2.1,313,0.061,1.2,17.39,17.37,17.38,17.36,17.37,17.37,17.27,17.22,17.2,17.16,17.19,17.15,16.94,16.88,16.84,16.55,16.45,16.35,16.12,15.61,15.08,13.82,11.86,10.64,9.96,9.67,9.38,8.94,8.6,8.36,7.77,7.57,7.49,7.38,7.37,7.35,7.11,7.07,7.11,11.9,75,9,62,8.7,48,6.2,62,9.6,49,10.3,27,10.8,20,11.7,26,10.8,26,8.5,30
2026-09-24 21:20:00,1030.4,15.9,72,0,1.8,314,0.06,1.4,17.39,17.37,17.39,17.37,17.37,17.37,17.34,17.29,17.21,17.16,17.18,17.09,16.9,16.86,16.58,16.49,16.4,16.2,15.9,15.42,15,13.67,11.66,10.43,9.91,9.7,9.45,8.95,8.72,8.49,7.93,7.64,7.54,7.38,7.37,7.25,7.11,7.09,7.12,4.1,58,10,28,5.2,57,2.8,89,5.3,52,4.2,34,4.6,28,5.8,14,4.8,18,5.7,1
2026-09-24 21:40:00,1030.3,15.2,75,0,1.7,309,0.049,1.6,17.4,17.39,17.41,17.38,17.39,17.4,17.4,17.42,17.41,17.29,17.26,17.15,17.12,17.09,16.85,16.61,16.44,16.24,15.93,15.35,14.43,14.31,12.07,10.41,10,9.8,9.3,8.92,8.6,8.36,7.74,7.52,7.44,7.39,7.36,7.24,7.12,7.11,7.14,8,34,8.4,14,11.7,51,8.4,61,9.6,68,5.1,49,6.2,36,7,58,7.6,34,3.4,51
2026-09-24 22:00:00,1030.3,15.2,75,0,2.2,281,0.051,1.7,17.44,17.43,17.44,17.41,17.43,17.44,17.45,17.44,17.43,17.3,17.22,17.15,17.12,17.02,16.86,16.63,16.5,16.3,15.98,15.33,13.77,13.56,12.52,10.93,10.2,9.85,9.44,9.07,8.65,8.43,7.94,7.63,7.52,7.45,7.37,7.32,7.15,7.12,7.16,11.2,56,11.3,49,9.5,46,8.6,29,10,35,8.5,37,6.2,25,5.7,54,9.2,38,9.1,NA
2026-09-24 22:20:00,1030.3,15.2,78,0,2.4,267,0.064,1.9,17.46,17.44,17.47,17.45,17.45,17.46,17.46,17.46,17.35,17.32,17.18,17.12,17.05,16.92,16.88,16.84,16.55,16.35,15.98,14.13,13.63,12.76,12.01,11.93,11.59,10.68,9.92,9.73,9.24,9.08,8.17,7.76,7.65,7.52,7.47,7.28,7.18,7.14,7.18,8.3,17,9.7,38,9,48,9.2,41,8.5,22,9.3,35,8.6,37,8.3,15,8.2,19,8.7,2
2026-09-24 22:40:00,1030.3,14.4,79,0,2.5,271,0.059,1.9,17.46,17.44,17.46,17.44,17.45,17.46,17.45,17.39,17.35,17.32,17.2,17.11,17.01,16.84,16.8,16.64,16.46,16.15,15.68,15.51,13.94,12.27,11.64,11.6,11.5,10.84,10.13,9.83,9.42,8.92,8.17,7.69,7.63,7.48,7.33,7.21,7.15,7.14,7.18,10.9,56,9.5,64,9.9,52,9.6,53,7.4,63,9,39,9.7,4,8,328,6.1,352,6.2,357
2026-09-24 23:00:00,1030.1,14.3,78,0,2.3,267,0.064,1.8,17.47,17.45,17.47,17.45,17.46,17.47,17.47,17.49,17.48,17.33,17.34,17.26,17.11,16.94,16.76,16.7,16.58,16.28,15.8,15.68,13.82,12.52,12.02,11.51,11.3,10.58,9.95,9.5,9.13,8.77,8.06,7.69,7.59,7.42,7.27,7.22,7.17,7.15,7.19,7.8,34,8.8,35,10.8,45,9.5,41,10.7,39,9.8,30,8.4,12,9.4,9,8,19,8,351
2026-09-24 23:20:00,1029.9,14.3,81,0,2.9,271,0.073,2,17.47,17.45,17.47,17.45,17.45,17.47,17.47,17.48,17.49,17.45,17.41,17.32,17.29,17.18,16.91,16.63,16.54,16.13,15.86,15.12,13.27,12.51,12.19,11.48,11.31,10.65,10.17,9.72,9.24,8.84,8.17,7.79,7.66,7.49,7.33,7.22,7.17,7.16,7.2,12,28,7.7,54,11.2,38,13.4,53,8.7,55,8.2,49,9.1,35,12.1,45,9,27,8.4,22
2026-09-24 23:40:00,1029.8,14.1,80,0,3.2,271,0.078,1.9,17.48,17.47,17.49,17.47,17.48,17.49,17.49,17.51,17.51,17.49,17.52,17.42,17.3,17.29,17.21,16.9,16.5,16.27,15.94,14.86,13.6,12.61,12.36,11.44,10.97,10.44,9.97,9.61,8.98,8.82,8.21,7.8,7.7,7.45,7.26,7.22,7.18,7.16,7.2,10.3,6,6.5,35,7.7,36,8.8,29,11.3,26,8.8,42,7.7,45,7.4,26,5.9,3,6,33
2026-09-25,1029.9,13.9,81,0,3,284,0.092,2.1,17.5,17.48,17.49,17.47,17.48,17.5,17.5,17.52,17.52,17.49,17.45,17.38,17.32,17.29,17.24,17.04,16.66,16.28,15.92,14.48,13.38,12.7,12.3,11.3,10.57,10.11,9.54,9.19,8.86,8.56,8.18,7.76,7.61,7.35,7.24,7.24,7.2,7.18,7.21,12.8,49,15.4,47,12.4,36,15.1,38,9.3,42,10.1,46,8.2,30,10.3,29,7.9,19,7.6,4
2026-09-25 00:20:00,1029.7,13.7,79,0,2.9,273,0.107,2.2,17.49,17.47,17.49,17.46,17.47,17.49,17.49,17.52,17.52,17.49,17.52,17.49,17.43,17.3,17.27,17.2,17.06,16.29,15.96,14.32,13.13,12.79,12.06,11.17,10.4,9.76,9.41,9.04,8.63,8.39,8.15,7.79,7.53,7.28,7.23,7.26,7.21,7.2,7.23,9.3,47,11.7,40,15.2,48,9.1,44,11.3,41,11.3,46,13.4,42,13.2,55,8.9,41,8.9,24
2026-09-25 00:40:00,1029.6,13.4,80,0,3.9,259,0.109,2.2,17.48,17.45,17.47,17.45,17.46,17.47,17.47,17.49,17.5,17.48,17.52,17.48,17.47,17.35,17.27,17.16,16.94,16.25,15.99,14.6,13.14,12.96,12.13,11.21,10.48,9.88,9.36,8.97,8.61,8.4,8.08,7.78,7.64,7.27,7.25,7.27,7.22,7.21,7.24,12,38,7.7,37,11.3,36,12.9,35,15.2,34,11.4,49,11.6,27,7.5,37,5.2,10,4,17
2026-09-25 01:00:00,1029.3,13,83,0,3.8,252,0.111,2.1,17.48,17.46,17.48,17.45,17.46,17.47,17.47,17.48,17.49,17.46,17.49,17.46,17.45,17.41,17.29,17.23,17.2,16.4,15.96,14.38,13.14,13.05,11.97,11.04,10.44,9.86,9.5,9.06,8.81,8.63,8.2,7.86,7.71,7.44,7.26,7.27,7.23,7.21,7.25,5.5,36,7.9,42,13,29,7,55,4.3,44,10.5,73,9.7,67,6.5,47,11.3,27,8.5,26
2026-09-25 01:20:00,1029,12.8,84,0,4.3,253,0.111,1.4,17.46,17.45,17.46,17.43,17.44,17.45,17.46,17.47,17.48,17.46,17.49,17.46,17.44,17.45,17.37,17.31,17.16,16.67,15.65,14.05,13.24,13.07,11.66,10.88,10.16,9.78,9.47,9.15,8.91,8.69,8.32,7.95,7.9,7.61,7.26,7.25,7.21,7.19,7.23,11.5,35,8.2,50,9.7,34,8.7,28,12,13,8.1,21,8.5,25,10.2,40,9.8,23,11.5,29
2026-09-25 01:40:00,1028.9,12.8,82,0,4.3,262,0.112,1.4,17.45,17.43,17.45,17.43,17.45,17.46,17.46,17.47,17.48,17.46,17.49,17.45,17.44,17.43,17.39,17.32,17.22,16.96,15.57,14.27,13.53,13.18,11.43,10.74,9.82,9.39,9.09,8.91,8.8,8.67,8.2,7.95,7.77,7.51,7.25,7.27,7.21,7.2,7.24,13.1,55,10.7,50,8.7,36,6.4,38,9.7,15,11.6,35,9.8,33,7.7,34,8.5,21,11.7,28
2026-09-25 02:00:00,1028.8,12.5,84,0,3.7,264,0.132,1.5,17.44,17.41,17.43,17.41,17.42,17.43,17.43,17.45,17.46,17.44,17.48,17.44,17.43,17.45,17.43,17.08,17.01,16.86,15.48,14.13,13.48,13.16,11.66,10.73,9.85,9.38,9.05,8.96,8.84,8.79,8.47,8.04,7.97,7.51,7.31,7.3,7.24,7.23,7.26,6.1,34,6.7,19,10.6,25,13.3,35,13.4,17,14.6,33,12.9,43,9.8,40,8.8,33,12.4,28
2026-09-25 02:20:00,1028.5,12.3,83,0,2.9,253,0.111,1.5,17.42,17.41,17.42,17.4,17.41,17.42,17.42,17.44,17.45,17.42,17.46,17.43,17.41,17.4,17.36,17.27,17.04,16.73,15.25,14.36,13.59,13.23,11.47,10.4,9.92,9.45,9.08,8.96,8.79,8.69,8.42,8.16,7.98,7.53,7.4,7.32,7.27,7.25,7.28,11.1,38,9.9,38,8.1,25,10.5,31,10.1,25,7.2,18,11.1,27,12.1,31,13.2,33,9.4,19
2026-09-25 02:40:00,1028.2,12.4,82,0,4.1,270,0.095,1.5,17.41,17.4,17.41,17.39,17.4,17.41,17.41,17.43,17.43,17.41,17.44,17.41,17.39,17.41,17.38,17.35,17.21,16.81,15.3,14.06,13.55,13.05,11.82,10.66,10.09,9.59,9.21,8.99,8.83,8.67,8.45,8.17,7.99,7.63,7.47,7.35,7.3,7.28,7.31,13.8,24,11.9,19,12,24,11.7,18,9.4,27,8.8,8,7.8,7,8.9,20,10.9,19,10.5,27
2026-09-25 03:00:00,1028.1,12.2,82,0,3.9,277,0.093,1.4,17.38,17.36,17.38,17.35,17.37,17.39,17.39,17.4,17.41,17.39,17.42,17.39,17.37,17.39,17.38,17.39,17.3,16.76,15.08,14.2,13.6,13.02,11.7,10.83,10.04,9.44,9.23,9.01,8.91,8.8,8.53,8.1,7.97,7.64,7.43,7.37,7.32,7.31,7.34,7.6,62,13,49,11.3,35,8.9,47,11.5,30,9.9,24,10,31,12.2,23,8.7,42,10.9,39
2026-09-25 03:20:00,1028.2,12,82,0,3.7,269,0.086,1.3,17.38,17.36,17.38,17.35,17.37,17.38,17.38,17.4,17.4,17.38,17.41,17.38,17.37,17.38,17.37,17.37,17.31,16.8,15.39,14.12,13.61,12.65,11.36,10.58,9.93,9.5,9.22,8.97,8.91,8.83,8.63,8.34,8.03,7.74,7.47,7.38,7.33,7.32,7.36,9.3,26,10.3,54,10.7,41,7.8,52,10.9,52,6.6,38,9.1,38,12.2,30,13.5,16,10.8,21
2026-09-25 03:40:00,1028,11.9,88,0,3.7,276,0.074,1.3,17.36,17.34,17.35,17.33,17.35,17.36,17.36,17.38,17.38,17.36,17.4,17.37,17.35,17.36,17.35,17.36,17.18,16.66,15.25,14.4,13.65,13.33,11.38,10.96,9.86,9.21,9.07,9,8.87,8.78,8.58,8.4,8.02,7.75,7.46,7.4,7.34,7.33,7.37,14.5,26,13.4,35,9.8,38,9.4,46,6.1,47,4.8,48,5.2,37,9.7,45,9.7,46,9.8,15
2026-09-25 04:00:00,1027.9,11.6,86,0,3.9,265,0.057,1.2,17.35,17.34,17.36,17.33,17.34,17.36,17.36,17.37,17.37,17.35,17.39,17.36,17.35,17.37,17.36,17.37,17.22,15.88,15.25,14.54,13.62,13.01,11.4,11.06,9.88,9.37,9.12,9.07,8.98,8.82,8.6,8,7.9,7.73,7.45,7.45,7.37,7.35,7.38,8.2,30,7.9,43,12.4,34,12.5,36,12.4,32,10.5,32,11.8,47,13.1,40,11.1,29,10,30
2026-09-25 04:20:00,1027.9,11.7,88,0,3.4,277,0.047,1.2,17.36,17.34,17.36,17.34,17.35,17.36,17.36,17.38,17.38,17.35,17.38,17.36,17.34,17.36,17.35,17.37,17.35,15.77,14.98,13.89,13.5,12.17,11.4,10.92,9.82,9.4,9.08,9.05,8.93,8.75,8.56,8.06,7.86,7.69,7.49,7.49,7.43,7.33,7.36,13.3,47,10.1,36,10.6,32,12.7,28,10.1,37,6.2,27,6.6,19,7.7,21,7,29,10.8,24
2026-09-25 04:40:00,1027.9,12.4,88,0,2.7,304,0.044,1.2,17.36,17.34,17.36,17.33,17.34,17.35,17.36,17.38,17.38,17.36,17.4,17.37,17.35,17.36,17.35,17.35,17.3,16.54,15.16,14.58,13.58,12.77,11.43,10.91,9.78,9.48,9.08,9.03,8.92,8.7,8.46,7.9,7.88,7.59,7.5,7.48,7.38,7.33,7.36,9.4,61,12,76,7.9,57,11.7,32,9.3,37,10.3,33,10.2,57,10.3,38,11.3,41,12.2,25
2026-09-25 05:00:00,1027.9,11.7,91,0,2.9,281,0.041,1.2,17.35,17.33,17.35,17.33,17.34,17.36,17.36,17.38,17.37,17.34,17.38,17.35,17.33,17.34,17.31,17.31,17.24,15.87,15.04,14.46,13.51,12.86,11.45,10.97,9.77,9.48,9.1,9.06,9.01,8.78,8.63,8.15,7.77,7.63,7.6,7.48,7.38,7.32,7.34,11.4,44,11.5,30,9,39,11.2,25,10.8,39,12.7,41,13.5,27,9.6,27,8.8,23,6.5,14
2026-09-25 05:20:00,1027.9,11.6,87,0,3,267,0.043,1.3,17.35,17.33,17.35,17.33,17.34,17.34,17.35,17.37,17.37,17.35,17.38,17.35,17.33,17.34,17.34,17.34,17.26,15.92,15.19,14.61,13.54,12.62,11.45,10.71,9.76,9.54,9.18,9.08,9.04,8.89,8.73,8.3,7.79,7.64,7.62,7.45,7.39,7.32,7.32,6.5,11,10.5,3,13.4,34,13.1,37,11.7,38,9.8,20,8.6,31,10.1,26,9.9,360,10.3,13
2026-09-25 05:40:00,1028,11.6,87,0,2.4,276,0.033,1.2,17.35,17.33,17.34,17.33,17.33,17.34,17.34,17.35,17.36,17.34,17.37,17.34,17.33,17.33,17.28,17.29,17.21,16.01,15,14.54,13.46,12.52,11.46,11.14,9.98,9.59,9.46,9.23,9.05,9.04,8.78,8.29,7.79,7.66,7.59,7.47,7.38,7.32,7.32,8.3,46,7.1,36,6.6,58,2.9,331,10.5,351,10.6,13,11.9,18,8.6,24,11.3,14,8.9,6
2026-09-25 06:00:00,1028,11.6,84,0,2.3,271,0.025,1.2,17.34,17.32,17.34,17.32,17.32,17.34,17.33,17.34,17.34,17.3,17.33,17.29,17.27,17.27,17.25,17.23,16.52,16.03,15.4,14.44,13.42,12.36,11.48,11.19,10.26,9.65,9.47,9.27,9.05,9.03,8.81,8.35,7.76,7.65,7.61,7.48,7.38,7.34,7.37,8.7,40,10,54,6.2,55,6.8,30,11.4,15,13,21,9.3,13,12.1,14,12.6,21,12,8
2026-09-25 06:20:00,1027.9,11.2,90,0,2.8,277,0.052,2,17.32,17.3,17.32,17.3,17.31,17.33,17.32,17.34,17.34,17.32,17.35,17.31,17.27,17.29,17.25,17.22,16.92,15.85,15.27,14.84,13.59,12.5,11.52,11.14,10.3,9.6,9.35,9.14,9,8.92,8.77,8.24,7.86,7.64,7.64,7.59,7.38,7.3,7.31,6.8,34,9.8,37,7.4,62,5.3,48,8.3,17,8.1,36,8.9,30,11.8,38,5.1,24,10,24
2026-09-25 06:40:00,1028.2,11.7,91,3,3.4,277,0.095,2.2,17.3,17.27,17.3,17.27,17.28,17.3,17.3,17.31,17.31,17.29,17.32,17.27,17.24,17.24,17.2,17.1,17.01,16.33,15.63,14.88,13.66,12.5,11.61,11.16,10.33,9.73,9.35,9.09,8.99,8.92,8.75,8.39,7.94,7.65,7.61,7.55,7.43,7.33,7.31,7.7,43,6.5,56,6.4,35,4.2,52,4.1,57,5.5,72,7.7,40,12.4,26,7.6,8,14.2,6
2026-09-25 07:00:00,1028.1,11.3,92,14,2.5,281,0.099,2.3,17.29,17.27,17.29,17.26,17.27,17.28,17.27,17.31,17.31,17.28,17.29,17.25,17.23,17.23,17.17,17.11,16.96,16.35,15.71,14.84,13.71,12.71,11.56,11.09,10.29,9.64,9.31,9.02,8.94,8.9,8.72,8.39,7.96,7.67,7.55,7.45,7.39,7.36,7.32,6.2,25,4.6,34,8.3,27,7.6,65,5.8,42,5.9,30,4,26,4.1,19,8.8,10,7.6,2
2026-09-25 07:20:00,1028.1,11.6,88,20,2.7,319,0.105,2.4,17.27,17.25,17.26,17.24,17.26,17.27,17.27,17.28,17.28,17.25,17.28,17.23,17.21,17.22,17.17,17.02,16.87,15.9,15.68,14.81,13.72,12.8,11.49,11.1,10.28,9.78,9.47,9.12,9.02,8.98,8.8,8.47,8.07,7.78,7.53,7.44,7.37,7.35,7.33,3.8,107,4.7,59,7.9,61,8.2,47,7.3,19,7.6,36,8.1,22,11,19,10.6,24,8.9,14
2026-09-25 07:40:00,1028.2,11.2,90,50,3,288,0.113,2.3,17.25,17.23,17.24,17.22,17.23,17.25,17.24,17.26,17.26,17.24,17.25,17.21,17.19,17.19,17.14,17.03,16.64,16.14,15.6,15.43,13.8,13.2,11.64,11.08,10.29,10,9.57,9.23,9.06,9.05,8.89,8.44,8.04,7.78,7.51,7.46,7.37,7.33,7.34,4.9,34,3.6,62,4.7,69,8.1,41,8.9,18,10.3,1,13,346,10.6,357,10.2,358,9.3,344
2026-09-25 08:00:00,1028.3,11.5,91,185,2.9,269,0.133,2.4,17.24,17.22,17.23,17.21,17.22,17.24,17.23,17.25,17.25,17.23,17.27,17.24,17.21,17.17,17.09,16.93,16.6,15.89,15.69,15.45,13.76,13.12,11.54,10.93,10.32,10.15,9.62,9.31,9.09,9.04,8.79,8.42,8.05,7.76,7.56,7.48,7.4,7.37,7.4,6.5,41,4.1,352,7.9,347,4.9,352,10.6,19,7.6,16,7.1,27,7.3,2,10.6,5,10.4,3
2026-09-25 08:20:00,1028.2,11.5,89,247,2.8,275,0.155,2.4,17.25,17.22,17.23,17.21,17.22,17.23,17.23,17.25,17.25,17.22,17.25,17.17,17.15,17.15,17.12,17.1,16.88,16.31,15.76,15.27,13.87,13.09,11.93,11.27,10.36,9.8,9.65,9.21,9.1,9.05,8.78,8.39,8.05,7.85,7.62,7.52,7.42,7.38,7.41,3,30,3.1,330,5.5,8,7.4,356,4,356,7,24,6.2,21,2.6,351,9,11,9.9,355
2026-09-25 08:40:00,1028.2,11.8,87,243,2.1,274,0.162,2.4,17.25,17.22,17.23,17.21,17.22,17.23,17.22,17.24,17.23,17.19,17.21,17.16,17.12,17.13,17.1,17.06,16.79,16.2,15.76,15.28,14,13.08,11.95,11.43,10.38,9.87,9.61,9.33,9.11,9.08,8.86,8.62,8.07,7.84,7.64,7.55,7.45,7.4,7.42,5.4,56,3.6,78,5.2,10,7.6,358,9,351,7.6,8,9.7,345,9.3,359,10.7,353,11.2,356
2026-09-25 09:00:00,1028,12.3,85,110,1.6,263,0.157,2.4,17.26,17.22,17.23,17.2,17.21,17.22,17.21,17.2,17.2,17.16,17.17,17.14,17.11,17.13,17.09,17.03,16.8,16.67,15.96,15.51,14.11,12.88,12.04,11.22,10.38,9.68,9.51,9.14,9.1,9.09,8.91,8.62,8.13,7.9,7.6,7.49,7.43,7.41,7.44,7.1,329,3.3,89,3,357,8.2,355,6.4,1,9.2,350,11.1,2,12.2,353,7.3,337,7.6,347
2026-09-25 09:20:00,1027.8,13,86,390,2.4,350,0.137,2.3,17.28,17.23,17.23,17.21,17.2,17.2,17.18,17.18,17.16,17.14,17.16,17.12,17.1,17.1,17.07,17.01,16.9,16.73,16.17,15.69,14.23,12.75,12.16,11.3,10.38,9.7,9.57,9.15,9.1,9.04,8.86,8.46,8.05,7.8,7.61,7.52,7.42,7.4,7.43,3.3,270,3.7,351,5.5,319,8,350,5.2,328,7.4,9,9.2,12,8.7,3,9,350,13.7,351
2026-09-25 09:40:00,1028.3,13.5,84,443,1,338,0.122,2.4,17.3,17.23,17.23,17.2,17.19,17.19,17.16,17.16,17.15,17.12,17.14,17.1,17.08,17.08,17.04,17.01,16.93,16.84,16.16,15.67,14.46,12.71,12.2,11.22,10.38,9.7,9.34,9.13,9.09,8.95,8.83,8.26,8.06,7.88,7.72,7.58,7.42,7.39,7.43,4.9,14,2.7,50,5.1,358,2.2,342,5.7,1,5.3,3,7.5,37,8.7,19,6.7,7,8.5,NA
2026-09-25 10:00:00,1027.2,13.9,86,501,4.1,2,0.122,2.3,17.34,17.27,17.24,17.2,17.19,17.18,17.16,17.15,17.13,17.1,17.12,17.08,17.06,17.07,17.04,17.02,16.96,16.84,16.4,15.73,15.03,13.36,12.2,10.84,10.35,9.75,9.34,9.14,8.99,8.91,8.55,8.23,8.11,7.89,7.66,7.47,7.41,7.38,7.41,8.2,331,8.2,339,6.6,340,9.5,341,8.2,344,5.5,352,7.9,345,11.9,353,11.3,359,11.5,357
2026-09-25 10:20:00,1027.6,13.9,85,533,2.4,27,0.152,2.1,17.33,17.28,17.27,17.21,17.19,17.17,17.14,17.14,17.12,17.08,17.11,17.06,17.05,17.05,17.03,17.02,16.97,16.83,16.38,15.82,15.15,13.08,12.26,11.02,10.32,9.75,9.24,9.18,9.05,8.93,8.51,8.2,8.22,7.87,7.68,7.5,7.4,7.37,7.41,6.2,304,6.6,310,2.5,342,3.2,34,7.3,11,7.4,344,9.1,351,10.9,9,10.7,2,11.6,6
2026-09-25 10:40:00,1027.7,14,87,577,2.6,18,0.156,2.2,17.36,17.29,17.26,17.21,17.17,17.15,17.12,17.11,17.1,17.07,17.09,17.05,17.03,17.04,17.01,17.01,16.94,16.71,16.42,15.73,15.17,13.52,12.72,11.43,10.71,9.79,9.57,9.3,9.21,9.04,8.54,8.26,8.21,7.86,7.62,7.47,7.38,7.36,7.39,2.2,201,3.9,352,8.2,353,8.7,16,8.8,350,9.8,359,9.2,350,11.8,5,13,15,13.1,15
2026-09-25 11:00:00,1027.5,14.5,86,608,2.5,357,0.137,2.2,17.43,17.35,17.29,17.2,17.15,17.12,17.09,17.09,17.09,17.05,17.08,17.04,17.02,17.03,16.99,16.98,16.89,16.8,16.44,15.58,15.17,13.08,12.7,11.53,10.92,9.84,9.65,9.32,9.24,9.1,8.58,8.26,8.17,7.93,7.6,7.49,7.38,7.35,7.39,5.7,315,6.9,314,5.7,357,6.7,359,8.3,27,9.1,358,9.4,356,11.3,5,9.3,14,10.7,358
2026-09-25 11:20:00,1027.4,14.8,83,646,2.5,359,0.127,2.1,17.48,17.38,17.29,17.19,17.15,17.12,17.09,17.1,17.08,17.05,17.08,17.04,17.02,17.03,17.01,17.01,16.96,16.83,16.55,15.8,15.29,13.4,12.48,11.52,11,10.11,9.76,9.56,9.28,9.16,8.77,8.3,8.14,7.89,7.66,7.56,7.39,7.35,7.38,5.6,299,7.7,324,7.6,10,7.7,356,12.9,346,10.5,346,6.8,359,6.7,6,7.8,336,11.3,8
2026-09-25 11:40:00,1027,15.2,83,659,3.5,4,0.115,2,17.54,17.45,17.33,17.21,17.15,17.12,17.1,17.1,17.09,17.05,17.08,17.05,17.03,17.04,17.02,17.02,16.98,16.89,16.52,15.83,15.36,13.82,12.51,11.61,11.19,10.34,9.78,9.46,9.25,9.05,8.7,8.24,8.07,7.76,7.64,7.55,7.41,7.35,7.39,5,22,7.9,13,6,25,7.1,24,8.3,1,8.6,2,9.8,6,9.4,4,6.4,16,8.1,8
2026-09-25 12:00:00,1026.8,15.8,82,681,3.5,9,0.115,2,17.59,17.46,17.34,17.23,17.16,17.12,17.1,17.11,17.09,17.06,17.09,17.05,17.03,17.04,17.03,17.02,17,16.94,16.7,16.22,15.41,13.78,12.37,11.59,11.06,9.97,9.77,9.31,9.21,9.05,8.58,8.2,7.97,7.77,7.62,7.56,7.48,7.4,7.39,1.9,0,2.1,337,3.7,17,3.4,274,5.2,323,8.6,326,8,343,8.7,22,10,24,9.3,11
2026-09-25 12:20:00,1026.5,16,80,700,3.3,15,0.148,1.9,17.64,17.58,17.39,17.22,17.15,17.13,17.11,17.11,17.09,17.07,17.09,17.05,17.03,17.05,17.03,17.02,17.01,16.98,16.78,16.43,15.48,14.76,12.71,11.68,11.12,10.02,9.78,9.33,9.2,9.06,8.66,8.26,7.92,7.82,7.67,7.6,7.51,7.39,7.41,8.3,328,6.3,345,3.6,350,6.4,68,5.9,19,9.3,354,8.8,356,10.8,10,10.2,24,11.4,24
2026-09-25 12:40:00,1026.2,16.5,83,707,4.3,6,0.147,1.7,17.67,17.58,17.45,17.37,17.18,17.13,17.11,17.11,17.1,17.07,17.1,17.06,17.04,17.05,17.02,17.03,17.03,16.98,16.69,16.43,15.56,14.23,12.42,11.66,11.03,10.24,9.88,9.55,9.29,9.09,8.7,8.26,8,7.82,7.67,7.61,7.5,7.46,7.43,5.2,354,7,328,7.1,7,7,25,9.7,21,8.2,348,9.4,3,11.6,357,10.3,3,NA,16
2026-09-25 13:00:00,1026,16.9,84,702,3.8,22,0.173,2,17.65,17.57,17.5,17.29,17.17,17.14,17.11,17.11,17.11,17.07,17.1,17.05,17.03,17.04,17.02,17.04,17.04,16.97,16.66,16.54,15.74,14.88,12.63,11.8,10.95,10.47,9.91,9.68,9.36,9.11,8.73,8.37,8.05,7.92,7.65,7.61,7.52,7.44,7.44,3,95,2.8,86,1.1,314,4.9,296,4.5,330,6.7,11,7.6,336,7.9,354,6.2,337,5.9,360
2026-09-25 13:20:00,1025.9,17.5,80,682,2.7,19,0.176,2.1,17.67,17.6,17.55,17.38,17.37,17.18,17.12,17.12,17.11,17.07,17.1,17.05,17.03,17.04,17.02,17.04,17.04,16.92,16.63,16.27,15.82,14.98,12.65,11.88,10.95,10.56,9.97,9.66,9.37,9.13,8.74,8.27,8.12,7.96,7.7,7.62,7.51,7.44,7.44,1.3,334,3.7,49,7.8,347,8.6,353,6.2,338,8.6,359,9.7,7,8.7,6,11.5,15,7.5,42
2026-09-25 13:40:00,1025.6,17.8,81,681,3.9,358,0.158,1.9,17.72,17.62,17.6,17.42,17.27,17.15,17.12,17.13,17.12,17.08,17.1,17.06,17.04,17.05,17.04,17.05,17.04,16.87,16.66,16.15,15.94,14.97,13.07,11.91,11.15,10.46,10.2,9.91,9.58,9.26,8.72,8.27,8.09,7.87,7.6,7.6,7.51,7.46,7.48,4.2,276,6.7,330,5.7,329,7,348,4.3,341,6.1,2,8.2,2,10.4,358,8.6,0,4.9,28
2026-09-25 14:00:00,1025.3,18.2,81,660,2.8,12,0.15,2,17.76,17.7,17.63,17.51,17.33,17.2,17.13,17.14,17.13,17.08,17.11,17.07,17.06,17.07,17.05,17.07,17.07,16.86,16.7,16.54,16.09,15.28,13.16,12.23,11.39,10.37,10.17,9.69,9.42,9.14,8.69,8.27,8.12,7.91,7.68,7.59,7.5,7.46,7.49,3.6,304,5.2,352,2.7,346,2.3,58,2.6,51,5.7,43,7.5,58,7.6,35,8,9,9.1,32
2026-09-25 14:20:00,1024.9,18.6,81,633,3.1,6,0.169,2,17.76,17.7,17.61,17.45,17.3,17.18,17.15,17.13,17.12,17.1,17.13,17.09,17.07,17.09,17.07,17.09,16.98,16.86,16.68,16.35,16.05,15.23,13.23,12.29,11.25,10.31,10.16,9.71,9.53,9.16,8.68,8.27,8.13,7.93,7.72,7.59,7.52,7.48,7.48,2.5,265,2.7,335,5.3,39,5.6,48,3.4,38,4.5,347,4.8,51,7.8,14,9.2,27,8,74
2026-09-25 14:40:00,1024.7,18.9,80,602,3.5,8,0.169,2,17.77,17.71,17.65,17.52,17.45,17.29,17.15,17.14,17.14,17.11,17.14,17.11,17.09,17.1,17.09,17.1,16.96,16.81,16.67,16.43,16.13,15.21,13.52,12.34,11.12,10.27,10.05,9.72,9.48,9.23,8.73,8.33,8.15,7.97,7.75,7.61,7.53,7.49,7.52,5.3,349,7.5,1,7.8,27,8.1,28,8,34,9,11,9.6,22,9.3,31,9,18,12.8,21
2026-09-25 15:00:00,1024.5,19,83,562,2.5,344,0.159,2,17.76,17.7,17.68,17.52,17.44,17.31,17.24,17.19,17.16,17.12,17.15,17.12,17.11,17.12,17.1,17.1,17.08,16.83,16.71,16.53,16.16,15.26,13.5,12.35,11.3,10.21,10.03,9.72,9.47,9.2,8.72,8.33,8.16,7.96,7.77,7.64,7.54,7.51,7.52,4.5,1,3.3,342,4,355,4.9,13,7.7,13,7.7,21,8.7,14,9,40,12.5,23,11.1,45
2026-09-25 15:20:00,1024.2,19.4,79,522,3,8,0.131,1.9,17.78,17.71,17.65,17.57,17.39,17.34,17.21,17.17,17.16,17.13,17.17,17.13,17.1,17.11,17.08,17.09,17,16.83,16.72,16.38,16.2,15.46,13.5,12.32,10.98,10.16,9.9,9.71,9.41,9.18,8.69,8.24,8.15,7.95,7.77,7.65,7.55,7.52,7.54,8.7,331,4.8,11,5.8,39,7.1,43,7.5,49,7.2,46,6.5,10,8.6,28,10.7,23,11,NA
2026-09-25 15:40:00,1024,19.5,78,469,2.8,12,0.112,1.7,17.8,17.71,17.66,17.51,17.41,17.34,17.21,17.19,17.17,17.14,17.17,17.13,17.09,17.09,17.06,17.06,16.96,16.87,16.76,16.54,16.26,15.67,13.74,12.26,11.3,10.1,9.88,9.71,9.33,9.16,8.72,8.32,8.14,7.96,7.8,7.67,7.55,7.53,7.55,8.3,305,2.3,329,3.3,0,7.3,5,5.8,34,5.7,47,8.4,74,8.3,52,7.1,47,7.5,27
2026-09-25 16:00:00,1023.9,19.7,76,430,2.8,4,0.106,1.8,17.77,17.67,17.66,17.52,17.38,17.27,17.2,17.19,17.18,17.15,17.17,17.11,17.08,17.07,17.03,17.03,16.93,16.88,16.74,16.54,16.26,15.55,13.7,12.15,11.51,10.16,9.95,9.74,9.47,9.21,8.67,8.33,8.13,7.96,7.82,7.66,7.56,7.53,7.56,2.7,359,3.5,25,8.5,24,2.8,27,6.3,105,7.9,91,7,50,6,15,10.7,16,10.7,15
2026-09-25 16:20:00,1023.7,20,75,377,3.9,0,0.127,1.8,17.77,17.7,17.61,17.58,17.53,17.34,17.21,17.19,17.19,17.17,17.17,17.12,17.07,17.07,17.03,17.03,16.96,16.88,16.79,16.53,16.29,15.63,13.54,12.14,11.72,10.23,9.93,9.76,9.56,9.23,8.7,8.44,8.15,7.96,7.8,7.64,7.57,7.54,7.56,2.8,238,2.5,329,2.9,64,4.1,73,6.8,22,7.4,63,5.8,59,12.2,59,11.1,53,7.6,39
2026-09-25 16:40:00,1023.4,20.1,73,260,4.1,352,0.169,2.2,17.76,17.74,17.69,17.52,17.39,17.33,17.2,17.2,17.2,17.18,17.2,17.11,17.07,17.05,17,17.01,16.95,16.84,16.74,16.44,16.29,15.52,13.29,11.78,11.38,10.23,9.88,9.72,9.2,9.08,8.72,8.42,8.14,7.97,7.79,7.68,7.6,7.55,7.57,7.4,309,6.2,10,6.3,36,10.3,51,8.1,35,6.6,33,5.1,56,11.8,51,12.5,54,13,35
2026-09-25 17:00:00,1023.3,20.3,73,273,4.4,1,0.175,2.1,17.77,17.74,17.69,17.6,17.42,17.34,17.21,17.21,17.21,17.18,17.2,17.13,17.09,17.05,17.01,17,16.97,16.87,16.8,16.39,16.31,15.7,13.43,12.01,11.48,10.22,9.84,9.72,9.18,8.99,8.72,8.35,8.13,7.96,7.8,7.7,7.62,7.55,7.58,7.4,321,5.9,34,8.2,25,5.1,24,5.3,29,12.3,58,8.8,55,8.8,45,11.3,59,12.9,36
2026-09-25 17:20:00,1023.2,20.3,72,149,4.4,360,0.235,2.2,17.71,17.65,17.66,17.59,17.5,17.49,17.32,17.28,17.22,17.19,17.22,17.16,17.09,17.06,17.01,17.01,16.92,16.83,16.75,16.51,16.31,15.53,12.71,11.84,11.38,10.37,9.78,9.7,9.44,9.17,8.81,8.37,8.14,7.94,7.72,7.69,7.62,7.58,7.57,5.5,315,3.8,23,6.4,34,5.6,28,3.4,68,7.1,55,7.6,73,5,50,8.1,23,13.6,44
2026-09-25 17:40:00,1023,20,74,158,4.3,351,0.251,2.4,17.63,17.6,17.61,17.59,17.58,17.53,17.42,17.31,17.24,17.2,17.23,17.16,17.12,17.08,17.01,17,16.98,16.82,16.81,16.68,16.32,15.69,13.72,12.37,11.33,10.21,9.78,9.61,9.37,9.12,8.65,8.31,8.06,7.91,7.72,7.69,7.64,7.6,7.58,7.8,312,7.6,338,5.1,13,5.4,19,5.8,66,8.2,77,11.3,71,11.1,53,7.9,37,NA,24
2026-09-25 18:00:00,1022.9,19.8,76,67,3.5,352,0.228,2.4,17.57,17.54,17.56,17.53,17.49,17.41,17.32,17.28,17.23,17.19,17.2,17.11,17.09,17.09,17.03,17.02,17,16.84,16.76,16.69,16.32,15.99,13.81,12.5,11.47,10.38,9.67,9.5,9.21,9.1,8.65,8.3,8.13,7.94,7.72,7.72,7.64,7.6,7.59,7.4,303,7.7,340,7.1,349,3.2,20,6.9,64,11.6,67,7.5,51,7.8,45,11.6,22,10.5,29
2026-09-25 18:20:00,1022.7,19.5,77,56,3.5,342,0.209,2.3,17.55,17.52,17.53,17.5,17.48,17.42,17.33,17.27,17.25,17.2,17.2,17.1,17.04,17.06,17.02,17.01,17.01,16.9,16.77,16.63,16.31,15.69,13.75,12.45,11.3,10.42,9.87,9.63,9.42,9.15,8.57,8.37,8.21,7.97,7.81,7.74,7.65,7.59,7.61,8.1,325,4.2,336,4.9,38,9.3,23,10.1,37,12.4,54,10.3,51,10.8,48,11.7,31,12.4,46
2026-09-25 18:40:00,1022.5,19.9,72,9,3.7,346,0.179,2.2,17.52,17.5,17.52,17.49,17.5,17.47,17.43,17.35,17.27,17.22,17.24,17.15,17.06,17.03,16.99,17.01,17,16.92,16.82,16.66,16.31,15.33,13.49,12.2,11.43,10.5,9.92,9.69,9.36,9.16,8.48,8.24,8.15,7.98,7.86,7.75,7.67,7.59,7.61,7.3,324,4,344,4.4,6,6.2,38,5.4,57,6.8,65,8.2,33,11.2,23,12.1,23,11.4,35
2026-09-25 19:00:00,1022.5,20.1,68,0,4.2,331,0.164,2.3,17.5,17.48,17.5,17.47,17.47,17.46,17.42,17.37,17.33,17.25,17.28,17.24,17.16,17.11,17,17.01,17,16.94,16.83,16.68,16.32,15.09,13.69,12.2,11.28,10.34,9.9,9.65,9.42,9.18,8.64,8.23,8.08,7.94,7.88,7.84,7.71,7.65,7.62,3.6,330,5.8,342,6,15,5.7,28,2.2,24,5.8,65,6.4,82,4.9,28,6.9,39,9.4,46
2026-09-25 19:20:00,1022.2,20.1,67,0,4.9,348,0.161,2.2,17.49,17.46,17.48,17.46,17.47,17.48,17.45,17.41,17.36,17.26,17.29,17.26,17.23,17.14,17.07,17.02,17,16.93,16.89,16.71,16.41,15.41,13.47,12.05,11.1,10.24,9.83,9.6,9.4,9.18,8.61,8.21,8.08,7.96,7.86,7.84,7.77,7.71,7.69,5.7,319,4.4,335,4.8,293,2.7,279,0.7,94,6.5,64,6.7,68,9.2,51,6.5,29,8.4,45
2026-09-25 19:40:00,1022.2,19.3,75,0,4.6,348,0.166,2.1,17.46,17.44,17.45,17.43,17.44,17.45,17.42,17.43,17.4,17.37,17.31,17.27,17.25,17.24,17.13,17.11,17.03,16.93,16.9,16.82,16.52,15.22,13.3,12.17,11.42,10.66,9.95,9.65,9.41,9.18,8.49,8.16,8.01,7.86,7.78,7.77,7.72,7.7,7.66,2.4,330,2.5,336,1.5,297,3.9,316,0.1,152,0.4,131,6.6,111,5.5,62,3.6,76,2.6,53
2026-09-25 20:00:00,1022.4,19.3,74,0,4.7,347,0.186,2.1,17.44,17.42,17.43,17.41,17.42,17.44,17.43,17.44,17.4,17.35,17.35,17.28,17.26,17.27,17.23,17.16,17.07,16.93,16.88,16.82,16.43,14.78,12.99,12.46,11.6,10.92,10.1,9.76,9.52,9.25,8.74,8.2,8.02,7.87,7.8,7.78,7.67,7.57,7.59,2.6,309,6.6,291,2.8,303,5.5,355,3.7,52,4.3,41,5.5,54,5.8,101,4.5,154,3.5,105
2026-09-25 20:20:00,1022.5,19,72,0,7.3,345,0.196,1.9,17.42,17.39,17.41,17.39,17.4,17.42,17.41,17.41,17.36,17.35,17.36,17.28,17.26,17.27,17.24,17.16,17.08,16.97,16.9,16.79,16.44,14.87,12.8,12.41,11.4,10.87,9.93,9.66,9.41,9.23,8.84,8.29,8.07,7.91,7.89,7.82,7.72,7.56,7.59,1.8,308,5.3,283,3.7,319,4.6,44,5.5,52,5.9,70,2.4,76,3.6,38,5.6,84,3.9,163
2026-09-25 20:40:00,1022.7,19,75,0,5.6,349,0.242,2.2,17.41,17.39,17.41,17.39,17.4,17.41,17.4,17.42,17.42,17.39,17.38,17.35,17.28,17.28,17.25,17.18,17.07,16.96,16.87,16.69,16.42,14.95,13.13,12.59,11.23,10.64,9.82,9.59,9.39,9.22,8.9,8.33,8.1,7.97,7.95,7.92,7.73,7.61,7.58,3.2,355,5.1,335,4.8,357,4.7,339,6.2,351,3.5,21,3.5,342,4.2,343,3,17,1.6,28
2026-09-25 21:00:00,1022.9,18.7,74,0,6,352,0.248,2.2,17.4,17.38,17.4,17.37,17.39,17.4,17.39,17.42,17.42,17.4,17.43,17.31,17.27,17.27,17.25,17.26,17.16,17,16.9,16.65,16.39,14.87,13.18,12.58,11.33,10.78,9.84,9.58,9.38,9.22,8.89,8.35,8.12,8,7.99,7.96,7.85,7.69,7.58,2.6,341,4.6,244,2.9,287,4.1,299,2.1,340,2.6,7,1.5,25,4.2,39,3.5,128,3.8,142
2026-09-25 21:20:00,1023,18.6,71,0,5.7,357,0.263,2.2,17.4,17.37,17.39,17.37,17.38,17.39,17.39,17.41,17.41,17.36,17.39,17.33,17.26,17.28,17.26,17.27,17.15,16.98,16.88,16.6,16.37,14.7,13,12.39,11.26,10.42,9.82,9.5,9.34,9.2,8.9,8.38,8.22,8.06,8.01,7.95,7.79,7.66,7.58,3.9,270,3.9,251,5.2,266,7,292,2,71,3.6,48,2.5,60,1.6,165,2.1,58,2.9,64
2026-09-25 21:40:00,1022.9,18.1,77,0,5,359,0.248,2.3,17.38,17.36,17.37,17.35,17.36,17.38,17.38,17.4,17.4,17.38,17.42,17.37,17.29,17.29,17.26,17.28,17.21,17.07,16.91,16.61,16.29,14.45,12.97,12.31,11.35,10.66,9.89,9.57,9.28,9.15,8.8,8.35,8.29,8.07,7.99,7.93,7.73,7.6,7.58,4.9,251,2.5,306,1.7,293,1.7,64,2,93,4.2,174,1.6,346,1.1,327,1.4,175,4.9,150
2026-09-25 22:00:00,1022.9,18,78,0,3.8,353,0.231,2.2,17.38,17.36,17.38,17.35,17.36,17.38,17.38,17.4,17.39,17.34,17.36,17.31,17.28,17.28,17.26,17.28,17.26,17.07,16.95,16.73,16.29,14.58,12.89,12.48,11.17,10.28,9.85,9.56,9.2,9.02,8.55,8.29,8.2,8.04,7.97,7.92,7.74,7.61,7.58,4.9,305,4.4,276,5.5,271,2.6,261,3.2,294,3.3,253,1.7,283,2.1,59,3.1,59,3.6,78
2026-09-25 22:20:00,1022.6,17.9,73,0,5.6,356,0.216,2.1,17.37,17.35,17.37,17.34,17.35,17.37,17.37,17.39,17.39,17.37,17.4,17.37,17.32,17.29,17.26,17.26,17.24,17.12,16.97,16.73,16.26,14.74,12.82,12.47,11.38,10.51,9.96,9.56,9.14,8.95,8.54,8.27,8.13,7.99,7.89,7.81,7.73,7.58,7.58,2,140,3.4,360,2.9,51,2.6,13,2.9,28,3.3,6,2.4,274,3,99,0.3,312,2,215
2026-09-25 22:40:00,1022.6,17.7,74,0,6,344,0.231,2.3,17.37,17.35,17.37,17.35,17.36,17.37,17.37,17.39,17.39,17.36,17.4,17.37,17.33,17.29,17.26,17.26,17.24,17.07,16.98,16.75,15.97,14.93,12.99,12.34,11.27,10.69,10.04,9.47,9.07,8.92,8.57,8.34,8.14,8.01,7.89,7.85,7.74,7.58,7.58,1.8,19,3,109,0.2,161,0.6,277,1.3,242,2.4,118,2.1,125,3,194,3.1,110,2.2,121
2026-09-25 23:00:00,1022.5,17.9,72,0,5.5,348,0.222,2.2,17.37,17.35,17.36,17.34,17.35,17.36,17.36,17.38,17.38,17.36,17.39,17.36,17.32,17.3,17.26,17.27,17.26,17.22,17.02,16.74,16.1,14.87,13.23,12.29,11.16,10.87,10.07,9.51,9.02,8.93,8.49,8.19,8.1,8,7.9,7.84,7.75,7.57,7.58,2.5,46,3.4,33,5.4,15,4,88,0.8,126,2,90,3.4,139,2.5,108,3.5,99,2.8,114
2026-09-25 23:20:00,1022.5,17.6,74,0,5.3,350,0.232,2.3,17.35,17.33,17.35,17.32,17.34,17.36,17.36,17.38,17.38,17.36,17.39,17.36,17.34,17.36,17.34,17.31,17.28,17.23,16.93,16.66,15.83,14.77,13.05,12.24,11.12,10.83,10.27,9.37,9.01,8.84,8.46,8.16,8.09,7.98,7.87,7.83,7.75,7.57,7.59,1.8,195,5.9,74,3.7,29,3.4,46,5.9,69,3.8,57,1.8,35,1.2,356,2.5,95,2.7,115
2026-09-25 23:40:00,1022.3,17.6,73,0,8,346,0.226,2.2,17.35,17.33,17.34,17.32,17.33,17.35,17.35,17.37,17.37,17.35,17.39,17.36,17.34,17.36,17.34,17.35,17.32,17.25,17.09,16.73,15.92,14.82,12.92,12.21,11.09,10.79,10.01,9.23,8.98,8.88,8.45,8.14,8.08,7.98,7.85,7.83,7.74,7.58,7.59,3,187,1.4,288,1.4,212,1.7,292,2.2,220,5.2,260,1.2,289,3.6,76,1.2,119,0.4,212
2026-09-26,1022.1,17.4,75,0,4.8,348,0.22,2.1,17.34,17.31,17.35,17.32,17.33,17.35,17.35,17.37,17.37,17.35,17.38,17.35,17.33,17.35,17.33,17.36,17.33,17.27,17.19,16.63,15.86,14.77,13.21,12.09,11.07,10.67,9.84,9.13,8.95,8.78,8.42,8.07,8.06,7.97,7.83,7.83,7.75,7.61,7.59,4.1,118,4,62,1.3,23,8.1,49,5.1,67,5.3,120,3.8,109,6.7,170,2.6,36,2.9,0
2026-09-26 00:20:00,1022,17.2,74,0,6.7,336,0.225,2.2,17.34,17.31,17.33,17.31,17.32,17.34,17.33,17.35,17.36,17.34,17.38,17.35,17.33,17.35,17.34,17.36,17.36,17.33,17.11,16.59,15.74,14.67,13.35,12.27,11.34,10.71,9.8,9.12,8.98,8.76,8.4,8.07,8.03,7.97,7.87,7.84,7.75,7.63,7.58,2.1,195,7.2,183,5.5,204,3.8,168,5.4,226,7.1,219,4.3,217,4.2,213,3.5,247,4.2,181
2026-09-26 00:40:00,1021.8,17.2,74,0,6.5,339,0.231,2.3,17.34,17.32,17.34,17.31,17.32,17.34,17.33,17.35,17.35,17.33,17.36,17.34,17.32,17.34,17.33,17.35,17.36,17.28,17.14,16.78,16.03,14.89,13.71,12,10.83,10.02,9.4,9.06,8.98,8.87,8.43,8.1,8.07,7.97,7.9,7.84,7.76,7.65,7.58,6.5,181,4.2,181,5,183,2,214,4.1,212,3.5,159,4.2,157,9.1,195,5.9,164,4.1,194
2026-09-26 01:00:00,1021.7,16.9,75,0,5.5,337,0.258,2.2,17.33,17.3,17.32,17.3,17.32,17.33,17.33,17.35,17.35,17.33,17.36,17.33,17.32,17.34,17.33,17.35,17.35,17.34,17.33,16.99,16.4,15.23,14.09,11.9,10.87,9.97,9.67,9.14,9.04,8.79,8.42,8.15,8.09,7.98,7.91,7.84,7.75,7.65,7.58,4,188,4.1,143,4.1,174,7.1,194,5.7,221,5.4,146,6,136,6.6,180,7,184,8.6,195
2026-09-26 01:20:00,1021.6,16.6,75,0,4.2,321,0.248,2.4,17.32,17.3,17.32,17.3,17.31,17.32,17.32,17.35,17.35,17.33,17.37,17.33,17.32,17.34,17.33,17.35,17.34,17.32,17.3,17.02,16.33,15.04,13.99,12.03,10.97,9.93,9.76,9.52,9.04,8.89,8.38,8.07,8.03,7.97,7.88,7.83,7.74,7.57,7.58,2.3,348,4.9,238,1.5,232,3,226,5.2,246,2.7,216,5.9,248,5.8,174,7.2,189,6.3,202
2026-09-26 01:40:00,1021.4,16.4,76,0,4.9,333,0.252,2.4,17.35,17.34,17.36,17.34,17.35,17.36,17.36,17.38,17.38,17.35,17.38,17.35,17.32,17.33,17.32,17.34,17.35,17.33,17.3,17.27,17.06,15.81,14.47,11.76,10.8,9.7,9.58,9.04,8.81,8.77,8.42,8.14,8.07,7.98,7.88,7.83,7.74,7.61,7.59,5.7,182,4.4,166,5.5,215,4.2,202,5.4,186,4.8,219,6.6,263,0.7,328,1.4,92,4.9,130
2026-09-26 02:00:00,1021.3,16.4,75,0,5.7,349,0.268,2.3,17.36,17.34,17.35,17.32,17.33,17.34,17.34,17.36,17.36,17.34,17.38,17.34,17.33,17.35,17.34,17.35,17.35,17.33,17.34,17.34,16.63,15.31,14.69,12.36,11.19,10.64,9.78,9.57,9.14,8.77,8.33,8.04,8.01,7.96,7.85,7.83,7.74,7.59,7.59,4.4,162,8.6,240,4.3,269,5.9,263,6,283,1.6,222,8.4,261,4.7,248,3,286,1.3,338
2026-09-26 02:20:00,1021,16.2,76,0,5.9,355,0.288,2.4,17.41,17.39,17.41,17.39,17.41,17.42,17.42,17.44,17.44,17.37,17.4,17.35,17.32,17.35,17.34,17.35,17.35,17.33,17.32,17.29,17.03,15.55,14.65,12.43,10.95,10.52,9.56,9.42,8.96,8.73,8.39,8.12,8.05,7.96,7.85,7.84,7.74,7.57,7.6,9.8,201,11.3,221,7.3,203,10.3,183,11.3,199,14.1,204,11,221,7.3,225,6.2,254,2.9,215
2026-09-26 02:40:00,1020.6,16.3,76,0,8.1,351,0.3,2.5,17.42,17.4,17.42,17.39,17.41,17.41,17.39,17.42,17.42,17.4,17.41,17.35,17.33,17.34,17.33,17.34,17.34,17.32,17.25,17.01,16.68,15.8,15.11,12.78,11.02,10.5,9.5,9.28,8.88,8.68,8.35,8.08,8.03,7.94,7.86,7.85,7.74,7.65,7.6,6.9,179,9.3,161,8.2,184,4.7,215,4.4,200,2.9,197,2.6,169,4.8,204,4.3,227,1.8,208
2026-09-26 03:00:00,1020.4,16.1,77,0,6.4,359,0.316,2.4,17.41,17.4,17.41,17.38,17.39,17.41,17.4,17.42,17.42,17.4,17.43,17.38,17.38,17.4,17.32,17.34,17.28,17.12,16.67,16.57,16.29,15.78,15.28,12.8,10.88,10.49,9.36,9.34,8.99,8.82,8.43,8.09,8.04,7.93,7.86,7.85,7.75,7.7,7.6,12.3,186,5.5,177,7.5,196,4.3,185,8.4,219,7.7,221,6.4,234,1.5,150,4.3,173,2.3,293
2026-09-26 03:20:00,1020.5,16,77,0,6,3,0.339,2.6,17.4,17.38,17.39,17.38,17.39,17.4,17.4,17.41,17.4,17.38,17.41,17.37,17.35,17.35,17.33,17.32,17.27,17.19,16.88,16.76,16.63,16.39,14.93,11.99,10.77,10.45,9.28,9.28,9.16,8.83,8.54,8.12,8.07,7.96,7.92,7.87,7.76,7.72,7.62,16.4,186,12.3,201,12.3,187,10,202,9.4,210,7.2,191,3.5,225,6.5,210,3.4,231,4.5,272
2026-09-26 03:40:00,1020.4,15.9,77,0,4.9,355,0.33,2.6,17.4,17.37,17.39,17.37,17.38,17.39,17.39,17.41,17.42,17.39,17.42,17.37,17.35,17.35,17.35,17.3,17.07,16.93,16.8,16.68,16.58,16.28,14.62,12.04,10.78,10.28,9.21,9.13,9.07,8.91,8.57,8.45,8.17,8.03,7.96,7.91,7.8,7.73,7.66,1.4,143,1.4,291,5,185,5.8,231,6.8,218,2.5,247,0.6,222,3.2,255,7,256,1.9,302
2026-09-26 04:00:00,1020.1,15.9,76,0,5.3,348,0.323,2.4,17.39,17.38,17.39,17.37,17.38,17.4,17.39,17.4,17.41,17.38,17.41,17.37,17.36,17.38,17.36,17.37,17.27,17.13,17.03,16.92,16.78,16.55,15.09,12.14,10.7,9.38,9.1,9.07,8.74,8.69,8.54,8.17,8.07,7.97,7.93,7.89,7.76,7.72,7.63,11.5,188,8,198,6.3,220,6,229,5.1,215,1.1,219,2.7,267,4,207,1.3,242,4.3,238
2026-09-26 04:20:00,1019.9,16,78,0,5.8,359,0.293,2.6,17.39,17.37,17.4,17.38,17.38,17.4,17.39,17.41,17.41,17.4,17.43,17.39,17.35,17.37,17.34,17.33,17.3,17.18,17.04,16.98,16.85,16.49,14.33,11.43,10.56,9.58,9.06,9.05,8.84,8.72,8.52,8.13,8.04,7.99,7.91,7.88,7.76,7.72,7.64,13.2,140,6,170,5.3,184,4.8,180,6.6,164,4.8,181,3.6,223,3.6,252,1.2,198,4.9,311
2026-09-26 04:40:00,1019.5,15.9,78,0,6.7,356,0.314,2.5,17.4,17.38,17.4,17.37,17.38,17.4,17.39,17.41,17.41,17.39,17.43,17.39,17.36,17.39,17.35,17.36,17.32,17.23,17.1,17.01,16.95,16.47,14.61,11.39,10.79,10,9.07,9.02,8.89,8.74,8.72,8.45,8.06,7.98,7.9,7.9,7.76,7.71,7.64,6.6,196,4.1,231,5.5,211,5.5,213,6.1,209,3,242,3,268,2.6,247,0.4,233,6.6,252
2026-09-26 05:00:00,1019.8,15.8,76,0,7.6,1,0.343,2.6,17.4,17.38,17.4,17.37,17.38,17.4,17.4,17.41,17.42,17.39,17.42,17.38,17.36,17.33,17.3,17.32,17.21,17.14,17.03,16.99,16.84,16.5,14.47,11.42,10.5,10.01,9.07,9,8.93,8.83,8.73,8.46,8.11,7.99,7.9,7.89,7.79,7.71,7.66,5,167,7.3,177,7.6,189,9.7,213,8.8,200,7.8,202,5.9,172,1.2,67,2.5,120,2.2,211
2026-09-26 05:20:00,1019.7,15.8,77,0,7.6,355,0.376,2.8,17.4,17.37,17.39,17.37,17.38,17.4,17.4,17.42,17.41,17.38,17.41,17.36,17.34,17.34,17.33,17.31,17.27,17.21,17.11,17.06,17.01,16.57,14.56,11.65,10.4,9.98,9.01,8.95,8.82,8.82,8.75,8.4,8.07,7.98,7.91,7.89,7.79,7.66,7.66,9.7,142,11,173,10.4,181,8.2,183,9.5,176,5.7,204,4.1,176,6.3,186,3.8,163,5.5,135
2026-09-26 05:40:00,1019.6,15.8,77,0,8.1,1,0.39,2.6,17.37,17.35,17.37,17.34,17.35,17.37,17.37,17.39,17.39,17.36,17.4,17.35,17.33,17.35,17.32,17.33,17.26,17.15,17.12,17.04,17.05,16.65,14.89,12.07,10.65,10.14,9.16,8.9,8.86,8.83,8.62,8.28,8.1,7.92,7.9,7.87,7.76,7.69,7.66,9.9,184,7.3,164,10.6,186,5.4,166,5.3,176,7.7,173,5.2,163,5.5,181,5.3,114,6.1,138
2026-09-26 06:00:00,1019.7,15.6,78,0,7.4,10,0.384,2.7,17.35,17.33,17.35,17.33,17.33,17.35,17.35,17.37,17.36,17.35,17.36,17.33,17.32,17.34,17.27,17.28,17.22,17.2,17.15,17.04,16.94,16.51,14.15,12.29,10.26,9.94,9.14,8.99,8.77,8.74,8.68,8.39,8.15,8.01,7.89,7.87,7.81,7.71,7.7,5.9,204,5.8,169,7.1,208,12,187,8.7,202,4.6,197,5.4,197,6.8,192,6.5,205,5.1,171
2026-09-26 06:20:00,1020.2,15.5,81,0,7.9,12,0.38,2.5,17.33,17.31,17.33,17.31,17.33,17.34,17.34,17.36,17.36,17.33,17.37,17.34,17.33,17.33,17.31,17.28,17.25,17.2,16.98,16.7,16.49,15.82,14.43,12.33,10.42,10,9.68,8.87,8.71,8.69,8.63,8.45,8.19,8.02,7.88,7.86,7.75,7.7,7.73,7.8,188,8,190,10.6,163,9.8,177,10,162,10.2,153,6.6,151,8.4,161,6.2,181,6.1,192
2026-09-26 06:40:00,1020.1,15.3,79,0,8.4,10,0.366,2.7,17.31,17.29,17.31,17.29,17.3,17.3,17.3,17.33,17.34,17.32,17.35,17.32,17.3,17.32,17.31,17.17,17.15,17.07,17.01,16.96,16.76,15.62,14.8,12.58,10.16,9.93,9.51,8.96,8.66,8.63,8.57,8.4,8.26,8.04,7.89,7.86,7.76,7.73,7.71,5.3,111,1.1,206,5.1,218,7.7,242,3.6,209,6.5,190,7,201,4.5,191,5.7,146,8.6,139
2026-09-26 07:00:00,1020.4,15.3,82,5,9,356,0.386,2.8,17.28,17.26,17.29,17.26,17.27,17.29,17.29,17.3,17.3,17.28,17.31,17.25,17.22,17.17,17.14,17.14,17.11,17.02,16.96,16.85,16.7,15.95,14.46,12.98,10.42,9.97,9.81,9.03,8.81,8.77,8.58,8.44,8.41,8.11,7.94,7.86,7.78,7.69,7.63,9.9,185,8.7,221,6.2,178,10.4,177,10.2,156,9.8,191,10.3,191,8.5,216,10,204,7.1,206
2026-09-26 07:20:00,1020.6,15,80,24,7.5,354,0.433,2.9,17.24,17.22,17.23,17.21,17.22,17.21,17.19,17.2,17.18,17.16,17.19,17.15,17.12,17.13,17.12,17.13,17.13,17.1,17.07,16.98,16.73,16.13,14.11,12.77,10.59,9.83,9.77,9.42,8.96,8.73,8.53,8.4,8.44,8.06,7.96,7.88,7.8,7.71,7.66,6,218,10.8,201,12.7,209,9.6,231,7.2,249,11.5,245,12.5,233,10.1,244,10.6,233,14,235
2026-09-26 07:40:00,1020.6,14.8,83,46,7.4,13,0.416,2.9,17.15,17.09,17.1,17.07,17.08,17.1,17.1,17.12,17.12,17.1,17.14,17.11,17.09,17.11,17.1,17.12,17.12,17.11,17.1,17.1,16.79,16.45,15.19,12.94,10.72,9.92,9.72,9.64,9.15,8.96,8.77,8.39,8.4,8.17,7.95,7.9,7.81,7.66,7.66,10.1,196,8.5,220,10.4,222,14.1,209,11.3,219,13,219,12.6,220,11,217,7.9,227,9.5,222
2026-09-26 08:00:00,1020.4,14.8,84,81,8,1,0.381,2.7,17.1,17.08,17.09,17.07,17.08,17.1,17.1,17.12,17.12,17.1,17.14,17.1,17.09,17.11,17.1,17.11,17.12,17.1,17.09,17.01,16.92,16.55,14.89,13.03,10.85,9.87,9.6,9.55,9.19,8.95,8.6,8.34,8.4,8.16,7.92,7.9,7.81,7.67,7.67,8.8,170,9.4,209,8.3,219,12.9,204,11.4,207,10.5,188,11.6,185,9.6,192,11,188,10,190
2026-09-26 08:20:00,1020.6,14.7,81,126,7.9,346,0.381,2.8,17.12,17.1,17.11,17.1,17.11,17.12,17.1,17.12,17.13,17.11,17.15,17.12,17.11,17.11,17.09,17.11,17.11,17.1,17.09,17.07,16.89,16.15,13.64,12.58,10.81,9.84,9.52,9.47,9.15,8.93,8.66,8.33,8.37,8.17,8.01,7.84,7.73,7.69,7.69,11.8,168,12.4,180,3.9,207,6.1,167,8.3,180,12.2,185,9.2,172,10.7,173,8.9,191,11.7,204
2026-09-26 08:40:00,1020.7,14.7,83,164,6.9,10,0.393,2.6,17.13,17.11,17.13,17.1,17.11,17.13,17.13,17.15,17.15,17.12,17.16,17.13,17.12,17.14,17.12,17.14,17.14,17.12,17.11,17.05,16.73,14.98,13.06,11.41,10.45,9.68,9.45,9.38,9.18,8.95,8.67,8.3,8.32,8.21,8.06,7.82,7.71,7.67,7.69,12.7,164,9.3,160,7.3,180,4.1,206,9,200,7.5,218,8.3,213,7.3,238,7.7,218,8.2,203
2026-09-26 09:00:00,1020.5,14.7,83,265,7,4,0.371,2.8,17.14,17.11,17.12,17.1,17.11,17.12,17.12,17.14,17.14,17.12,17.16,17.13,17.11,17.13,17.11,17.13,17.13,17.11,17.1,17.04,16.92,16.45,13,10.67,9.85,9.44,9.32,9.16,8.96,8.88,8.71,8.34,8.1,7.95,7.93,7.92,7.78,7.68,7.68,4.3,116,3,174,9.7,160,10,164,10.1,167,10.9,181,10.4,165,6.4,178,7.3,191,6.7,207
2026-09-26 09:20:00,1020.4,14.7,84,279,8.2,359,0.375,2.7,17.13,17.1,17.11,17.09,17.1,17.11,17.11,17.11,17.11,17.09,17.11,17.09,17.08,17.08,17.08,17.09,17.08,17.06,17.06,17.04,17,16.53,13.11,11.47,9.85,9.43,9.32,9.23,9.01,8.94,8.66,8.33,8.09,7.9,7.87,7.85,7.72,7.66,7.67,8.1,125,7.2,147,4.6,166,4.1,208,2.4,139,4.1,137,7,159,4,139,7.2,146,5.1,158
2026-09-26 09:40:00,1020.5,14.8,84,303,8.3,3,0.38,2.7,17.07,17.04,17.05,17.03,17.04,17.05,17.05,17.07,17.05,17.03,17.06,17.03,17.02,17.03,17.01,17.03,17.03,17,17,16.98,16.98,16.92,15.27,11.78,10.17,9.69,9.37,9.23,9.04,8.96,8.8,8.45,8.02,7.91,7.87,7.83,7.67,7.62,7.61,8.2,169,11.2,185,13.1,193,14.3,193,9.7,198,10.3,189,11.7,192,14,199,11.7,183,13.6,175
2026-09-26 10:00:00,1020.8,14.9,84,284,8,4,0.349,2.7,17.09,17.07,17.08,17.06,17.07,17.06,17.05,17.07,17.07,17.04,17.07,17.03,17.02,17.04,17.03,17.03,17.03,16.99,17,17.01,17.03,16.99,16.36,12.39,9.88,9.61,9.25,9.2,9.1,8.99,8.84,8.4,8.01,7.93,7.88,7.85,7.72,7.5,7.51,28.8,195,29.7,200,27.6,199,24.9,204,20.7,208,18.6,197,16.2,197,16.5,209,13.6,209,11.7,207
2026-09-26 10:20:00,1021,15.1,84,313,7.1,1,0.346,2.7,17.14,17.11,17.13,17.09,17.09,17.1,17.11,17.11,17.09,17.06,17.07,17.03,17.01,17.02,17,17.01,17.01,17,16.99,16.93,16.88,16.67,15.36,10.9,9.65,9.46,9.25,9.13,9.11,9.03,8.87,8.41,8.28,8,7.96,7.83,7.68,7.55,7.48,24.8,185,23.3,179,22.8,190,21,199,19.9,201,21.7,205,18.7,204,22.7,203,23.3,200,20.7,195
2026-09-26 10:40:00,1020.9,15.3,82,316,7,358,0.332,2.6,17.17,17.15,17.16,17.14,17.14,17.16,17.16,17.17,17.13,17.08,17.11,17.06,17.03,17.04,17.03,17.03,17.02,16.99,16.94,16.93,16.83,16.65,16.09,11.84,9.75,9.49,9.21,9.13,9.07,9.05,8.91,8.33,8.28,8,7.9,7.8,7.62,7.49,7.45,19.2,197,20.2,190,24.8,192,25.3,188,22.7,195,20.6,199,18,203,19.2,200,17.3,214,17.5,203
2026-09-26 11:00:00,1020.7,15.5,81,271,7.5,2,0.322,2.7,17.19,17.17,17.18,17.16,17.17,17.18,17.17,17.19,17.19,17.17,17.17,17.06,17.02,17.02,17,17.01,16.99,16.92,16.86,16.82,16.63,16.48,15.23,10.39,9.68,9.43,9.1,9.05,9.01,8.96,8.83,8.26,8.16,8.01,7.89,7.76,7.67,7.48,7.43,25.5,196,24.7,179,25.2,177,21.2,185,21.6,189,24.5,193,23.6,194,24.3,196,25.3,195,26.1,199
2026-09-26 11:20:00,1020.7,15.8,83,278,6.9,357,0.324,2.5,17.2,17.17,17.19,17.16,17.18,17.19,17.19,17.21,17.21,17.14,17.14,17.06,17.03,17.02,17,17,16.95,16.87,16.82,16.69,16.58,16.45,16.11,12.08,9.83,9.44,9.05,8.99,8.96,8.9,8.64,8.26,8.1,8,7.86,7.78,7.65,7.49,7.46,20.3,178,17.4,188,21,190,23.1,189,21.6,188,24.6,187,25.6,195,27.5,204,25.9,199,22.4,209
2026-09-26 11:40:00,1020.5,16,80,291,8.4,360,0.312,2.6,17.21,17.18,17.2,17.17,17.18,17.19,17.18,17.19,17.18,17.1,17.09,17.04,17.02,17.02,16.99,16.99,16.9,16.79,16.63,16.49,16.34,16.17,14.48,10.47,9.66,9.42,9.17,8.98,8.92,8.9,8.45,8.23,8.1,7.96,7.88,7.75,7.65,7.47,7.33,21.2,171,20.2,170,19.6,181,19.3,191,21.7,190,20.8,192,23.5,186,25.9,191,25.2,193,25.7,204
2026-09-26 12:00:00,1020.1,16.3,80,328,8.3,346,0.314,2.6,17.22,17.19,17.21,17.18,17.19,17.19,17.2,17.2,17.16,17.12,17.13,17.07,17.04,17.05,17.01,16.97,16.93,16.79,16.69,16.6,16.25,15.89,14.64,11.54,9.68,9.57,9.32,8.99,8.9,8.86,8.44,8.23,8.09,8,7.88,7.73,7.62,7.47,7.35,22.4,180,21.6,185,19.2,173,22.6,180,19.1,192,21.9,204,26.1,198,25.5,200,23.3,196,NA,199
2026-09-26 12:20:00,1020,16.8,80,382,6.1,356,0.298,2.8,17.23,17.21,17.22,17.19,17.19,17.19,17.18,17.2,17.16,17.13,17.13,17.08,17.05,17.06,17.04,17.04,17.01,16.9,16.73,16.62,16.56,15.6,14.46,10.52,9.63,9.55,9.14,8.98,8.88,8.8,8.41,8.21,8.14,7.97,7.91,7.71,7.6,7.48,7.33,24.4,179,23.9,175,22.9,175,20.8,188,22.6,191,23.5,194,24.5,189,22.3,194,27,190,26.2,196
2026-09-26 12:40:00,1019.7,17.1,78,694,5.5,11,0.285,2.7,17.28,17.24,17.25,17.22,17.23,17.23,17.19,17.19,17.18,17.14,17.15,17.11,17.08,17.09,17.05,17.06,17.05,16.96,16.8,16.59,16.46,15.03,13.92,9.77,9.64,9.39,8.99,8.96,8.87,8.69,8.36,8.22,8.08,7.96,7.74,7.68,7.51,7.4,7.22,21.1,172,18.6,183,22.7,189,26.4,184,22.3,200,24.8,197,21.6,196,22.8,197,21.3,198,21.2,195
2026-09-26 13:00:00,1019.4,17.5,78,742,5.8,355,0.271,2.6,17.3,17.26,17.27,17.22,17.22,17.23,17.21,17.2,17.19,17.16,17.18,17.14,17.12,17.13,17.07,17.07,17.04,16.85,16.63,16.5,16.37,15.18,12.51,9.75,9.63,9.29,8.96,8.92,8.86,8.73,8.36,8.21,8.11,7.97,7.78,7.69,7.53,7.37,7.26,24.4,190,20.2,188,21.1,194,25,194,20.4,197,22.8,191,23.6,196,21,202,19.2,204,19.6,205
2026-09-26 13:20:00,1019,17.8,78,574,6.7,347,0.262,2.5,17.32,17.28,17.3,17.27,17.26,17.24,17.22,17.23,17.19,17.17,17.19,17.15,17.13,17.13,17.12,17.09,17.08,16.71,16.46,16.38,15.84,14.96,13.92,9.99,9.7,9.3,8.92,8.92,8.85,8.75,8.33,8.18,8.06,7.96,7.75,7.61,7.54,7.35,7.27,24.2,178,20.8,183,21.5,181,20.2,196,20.6,203,20.3,197,19.3,198,19.7,202,18.7,204,15.7,193
2026-09-26 13:40:00,1018.8,18,78,474,6.2,2,0.293,2.7,17.33,17.31,17.31,17.29,17.29,17.3,17.24,17.25,17.19,17.17,17.21,17.17,17.16,17.15,17.14,17.14,16.98,16.61,16.44,16.3,15.69,15.26,13.49,10.25,9.62,9.22,8.92,8.9,8.87,8.77,8.34,8.21,8.02,7.96,7.77,7.64,7.48,7.32,7.29,26.7,177,24.8,177,26.1,185,24.5,189,23.7,189,20,188,22.3,195,22.6,200,23.3,204,20.3,209
2026-09-26 14:00:00,1018.6,18.1,81,482,4.9,360,0.299,2.7,17.35,17.29,17.31,17.28,17.27,17.27,17.23,17.24,17.23,17.18,17.22,17.16,17.14,17.15,17.14,17.15,16.95,16.85,16.42,16.26,16.01,15.16,12.32,9.98,9.86,9.25,8.87,8.89,8.85,8.65,8.33,8.14,8.04,7.96,7.74,7.66,7.49,7.29,7.27,19.2,188,21.5,179,23.2,191,20.4,198,22.7,197,27.7,189,22.7,191,19.9,201,18.4,192,20.7,198
2026-09-26 14:20:00,1018.6,18.6,74,268,6.1,359,0.258,2.6,17.36,17.34,17.34,17.31,17.3,17.27,17.23,17.23,17.23,17.21,17.23,17.18,17.14,17.14,17.09,17.07,16.87,16.52,16.38,16.21,16.1,15.12,11.56,10.09,9.82,9.23,8.85,8.86,8.81,8.71,8.39,8.18,8.1,8,7.8,7.72,7.56,7.36,7.27,20.3,179,17,185,17.8,191,18.6,183,21.5,183,24.5,192,21.4,186,21.1,194,19.1,203,20.6,194
2026-09-26 14:40:00,1018.3,18.6,74,247,4.8,13,0.26,2.4,17.36,17.34,17.35,17.32,17.31,17.31,17.29,17.25,17.23,17.2,17.23,17.18,17.17,17.18,17.14,17.09,16.69,16.49,16.32,16.09,16.01,15.19,11.32,10.19,9.69,9.22,8.82,8.83,8.76,8.62,8.27,8.18,8.1,7.96,7.79,7.7,7.49,7.34,7.28,18.9,174,19.9,170,18.3,168,20,191,22.8,197,21.2,197,23.6,207,20.2,197,19.4,198,19.9,203
2026-09-26 15:00:00,1018.1,19.1,73,314,6.3,356,0.277,2.3,17.36,17.33,17.34,17.31,17.3,17.29,17.26,17.26,17.25,17.21,17.23,17.19,17.16,17.18,17.14,17.1,16.91,16.55,16.38,16.14,16.07,15.52,11.93,10.46,9.84,9.28,8.78,8.79,8.75,8.63,8.28,8.15,8.17,7.91,7.82,7.65,7.47,7.27,7.29,18,165,16.8,172,17.3,179,16.4,183,19.1,185,19.6,188,14.5,186,17,196,18.9,191,16.7,202
2026-09-26 15:20:00,1018.1,19.2,73,309,6.1,359,0.284,2.4,17.37,17.35,17.36,17.33,17.33,17.34,17.33,17.31,17.25,17.22,17.25,17.19,17.17,17.17,17.15,17.13,16.98,16.71,16.44,16.24,16.11,15.63,12.6,10.44,9.74,9.18,8.89,8.77,8.75,8.73,8.37,8.17,8.16,7.96,7.84,7.69,7.56,7.33,7.27,19.4,168,19.3,184,17.2,198,20.7,193,19.5,195,19,191,18.2,181,20.6,196,20.5,189,NA,195
2026-09-26 15:40:00,1017.9,19.2,72,245,5.7,357,0.303,2.5,17.38,17.36,17.37,17.34,17.35,17.36,17.31,17.29,17.26,17.2,17.23,17.19,17.17,17.18,17.16,17.17,17.03,16.82,16.53,16.26,15.97,15.64,12.59,10.03,9.76,9.02,8.87,8.76,8.74,8.75,8.52,8.18,8.22,7.99,7.88,7.72,7.59,7.42,7.32,18,165,18.1,173,17.6,181,18.6,186,19.3,187,18.3,193,20.5,183,21.1,193,20.2,196,16.6,191
2026-09-26 16:00:00,1017.9,19.2,74,243,5.6,354,0.306,2.7,17.39,17.36,17.37,17.34,17.34,17.35,17.32,17.27,17.22,17.18,17.21,17.17,17.16,17.17,17.14,17.1,16.87,16.71,16.4,16.12,15.91,15.78,12.99,10.06,9.88,9.44,8.88,8.75,8.72,8.71,8.38,8.19,8.25,8.03,7.92,7.75,7.59,7.39,7.35,18.8,180,17.9,175,19.4,181,20.2,183,17.8,190,15.4,190,14.4,193,20.6,191,17.9,198,13.6,181
2026-09-26 16:20:00,1017.7,19.3,73,244,5.7,1,0.294,2.5,17.37,17.35,17.36,17.32,17.31,17.29,17.24,17.23,17.22,17.19,17.2,17.17,17.16,17.16,17.12,16.9,16.84,16.68,16.54,16.33,15.99,15.89,14.38,10.04,9.8,9.15,8.8,8.72,8.67,8.6,8.41,8.21,8.14,7.94,7.84,7.75,7.61,7.47,7.29,18.3,175,17.1,174,13.9,170,14.2,172,16.2,184,17.6,194,13,181,13.2,179,14.7,191,14.9,191
2026-09-26 16:40:00,1017.7,19.3,73,273,6.2,356,0.29,2.6,17.35,17.32,17.34,17.31,17.31,17.32,17.27,17.24,17.21,17.17,17.2,17.16,17.14,17.15,17.13,16.92,16.83,16.66,16.48,16.11,15.95,15.69,13.99,10.19,10.03,9.64,9.1,8.92,8.71,8.62,8.48,8.26,8.24,7.98,7.83,7.77,7.64,7.5,7.37,19,176,17.9,185,18.9,177,14.6,179,17.7,179,17.5,191,15.8,193,15.1,192,16.8,199,17.2,196
2026-09-26 17:00:00,1017.4,19.6,70,374,6.6,2,0.285,2.5,17.34,17.31,17.32,17.29,17.29,17.27,17.22,17.22,17.2,17.16,17.19,17.15,17.13,17.14,16.87,16.83,16.77,16.57,16.3,16.08,15.87,14.87,14.26,10.25,9.88,9.52,9.27,9.05,8.69,8.63,8.49,8.32,8.31,8.04,7.82,7.77,7.63,7.42,7.32,19.9,165,18,165,20.6,173,18.4,173,18.6,181,22,189,18.1,189,18,190,18.6,189,17.2,196
2026-09-26 17:20:00,1017.2,19.6,69,282,5.8,357,0.301,2.6,17.33,17.3,17.32,17.3,17.29,17.29,17.27,17.26,17.21,17.17,17.2,17.15,17.13,17.12,16.9,16.85,16.78,16.57,16.3,16.07,16,14.99,13.58,11.62,9.86,9.17,8.91,8.73,8.63,8.55,8.49,8.29,8.17,7.81,7.77,7.73,7.56,7.42,7.34,19.3,168,20.5,180,19.3,173,18,184,14.1,169,16.9,162,18.4,171,16.8,187,15.6,188,13.5,197
2026-09-26 17:40:00,1017,19.5,72,197,6.6,357,0.291,2.5,17.3,17.27,17.28,17.25,17.25,17.27,17.24,17.21,17.19,17.16,17.18,17.14,17.12,17.09,16.88,16.83,16.72,16.49,16.16,16.05,15.83,14.93,13.61,10.45,9.8,9.12,8.84,8.75,8.67,8.62,8.47,8.24,8.08,7.79,7.79,7.68,7.52,7.39,7.33,19.1,157,16.9,164,15,174,14.8,182,16.5,191,21.6,184,20,173,14.4,183,16,183,13.9,184
2026-09-26 18:00:00,1016.8,19.4,72,135,6.9,351,0.316,2.5,17.27,17.24,17.25,17.23,17.23,17.17,17.15,17.16,17.16,17.13,17.17,17.13,17.09,17.04,16.84,16.84,16.73,16.51,16.37,16.14,16.01,15.27,12.98,9.97,9.77,9.08,8.79,8.76,8.67,8.58,8.49,8.08,7.95,7.84,7.79,7.64,7.51,7.39,7.35,21.4,177,17.7,174,19.3,183,18.9,175,18,176,18.7,188,19.3,183,15.7,181,15.4,187,12.8,193
2026-09-26 18:20:00,1017,19.3,73,43,6.5,347,0.302,2.5,17.2,17.17,17.19,17.16,17.14,17.15,17.14,17.13,17.13,17.11,17.14,17.11,17.1,17.02,16.82,16.73,16.65,16.4,16.35,16.17,16.04,15.24,11.34,9.83,9.27,9.04,8.85,8.72,8.6,8.55,8.39,8.15,8.01,7.93,7.76,7.65,7.54,7.45,7.4,21.1,171,23.4,177,20.3,168,21.6,174,24.1,176,23.5,187,17.9,182,17.9,182,17.1,196,17,191
2026-09-26 18:40:00,1017.2,19,75,4,5.7,359,0.328,2.4,17.09,17.05,17.08,17.05,17.06,17.08,17.08,17.1,17.1,17.07,17.11,17.08,17.03,16.93,16.87,16.79,16.74,16.58,16.42,16.19,16.09,15.14,10.28,9.69,9.25,9.1,8.97,8.7,8.67,8.49,8.3,8.1,8.07,7.92,7.66,7.6,7.5,7.39,7.32,21.8,172,19.5,184,14.5,180,18.3,175,21.5,177,17.9,168,15.2,168,15.9,175,14.2,184,12.2,190
2026-09-26 19:00:00,1017.2,19,72,0,6.1,353,0.346,2.7,17.05,17.02,17.04,17.02,17.02,17.04,17.04,17.06,17.06,17.04,17.08,17.04,17.02,16.98,16.82,16.79,16.67,16.52,16.37,16.21,16.07,14.83,11.28,9.7,9.3,9.02,8.96,8.79,8.48,8.35,8.25,8.07,7.95,7.72,7.61,7.57,7.47,7.37,7.29,20.4,188,16.9,184,18.5,186,16.5,196,17.5,189,17.2,195,18.6,187,19.2,175,16,183,16,192
2026-09-26 19:20:00,1017.4,18.6,74,0,5.8,1,0.336,2.5,17.03,17.01,17.02,17,17.01,17.03,17.03,17.05,17.05,17.03,17.06,17.03,17.02,17.03,16.86,16.76,16.65,16.53,16.42,16.24,16.05,14.12,10.22,9.44,9.31,9.2,8.88,8.85,8.44,8.34,8.22,8.06,7.91,7.73,7.62,7.56,7.45,7.41,7.38,17.7,178,17.1,178,16.9,193,18.5,184,18.5,185,18.3,185,17.1,173,19,172,17.6,182,16.3,188
2026-09-26 19:40:00,1017.4,17.9,72,0,5.9,340,0.302,2.5,17.02,17,17.02,17,17.01,17.02,17.02,17.04,17.04,17.02,17.05,17.01,16.99,16.85,16.73,16.69,16.62,16.4,16.36,16.19,15.52,13.46,9.96,9.65,9.4,8.87,8.75,8.44,8.33,8.32,8.23,7.97,7.84,7.71,7.66,7.59,7.49,7.42,7.3,19.5,183,19.1,181,15.4,187,18.4,175,19.1,175,18.5,188,16.9,177,16.3,187,16.3,194,12.6,188
2026-09-26 20:00:00,1017.4,17.7,75,0,6.5,349,0.284,2.5,17.02,17,17.02,16.99,17.01,17.01,17.02,17.03,17.03,17.01,17.03,16.97,16.89,16.87,16.82,16.71,16.61,16.5,16.31,16.05,15.11,13.5,10.27,9.76,9.26,8.86,8.63,8.42,8.37,8.28,8.19,7.97,7.85,7.68,7.64,7.58,7.5,7.45,7.37,18.3,183,13.9,196,15,189,15.2,167,14,185,13,203,14.4,198,16.5,194,12.1,186,12.2,186
2026-09-26 20:20:00,1017.3,18.1,75,0,6.1,341,0.282,2.4,16.99,16.96,16.98,16.96,16.97,16.99,16.98,17,17,16.94,16.95,16.95,16.86,16.8,16.71,16.63,16.58,16.48,16.28,16.26,15.19,13.43,10.39,9.89,9.33,8.9,8.79,8.62,8.3,8.27,8.14,7.99,7.78,7.69,7.65,7.61,7.49,7.44,7.41,18.3,194,18.7,196,17.8,185,22.5,202,16.1,194,16.3,192,16.3,194,12.7,195,12.6,207,10.6,207
2026-09-26 20:40:00,1017.2,18.1,73,0,6,1,0.268,2.3,16.93,16.89,16.91,16.89,16.9,16.92,16.92,16.94,16.93,16.88,16.9,16.83,16.82,16.82,16.7,16.63,16.58,16.48,16.29,16.24,15.22,14,11.83,10.4,9.96,9.38,9.02,8.95,8.64,8.37,8.15,8.04,7.93,7.7,7.64,7.61,7.53,7.49,7.49,17.3,181,18.1,198,19.7,198,16.7,196,19.9,189,23.8,187,20.5,183,18.5,194,18.2,183,11.9,192
2026-09-26 21:00:00,1017.3,17.7,77,0,6.1,348,0.307,2.5,16.8,16.77,16.79,16.77,16.77,16.77,16.77,16.78,16.79,16.77,16.8,16.76,16.72,16.72,16.64,16.62,16.57,16.43,16.3,16.2,14.98,13.65,10.84,10.53,10.12,9.74,9.19,8.87,8.54,8.37,8.22,8.06,7.98,7.67,7.62,7.57,7.5,7.44,7.37,22.2,188,20.8,194,20.1,202,20.9,202,17.4,196,18.2,192,15.2,190,11.4,175,12.6,196,14.1,221
2026-09-26 21:20:00,1017.3,17.5,76,0,6.2,348,0.328,2.5,16.68,16.63,16.65,16.63,16.64,16.65,16.65,16.67,16.67,16.64,16.66,16.63,16.62,16.64,16.63,16.65,16.51,16.4,16.35,16.1,15.83,13.87,10.72,10.39,10.05,9.56,9.25,8.92,8.63,8.44,8.26,8.12,8.05,7.73,7.64,7.61,7.51,7.45,7.29,22.6,200,22,205,22.9,196,16.6,192,17.6,199,18.2,199,17.7,197,17.3,204,14.5,185,17.9,209
2026-09-26 21:40:00,1017.1,17.5,75,0,5.9,355,0.312,2.5,16.55,16.53,16.54,16.52,16.53,16.54,16.53,16.55,16.55,16.5,16.53,16.48,16.46,16.46,16.45,16.46,16.44,16.39,16.34,16.21,15.53,13.55,10.66,10.35,9.83,9.47,9.14,8.81,8.44,8.39,8.27,8.17,8,7.72,7.63,7.57,7.47,7.36,7.3,16.4,199,18.6,215,19,217,15.5,206,15.6,211,15.4,213,15.7,220,15.6,219,14.8,226,13.8,208
2026-09-26 22:00:00,1017.3,17.4,75,0,6.2,355,0.303,2.5,16.72,16.72,16.71,16.64,16.6,16.61,16.59,16.59,16.58,16.5,16.48,16.42,16.4,16.41,16.39,16.4,16.4,16.32,16.27,16.22,14.93,11.45,10.51,10,9.72,9.33,9.3,8.78,8.59,8.35,8.22,8.15,7.97,7.72,7.6,7.57,7.46,7.23,7.16,13.2,205,13.8,185,11.5,209,14.6,194,14.5,209,10.5,211,9.5,218,11.8,227,12.4,238,12.5,229
2026-09-26 22:20:00,1017.5,17.4,74,0,6,350,0.277,2.4,16.74,16.72,16.73,16.71,16.72,16.66,16.6,16.57,16.53,16.47,16.48,16.44,16.38,16.4,16.38,16.4,16.38,16.34,16.26,15.34,13.54,10.55,9.94,9.64,9.38,9.16,9.06,8.73,8.57,8.45,8.19,8.12,7.96,7.69,7.65,7.59,7.5,7.42,7.25,15.6,181,14.3,182,13,197,9,203,10,210,12.8,203,14.1,202,13.2,217,11.8,223,12.5,232
2026-09-26 22:40:00,1017.3,17.1,74,0,6.8,347,0.299,2.5,16.72,16.69,16.7,16.68,16.7,16.68,16.67,16.67,16.64,16.57,16.56,16.46,16.43,16.43,16.4,16.41,16.4,16.38,16.3,16.13,14.75,11.16,10.02,9.84,9.67,9.26,8.83,8.73,8.61,8.34,8.14,7.96,7.91,7.68,7.63,7.56,7.46,7.42,7.23,17.4,183,17.2,195,18.5,176,18.6,180,15.3,188,14.3,204,11.9,211,12.3,217,11.6,210,9.5,218
2026-09-26 23:00:00,1017.4,17,77,0,6.4,1,0.31,2.5,16.71,16.68,16.7,16.68,16.69,16.69,16.62,16.6,16.55,16.48,16.49,16.46,16.43,16.43,16.41,16.43,16.42,16.4,16.39,16.09,15.07,11.29,9.98,9.88,9.69,9.14,8.78,8.72,8.59,8.37,8.14,7.92,7.9,7.68,7.62,7.54,7.46,7.29,7.24,19,188,18,185,15.7,185,16.9,201,12.5,189,12.9,186,12.1,218,12.2,232,11.4,213,11.8,215
2026-09-26 23:20:00,1017.4,16.8,74,0,7,348,0.323,2.5,16.72,16.71,16.73,16.7,16.72,16.72,16.67,16.68,16.66,16.64,16.67,16.6,16.55,16.54,16.46,16.45,16.44,16.4,16.15,15.93,14.81,10.13,9.89,9.8,9.38,8.98,8.72,8.61,8.4,8.28,8.07,7.9,7.76,7.67,7.54,7.54,7.48,7.4,7.38,18.6,176,18.4,176,17.3,185,15.9,183,13.4,193,10.9,183,8.9,196,9.4,167,11.6,198,13.1,203
2026-09-26 23:40:00,1017.3,16.5,76,0,7.4,349,0.285,2.4,16.78,16.75,16.77,16.74,16.75,16.75,16.74,16.75,16.75,16.71,16.73,16.66,16.61,16.59,16.57,16.57,16.46,16.42,16.4,16.11,15.35,10.38,9.95,9.64,9.4,9.04,8.7,8.59,8.38,8.18,8.05,7.89,7.85,7.66,7.53,7.53,7.46,7.41,7.32,27.1,188,25.5,191,22.2,192,20.6,194,18.8,199,14,196,17.7,199,13.9,202,10.2,197,NA,221
2026-09-27,1017.1,16.2,77,0,8.3,351,0.258,2.2,16.82,16.81,16.82,16.8,16.79,16.82,16.8,16.8,16.75,16.7,16.71,16.6,16.58,16.6,16.57,16.52,16.5,16.47,16.41,16.2,15.77,10.78,10.14,9.81,9.37,9.04,8.71,8.65,8.37,8.17,8.08,7.96,7.9,7.7,7.65,7.54,7.46,7.39,7.27,20,168,18.3,180,17.4,192,18.6,197,16,206,15.2,204,13.5,202,12.9,213,13.4,199,9.8,185
2026-09-27 00:20:00,1017,16,77,0,8.4,344,0.249,2.2,16.84,16.81,16.82,16.78,16.78,16.79,16.78,16.76,16.71,16.67,16.71,16.63,16.6,16.58,16.54,16.51,16.48,16.44,16.35,16.06,14.55,10.58,10.19,9.71,9.54,9.3,9.12,8.88,8.6,8.38,8.12,8.01,7.99,7.84,7.67,7.65,7.48,7.41,7.33,13.8,179,18.2,183,19.2,189,19.3,194,19.5,187,18.8,199,16.9,199,17,206,13.2,206,12.6,217
2026-09-27 00:40:00,1016.8,15.9,77,0,8.4,350,0.282,2.4,16.83,16.8,16.81,16.76,16.78,16.77,16.74,16.73,16.72,16.68,16.71,16.63,16.58,16.58,16.56,16.55,16.49,16.43,16.31,16.06,13.84,11.18,10.41,9.71,9.56,9.15,8.89,8.62,8.37,8.25,8.09,7.93,7.88,7.67,7.63,7.55,7.44,7.32,7.04,22.9,173,19.1,171,19.6,175,19.9,185,19.7,192,17.9,194,15.6,203,16.3,187,14.1,197,12.6,195
2026-09-27 01:00:00,1016.9,15.7,79,0,7.7,352,0.317,2.4,16.84,16.82,16.84,16.82,16.82,16.82,16.8,16.79,16.78,16.71,16.72,16.67,16.64,16.58,16.55,16.53,16.5,16.43,16.31,15.99,14.18,10.97,10.22,9.77,9.73,9.51,9.36,9.08,8.76,8.52,8.13,8.02,7.96,7.79,7.69,7.65,7.51,7.37,7.24,19.6,184,18.6,169,19.1,170,22,176,20.4,182,16.2,183,18,194,16.1,209,12,192,11,192
2026-09-27 01:20:00,1016.8,14.6,84,0,8.9,346,0.327,2.5,16.85,16.82,16.84,16.82,16.82,16.84,16.83,16.84,16.81,16.78,16.81,16.68,16.61,16.57,16.55,16.52,16.46,16.36,16.19,15.11,13.21,10.97,10.07,9.95,9.66,9.4,9.15,8.87,8.62,8.45,8.08,7.9,7.87,7.72,7.68,7.64,7.5,7.33,7.28,25.1,185,23.5,183,25.1,182,21.4,181,21.6,187,21.2,182,19.1,181,14.8,194,14.3,202,11,189
2026-09-27 01:40:00,1016.7,14.7,85,0,8.7,356,0.323,2.6,16.83,16.81,16.82,16.8,16.81,16.79,16.8,16.73,16.72,16.71,16.77,16.6,16.58,16.42,16.38,16.38,16.34,16.31,16.19,14.53,13.33,10.88,10.1,9.65,9.33,9.1,8.87,8.63,8.26,8.16,7.98,7.85,7.78,7.68,7.65,7.58,7.39,7.27,7.03,27.4,182,25.5,179,21.3,171,22.8,167,17.7,174,15.2,183,14.3,169,13.5,180,11.8,191,9.7,190
2026-09-27 02:00:00,1016.6,15,82,0,7.3,349,0.353,2.5,16.81,16.79,16.8,16.77,16.77,16.77,16.78,16.78,16.73,16.71,16.73,16.59,16.46,16.42,16.39,16.29,16.24,16.1,16.03,15.48,13.55,11.2,10.17,9.71,9.22,8.98,8.67,8.5,8.2,8.17,8.04,7.83,7.86,7.7,7.64,7.56,7.36,7.26,6.99,27.5,176,24.5,188,20.1,169,20.1,168,16.4,169,18.7,185,13.8,195,15.9,187,13.5,181,6,203
2026-09-27 02:20:00,1016.5,15,82,0,8.7,358,0.372,2.5,16.79,16.77,16.78,16.76,16.76,16.75,16.74,16.74,16.74,16.65,16.6,16.54,16.48,16.46,16.42,16.41,16.36,16.22,16.05,15.06,12.47,11.09,10.1,9.59,9.26,8.87,8.64,8.28,8.15,8.09,7.94,7.77,7.8,7.76,7.67,7.58,7.4,7.25,7,23.8,178,22.6,167,18.8,169,19.1,180,14.5,179,14.4,189,12.7,178,9.5,150,10.9,171,6.1,174
2026-09-27 02:40:00,1016.5,14.8,82,0,7.7,355,0.375,2.7,16.73,16.72,16.71,16.68,16.68,16.69,16.69,16.69,16.63,16.55,16.58,16.54,16.52,16.47,16.42,16.41,16.36,16.22,15.85,14.99,11.37,10.43,10.02,9.6,9.32,8.98,8.75,8.42,8.21,8.15,8.03,7.76,7.77,7.73,7.65,7.59,7.43,7.24,7.09,22,172,23.6,182,24.5,181,18.4,184,15.8,188,12.9,187,16.4,182,10.3,177,10,178,6.3,195
2026-09-27 03:00:00,1016.2,14.9,82,0,7.2,360,0.377,2.7,16.65,16.62,16.64,16.62,16.63,16.63,16.64,16.65,16.65,16.61,16.56,16.48,16.44,16.46,16.43,16.42,16.39,16.3,16.25,15.83,12.77,10.85,10.56,9.82,9.45,9.05,8.72,8.44,8.21,8.13,7.92,7.75,7.73,7.67,7.62,7.54,7.4,7.24,7.11,18.4,169,21.7,179,22,175,18,185,14.1,187,14.7,186,13,173,13.8,178,9.5,178,7.2,139
2026-09-27 03:20:00,1016.2,14.6,84,0,9.5,1,0.384,2.6,16.62,16.6,16.61,16.58,16.6,16.61,16.61,16.62,16.61,16.58,16.61,16.58,16.53,16.54,16.51,16.52,16.47,16.43,16.37,16.08,15.85,11.28,10.82,9.96,9.46,8.97,8.66,8.49,8.3,8.17,7.96,7.8,7.73,7.67,7.63,7.57,7.42,7.26,7.15,18.5,182,20.7,171,19.4,178,17.4,175,16.3,166,14.6,174,12,179,12,178,11,199,11.4,178
2026-09-27 03:40:00,1016,14.5,86,0,8.6,348,0.421,2.7,16.59,16.57,16.59,16.56,16.58,16.59,16.56,16.58,16.58,16.56,16.58,16.54,16.52,16.53,16.51,16.54,16.54,16.49,16.33,15.85,11.45,11.2,10.78,9.83,9.49,9.14,8.59,8.47,8.35,8.21,7.96,7.82,7.81,7.66,7.64,7.62,7.47,7.29,7.24,23,183,21.2,184,16.5,184,14.4,181,13.7,178,15.7,184,10.7,169,13.7,164,14,159,13.6,183
2026-09-27 04:00:00,1016.1,14.4,84,0,8.2,5,0.408,2.7,16.58,16.56,16.57,16.55,16.55,16.57,16.57,16.58,16.58,16.56,16.6,16.56,16.54,16.57,16.54,16.56,16.51,16.48,16.3,15.98,11.56,11.03,10.62,10.27,9.62,8.95,8.56,8.41,8.25,8.18,7.99,7.84,7.82,7.77,7.67,7.65,7.45,7.32,7.23,20.8,183,18.5,182,20.9,183,20.7,190,19.7,177,19.8,183,19.3,182,20.5,175,20.5,180,12.9,179
2026-09-27 04:20:00,1016.1,14.3,84,0,7,10,0.373,2.6,16.57,16.55,16.57,16.55,16.56,16.58,16.57,16.59,16.59,16.57,16.61,16.57,16.56,16.57,16.5,16.52,16.49,16.45,16.39,16.24,12.53,11.01,10.55,10.14,9.66,8.82,8.47,8.32,8.14,8.12,7.97,7.85,7.83,7.75,7.72,7.66,7.46,7.31,7.2,22.9,169,26.8,180,22.4,186,20.6,181,21.2,190,20.3,185,16.4,181,18.1,182,13.1,177,10.6,181
2026-09-27 04:40:00,1016.2,14.1,83,0,8.2,4,0.401,2.5,16.56,16.54,16.56,16.54,16.55,16.57,16.55,16.57,16.57,16.55,16.58,16.54,16.53,16.55,16.54,16.57,16.57,16.52,16.4,16.17,14.18,11.08,10.76,10.57,9.85,9.09,8.54,8.34,8.17,8.09,7.96,7.87,7.84,7.75,7.65,7.58,7.41,7.28,7.14,24.1,179,20.4,185,23.9,188,22.7,189,21.5,182,19,181,17.1,188,19.3,181,17.8,182,15.6,197
2026-09-27 05:00:00,1016.3,14,83,0,6.8,3,0.378,2.7,16.56,16.54,16.56,16.54,16.55,16.57,16.57,16.59,16.59,16.57,16.59,16.53,16.51,16.49,16.48,16.48,16.49,16.47,16.39,16.29,14.66,11.18,10.98,10.53,9.66,9.02,8.53,8.34,8.2,8.15,8.02,7.87,7.84,7.75,7.67,7.6,7.4,7.21,7.08,22.3,183,22.1,179,21.1,184,24.5,182,19.8,177,19.5,182,18.2,175,19.6,179,16.7,181,15.3,177
2026-09-27 05:20:00,1016,14,86,0,6.5,357,0.369,2.7,16.59,16.57,16.59,16.56,16.57,16.59,16.58,16.6,16.61,16.58,16.61,16.57,16.57,16.58,16.55,16.51,16.51,16.48,16.43,15.86,14.42,11.31,10.86,9.62,9.37,8.84,8.27,8.26,8.19,8.15,7.98,7.87,7.82,7.68,7.61,7.48,7.34,7.18,7.04,26.9,178,22.2,189,20.1,182,20.4,175,23.5,181,21.9,174,22.7,170,18.9,168,20.2,173,21.2,174
2026-09-27 05:40:00,1016,13.9,85,0,8.9,351,0.307,2.7,16.61,16.58,16.6,16.58,16.58,16.6,16.6,16.62,16.63,16.61,16.64,16.61,16.6,16.61,16.59,16.58,16.56,16.43,16.25,15.56,12.51,11.17,10.17,9.25,9.01,8.73,8.18,8.14,8.12,8.08,7.94,7.83,7.82,7.69,7.6,7.47,7.35,7.19,7.11,30,181,30.6,181,28.3,177,31.5,178,29.8,181,23.3,187,24.6,184,21.6,180,22.6,178,19.9,173
2026-09-27 06:00:00,1016,13.9,87,0,8.4,353,0.278,2.5,16.52,16.5,16.52,16.5,16.5,16.52,16.51,16.54,16.53,16.52,16.55,16.52,16.51,16.52,16.36,16.13,16.08,16.07,16.05,14.99,12.9,11.14,10.62,9.83,9.15,8.87,8.53,8.25,8.14,8.14,7.93,7.82,7.82,7.74,7.62,7.52,7.4,7.19,7.1,30.4,172,29.7,170,31,177,29.4,176,32.2,172,32.5,172,30.2,173,29.9,177,32.9,176,30.5,175
2026-09-27 06:20:00,1016,13.8,85,0,7.7,353,0.25,2.3,16.43,16.4,16.42,16.39,16.4,16.41,16.4,16.43,16.43,16.41,16.45,16.41,16.39,16.42,16.41,16.35,16.16,16,15.33,14.64,13.11,11.38,10.08,9.28,8.84,8.72,8.58,8.29,8.19,8.05,7.93,7.84,7.82,7.76,7.61,7.53,7.38,7.19,7.09,31.6,187,30.6,180,30.3,178,30.7,180,30,184,31.7,189,33.6,189,31,190,28.5,189,26.9,186
2026-09-27 06:40:00,1016,13.9,85,0,8.7,0,0.285,2.5,16.45,16.42,16.44,16.41,16.42,16.43,16.42,16.45,16.43,16.41,16.44,16.4,16.38,16.39,16.37,16.37,16.16,15.8,15.4,14.65,12.51,11.01,9.88,9.29,8.81,8.58,8.43,8.41,8.18,8.06,7.95,7.88,7.82,7.73,7.61,7.52,7.39,7.21,7.04,29.5,178,30.4,178,31.5,175,30.2,170,26.6,163,24.1,171,23.6,177,23.9,181,28.8,177,29.6,178
2026-09-27 07:00:00,1016,13.8,85,2,8.6,357,0.289,2.6,16.42,16.39,16.41,16.38,16.39,16.4,16.4,16.42,16.41,16.39,16.42,16.38,16.31,16.33,16.3,16.26,16.13,15.74,15.29,13.54,11.6,9.98,9.39,8.95,8.72,8.43,8.33,8.25,8.13,8.09,7.97,7.83,7.83,7.68,7.57,7.48,7.31,7.17,7.07,38.9,176,34,171,36.3,180,38.8,183,37.6,183,33.4,179,30.4,176,28,179,25,178,26.4,180
2026-09-27 07:20:00,1016,13.7,86,9,8.4,359,0.301,2.6,16.43,16.42,16.43,16.4,16.41,16.42,16.42,16.41,16.39,16.34,16.33,16.26,16.21,16,15.64,15.59,15.47,15.22,14.97,13.84,12.31,10.57,9.69,9.32,8.93,8.7,8.4,8.25,8.18,8.08,8,7.9,7.89,7.77,7.64,7.55,7.32,7.2,7.06,41.6,190,36.1,185,35.3,185,34.9,192,34.6,188,36.9,192,34.4,193,31.3,193,32.1,186,29.2,184
2026-09-27 07:40:00,1016.2,13.7,86,39,9.7,6,0.323,2.4,16.43,16.41,16.43,16.4,16.41,16.42,16.38,16.4,16.36,16.32,16.29,16.23,16.19,16.13,15.52,15.18,15.12,15.1,15.08,13.93,12.66,10.45,9.43,9.17,8.83,8.31,8.15,8.09,8.06,8.02,7.92,7.84,7.84,7.76,7.61,7.53,7.34,7.24,7.04,40.2,184,42.6,184,39.2,187,40.1,191,38.4,191,38.2,186,36.9,188,32.1,188,29.9,191,27.8,190
2026-09-27 08:00:00,1016,13.7,86,62,9.2,3,0.359,2.5,16.37,16.34,16.36,16.33,16.33,16.35,16.34,16.35,16.33,16.29,16.26,16.12,15.96,15.9,15.76,15.6,15.01,14.72,14.61,14.34,13.94,11.17,9.81,9.37,9.23,9.08,8.22,8.07,8.04,8.01,7.9,7.82,7.84,7.75,7.67,7.55,7.38,7.26,7.25,36.7,187,34,192,37.5,188,39.8,188,35.2,188,35.6,190,38.5,196,36.6,197,34.7,203,34.4,200
2026-09-27 08:20:00,1016.1,13.8,85,87,9,1,0.356,2.7,16.33,16.31,16.32,16.3,16.31,16.33,16.32,16.35,16.32,16.3,16.34,16.24,16.17,16.12,16.04,15.98,15.5,14.47,14.34,13.94,13.2,10.57,9.73,9.24,9,8.5,8.24,8.16,8.07,8.04,7.97,7.82,7.79,7.74,7.65,7.53,7.41,7.33,7.27,40.6,185,34.8,186,33.6,187,36.2,191,33.8,180,34.4,183,30.2,182,34,196,29,196,30.8,202
2026-09-27 08:40:00,1015.9,13.7,87,53,8.3,1,0.448,2.7,16.31,16.28,16.3,16.26,16.27,16.28,16.25,16.26,16.26,16.24,16.24,16.19,16.17,16.14,15.97,15.9,15.71,13.85,13.69,13.52,11.46,10.16,9.43,9.17,8.67,8.48,8.24,8.14,8.03,8,7.92,7.79,7.8,7.74,7.61,7.5,7.42,7.33,7.15,37.1,189,35.8,193,31.2,186,32.6,191,34.9,193,33.9,196,31.5,198,28.8,193,28.3,191,25.6,194
2026-09-27 09:00:00,1016.1,13.9,85,44,9.9,357,0.432,2.7,16.3,16.28,16.3,16.27,16.28,16.28,16.27,16.3,16.31,16.26,16.28,16.18,16.14,16.18,16.16,15.94,15.79,15,13.26,13.06,12.16,10.4,9.4,9.06,8.78,8.52,8.39,8.29,8.16,8.07,7.9,7.75,7.69,7.53,7.49,7.46,7.37,7.28,7.11,32.3,191,28.4,191,30.3,190,35,186,32.7,189,32.2,187,29,188,31.1,194,28.8,195,28.3,196
2026-09-27 09:20:00,1016.1,14,85,128,9.6,359,0.428,2.8,16.35,16.33,16.34,16.32,16.32,16.34,16.33,16.34,16.32,16.29,16.3,16.07,15.92,15.78,15.59,15.27,15.16,15.12,14.26,12.97,12.39,10.71,9.85,9.39,9.15,8.78,8.45,8.29,8.25,8.16,8.01,7.82,7.77,7.62,7.52,7.52,7.38,7.32,7.12,27.9,180,30.4,183,32.6,187,30.3,181,32.7,182,32.3,185,33.2,191,27.5,198,28.4,194,NA,199
2026-09-27 09:40:00,1016.3,14.3,84,143,9.1,359,0.435,2.6,16.38,16.36,16.38,16.35,16.36,16.37,16.36,16.38,16.37,16.34,16.26,16.19,16.12,16.05,15.88,15.71,15.45,14.61,13.92,13.25,12.52,11.61,9.62,9.33,9.22,9.08,8.59,8.44,8.25,8.15,7.97,7.79,7.75,7.64,7.55,7.54,7.41,7.32,7.12,36.4,180,34.1,185,31.4,183,27.7,185,27.4,187,30.6,186,30.6,184,30.4,182,27,192,26.3,193
2026-09-27 10:00:00,1016.5,14.3,86,230,6.9,0,0.432,2.7,16.44,16.42,16.43,16.4,16.4,16.4,16.38,16.4,16.4,16.37,16.38,16.34,16.16,15.93,15.74,15.59,15.13,14.84,13.66,13.14,12.24,11.37,10.18,9.5,9.3,8.92,8.56,8.28,8.15,8.09,7.94,7.76,7.75,7.63,7.56,7.56,7.45,7.3,7.11,37.8,180,34.4,177,30.4,184,29.6,188,29.2,189,31.1,183,27.5,190,24.7,181,21.6,192,21.3,202
2026-09-27 10:20:00,1016.4,14.4,84,245,7.5,356,0.408,2.7,16.47,16.45,16.47,16.44,16.45,16.46,16.46,16.48,16.48,16.44,16.47,16.43,16.33,16.19,15.93,15.7,15.45,14.86,14.06,13.03,12.41,11.58,9.63,9.42,9.14,8.77,8.46,8.18,8.08,8.06,7.9,7.73,7.71,7.62,7.57,7.51,7.41,7.34,7.15,35.7,183,31.1,180,30.1,175,32.7,185,29.6,182,26.5,179,22.4,183,23.6,180,23.9,188,23.9,192
2026-09-27 10:40:00,1016.4,14.6,85,162,8.1,2,0.401,2.8,16.49,16.46,16.48,16.45,16.46,16.48,16.47,16.49,16.49,16.47,16.5,16.38,16.32,16.23,15.99,15.65,15.41,14.61,13.33,12.63,11.81,10.49,9.71,9.56,8.91,8.75,8.38,8.21,8.11,8.09,8.01,7.78,7.74,7.65,7.61,7.56,7.42,7.29,7.09,29.4,177,27.8,186,29.2,188,29.8,180,28.3,178,24.9,178,26.5,180,22.2,190,22.4,185,22.9,187
2026-09-27 11:00:00,1016.5,15,85,182,6.3,0,0.408,2.6,16.48,16.45,16.47,16.44,16.45,16.47,16.46,16.48,16.49,16.46,16.47,16.43,16.38,16.31,16.17,15.79,15.45,14.98,12.84,12.15,11.87,9.98,9.57,8.82,8.74,8.2,8.05,8.06,8.06,8.04,7.93,7.77,7.75,7.66,7.6,7.56,7.44,7.28,7.1,30,186,30,179,30.3,180,27.3,178,24.9,182,28.1,182,23,182,24,173,26.6,180,20.6,185
2026-09-27 11:20:00,1016.5,15.6,82,325,7.5,12,0.396,2.8,16.47,16.44,16.46,16.44,16.45,16.46,16.46,16.47,16.47,16.45,16.48,16.45,16.37,16.36,16.05,15.72,15.32,14.63,13.05,11.83,11.26,10.24,9.84,8.83,8.46,8.2,8.11,8.1,8.09,8.08,7.88,7.71,7.72,7.65,7.61,7.54,7.43,7.29,7.13,29.6,191,28.8,187,25.5,185,24.2,190,22.2,195,24.5,181,26.1,185,26.4,186,21.8,189,22.6,175
2026-09-27 11:40:00,1016.3,15.8,82,299,7.4,2,0.381,2.7,16.49,16.46,16.47,16.45,16.46,16.47,16.45,16.47,16.48,16.45,16.47,16.38,16.34,16.29,15.54,15.03,14.11,13.83,12.45,11.59,10.88,10.03,9.93,9.56,8.76,8.32,8.16,8.13,8.12,8.1,7.88,7.7,7.74,7.66,7.63,7.56,7.47,7.33,7.19,25.7,165,22.3,175,21.7,177,23.1,173,22.6,185,20,176,23.5,178,23.5,176,21,175,18.8,185
2026-09-27 12:00:00,1016.3,16,79,422,7.3,8,0.393,2.5,16.49,16.45,16.46,16.44,16.44,16.46,16.45,16.47,16.48,16.45,16.48,16.45,16.41,16.38,16.14,15.32,14.66,13.7,13.01,11.87,11.22,10.4,10.04,9.69,8.93,8.46,8.17,8.15,8.14,8.11,7.91,7.73,7.76,7.66,7.66,7.58,7.47,7.41,7.23,29.3,171,26.5,177,28.4,177,25.7,177,25.8,182,24.4,183,22.6,175,25.4,172,23.8,177,22,175
2026-09-27 12:20:00,1016.3,16.3,81,581,5.5,359,0.409,2.7,16.5,16.45,16.46,16.44,16.44,16.44,16.44,16.45,16.45,16.43,16.43,16.4,16.3,16.07,15.29,14.7,14.07,13.59,12.42,12.09,11.44,10.75,10.59,9.76,9.03,8.48,8.22,8.17,8.09,7.98,7.82,7.73,7.72,7.68,7.6,7.57,7.49,7.36,7.18,25,188,28.7,184,25.9,195,27.5,192,25.2,183,24.3,178,26.7,176,22.3,186,22.3,176,22,178
2026-09-27 12:40:00,1016.2,16.5,81,345,6.9,10,0.393,2.6,16.5,16.47,16.48,16.46,16.47,16.48,16.46,16.48,16.48,16.46,16.48,16.44,16.32,15.7,14.8,14.53,13.75,13.04,12.56,11.89,11.42,11.19,10.97,10.19,9.64,8.92,8.43,8.26,8.14,8.11,7.85,7.73,7.72,7.65,7.59,7.57,7.47,7.28,7.12,25,184,23.9,174,26.2,172,25.6,173,23.2,169,21.7,176,24.8,173,24,176,20.1,171,18.3,188
2026-09-27 13:00:00,1016.3,16.9,78,173,6.5,6,0.351,2.6,16.5,16.47,16.49,16.46,16.46,16.48,16.48,16.5,16.5,16.48,16.5,16.39,15.92,15.23,14.85,14.42,13.82,12.86,12.28,11.6,11.32,11.19,10.93,9.74,9.06,8.75,8.46,8.29,8.19,8.12,7.9,7.74,7.75,7.66,7.56,7.56,7.44,7.3,7.04,24.4,170,23.7,167,25.8,170,24.6,179,20.9,174,22,160,20.8,172,18.1,175,16.6,177,13,204
2026-09-27 13:20:00,1016.3,17.3,78,169,6.5,6,0.374,2.5,16.51,16.48,16.49,16.47,16.48,16.5,16.49,16.51,16.51,16.49,16.51,16.41,15.88,15.14,14.7,14.37,13.68,12.68,12.01,11.52,11.37,11.33,11.25,9.91,8.94,8.64,8.37,8.25,8.14,7.98,7.86,7.73,7.73,7.6,7.56,7.54,7.46,7.26,6.99,23.8,162,23.5,170,22.2,166,26.5,164,25,161,20.6,169,23,176,21.8,178,16.7,179,15.4,182
2026-09-27 13:40:00,1016.2,17.4,78,151,6.5,5,0.313,2.6,16.52,16.49,16.51,16.48,16.49,16.5,16.5,16.52,16.52,16.5,16.51,16.46,16.25,15.67,15.07,14.57,14.05,12.89,12.34,11.95,11.63,11.47,11.41,11.28,9.88,8.72,8.51,8.33,8.25,8.15,7.9,7.78,7.73,7.67,7.56,7.56,7.45,7.26,7.2,23.1,171,24.1,172,23.9,169,22.9,181,21.1,176,28.3,174,24,168,22.5,166,21.7,172,20,181
2026-09-27 14:00:00,1016.1,17.3,83,123,3.9,15,0.283,2.3,16.52,16.5,16.51,16.49,16.49,16.5,16.51,16.52,16.52,16.49,16.51,16.39,15.87,14.95,14.52,14.08,13.31,12.42,11.92,11.65,11.57,11.54,11.5,11.03,9.75,8.63,8.44,8.3,8.26,8.1,7.9,7.75,7.74,7.59,7.55,7.52,7.43,7.3,7.23,23.2,182,26.9,170,24,173,25,181,26.3,169,28.6,167,24.3,169,20.6,169,18,162,14.3,194
2026-09-27 14:20:00,1016.1,17.3,83,119,3.6,12,0.271,2.3,16.52,16.5,16.51,16.49,16.5,16.51,16.5,16.52,16.52,16.49,16.51,16.42,16.14,14.97,14.5,14.37,13.31,12.68,12.07,11.88,11.68,11.58,11.52,11.12,9.37,8.54,8.29,8.29,8.24,8.08,7.91,7.76,7.73,7.58,7.54,7.53,7.44,7.34,7.19,21.8,164,23.9,171,23.9,174,20.1,168,24.2,166,23.9,165,21.2,163,16,160,16.6,164,8.4,179
2026-09-27 14:40:00,1016.3,15.7,87,98,2.6,45,0.217,2.3,16.53,16.5,16.52,16.49,16.5,16.52,16.51,16.53,16.54,16.51,16.53,16.21,15.39,15,14.51,14.37,13.5,12.4,12.08,11.85,11.79,11.72,11.64,11.55,9.55,8.61,8.31,8.28,8.22,8.08,7.88,7.73,7.72,7.57,7.52,7.53,7.43,7.33,7.2,22.4,159,23,163,20,163,24,151,23.8,154,23,163,20.6,165,19.4,163,16.3,167,11.8,195
2026-09-27 15:00:00,1016.3,15.4,96,80,1.2,97,0.183,2.3,16.52,16.49,16.51,16.48,16.49,16.51,16.51,16.52,16.53,16.49,16.49,16.34,15.05,14.5,14.06,13.34,12.24,12.05,11.93,11.84,11.86,11.85,11.8,11.66,9.47,8.6,8.25,8.22,8.14,8,7.87,7.7,7.66,7.53,7.49,7.48,7.36,7.07,7,19.5,155,20.7,157,25.6,156,22.4,158,20.7,165,16.6,163,20.4,158,15.5,147,14.1,154,8.7,183
2026-09-27 15:20:00,1016.3,14.9,98,85,1.5,239,0.141,2.3,16.51,16.49,16.5,16.48,16.48,16.5,16.49,16.5,16.49,16.47,16.5,16.43,15.27,14.62,14.22,14.08,13.61,12.94,11.99,11.79,11.76,11.73,11.69,11.7,11.72,9.62,8.58,8.26,8.22,8.11,7.9,7.75,7.73,7.55,7.53,7.51,7.37,7.14,7.03,19.4,170,22.1,172,21.8,175,18.7,168,19.4,173,18.7,160,19,159,13.1,163,10.3,158,8.7,172
2026-09-27 15:40:00,1016.2,15,97,96,2.3,260,0.104,2.3,16.51,16.48,16.5,16.47,16.48,16.48,16.47,16.48,16.49,16.45,16.42,14.96,14.3,14.22,13.95,12.93,12.71,12.02,11.8,11.68,11.68,11.67,11.64,11.67,11.39,9.48,8.62,8.26,8.18,8.04,7.91,7.73,7.64,7.53,7.5,7.48,7.4,7.18,7.06,15.5,165,21.2,154,24.7,150,23.4,147,20.9,154,19.5,153,17.5,150,14.7,149,10.7,154,7.5,155
2026-09-27 16:00:00,1016.2,15.5,99,85,2.9,276,0.071,2,16.48,16.45,16.47,16.44,16.45,16.46,16.46,16.48,16.47,16.43,16.43,16.31,15.24,14.41,14.04,13.8,13.17,12.14,11.85,11.56,11.57,11.57,11.55,11.52,10.02,8.75,8.38,8.21,8.09,8.03,7.93,7.77,7.67,7.54,7.48,7.47,7.31,7.15,7.05,20.5,167,19,169,18.5,162,18.4,158,18,152,16.7,152,16.7,140,15.8,133,12.6,136,9.2,131
2026-09-27 16:20:00,1016.2,15.6,99,33,2.2,266,0.05,2,16.54,16.51,16.52,16.48,16.47,16.47,16.44,16.46,16.45,16.41,16.41,16.37,16.23,15.24,14.22,13.89,13.1,12.93,11.71,11.57,11.5,11.43,11.4,11.37,10.42,8.95,8.69,8.51,8.27,8.25,7.99,7.84,7.72,7.56,7.48,7.48,7.4,7.21,7.04,18.9,174,21.2,183,18.7,173,17.1,155,22.3,158,17.8,157,16.3,169,14.7,160,11.3,142,7.6,115
2026-09-27 16:40:00,1016.3,15.8,98,67,2.3,292,0.042,1.9,16.52,16.46,16.47,16.43,16.43,16.45,16.43,16.45,16.41,16.38,16.4,16.33,16.18,15.1,14.14,13.81,13.44,13.13,12.12,11.28,11.3,11.29,11.28,11.29,11.24,8.82,8.64,8.47,8.34,8.29,7.96,7.78,7.67,7.53,7.48,7.48,7.4,7.23,7.02,24.2,181,25.3,187,21.2,194,17,186,16.7,180,15.1,163,17.6,156,17.2,152,14.5,139,11.5,116
2026-09-27 17:00:00,1016.3,15.8,98,39,2.3,318,0.035,1.8,16.53,16.36,16.33,16.28,16.25,16.25,16.21,16.23,16.22,16.17,16.18,16.13,15.95,14.3,13.7,13.52,13.15,12.85,11.48,11.33,11.27,11.2,11.15,11.16,10.97,8.71,8.61,8.5,8.32,8.24,7.92,7.71,7.64,7.54,7.47,7.47,7.37,7.15,7.01,25.5,183,22.6,177,21.7,169,22,176,21,169,21.1,169,16.9,168,16.3,169,14.4,146,7.2,156
2026-09-27 17:20:00,1016.3,16.1,92,30,2.4,350,0.023,1.7,16.45,16.33,16.35,16.31,16.29,16.29,16.29,16.28,16.23,16.17,16.14,16.05,15.94,15.77,14.17,13.91,13.55,13.21,12.67,11.44,11.2,11.14,11.1,11.12,11.03,8.77,8.67,8.58,8.46,8.3,7.93,7.73,7.63,7.52,7.46,7.46,7.3,7.17,7.03,24.6,173,25,168,23.5,168,20.4,156,19.4,169,17.3,164,15,168,15.2,162,9.2,160,9.4,127
2026-09-27 17:40:00,1016.5,15.7,93,24,3.3,26,0.035,3.3,16.54,16.48,16.42,16.29,16.24,16.19,16.04,16.01,16,15.98,16,15.97,15.92,15.58,14.66,14.21,13.54,13.23,13.02,12.41,11.31,11.09,11.01,10.99,11,9.57,8.7,8.7,8.54,8.43,7.92,7.76,7.68,7.55,7.46,7.46,7.26,7.17,6.98,24,171,25.5,179,24.2,178,21.5,178,18.9,183,19.2,184,23.3,190,20.2,195,19.5,181,18.5,179
2026-09-27 18:00:00,1016.7,15.9,91,10,2.4,18,0.031,1.4,16.42,16.38,16.35,16.27,16.23,16.18,16.08,16.07,16.01,15.89,15.76,15.68,15.64,15.49,15.03,14.65,13.8,13.18,12.67,11.14,11.02,10.93,10.89,10.88,9.9,8.81,8.75,8.63,8.45,8.25,7.81,7.71,7.63,7.5,7.46,7.45,7.25,7.15,7.01,18.6,160,17,166,20.6,166,18.6,174,23.9,182,23.1,184,21.3,180,21.7,179,20.5,184,17,184
2026-09-27 18:20:00,1016.7,16.1,88,8,2.4,3,0.042,1.2,16.4,16.37,16.38,16.34,16.33,16.32,16.2,16.03,15.87,15.73,15.55,15.48,15.43,15.43,14.85,13.88,13.4,12.93,12.51,11.48,10.97,10.89,10.75,10.76,9.23,8.94,8.78,8.55,8.34,7.97,7.79,7.65,7.58,7.48,7.43,7.37,7.21,7.12,6.99,12.9,137,14.1,145,13.4,151,15.4,143,18.9,170,21.9,177,21.7,178,13,189,11.3,184,9.4,176
2026-09-27 18:40:00,1016.8,16.6,88,0,2.5,31,0.05,1.5,16.52,16.5,16.45,16.37,16.29,16.07,16.04,16.03,15.87,15.68,15.52,15.43,15.4,15.4,14.98,13.97,13.57,13.07,12.54,11.59,10.91,10.78,10.72,10.65,9.03,8.9,8.73,8.46,8.24,7.92,7.75,7.59,7.56,7.49,7.43,7.35,7.24,7.12,7.03,21.8,164,20.7,162,20.5,171,20.7,176,19.7,171,20.6,176,16.9,184,17.1,181,16.5,185,16.2,189
2026-09-27 19:00:00,1016.8,16.7,91,0,2.8,5,0.051,1.3,16.55,16.51,16.47,16.43,16.4,16.33,16.29,15.96,15.61,15.46,15.46,15.38,15.35,15.21,14.76,13.65,13.34,12.81,12.31,11.32,10.76,10.68,10.61,9.52,8.91,8.8,8.57,8.41,7.98,7.89,7.7,7.54,7.54,7.45,7.41,7.37,7.22,7.12,6.99,21.1,165,18.7,163,23.2,181,21.5,189,15.4,191,16.5,194,17,189,16.8,182,19.9,196,18.6,191
2026-09-27 19:20:00,1016.9,16.7,91,0,3.5,7,0.06,1.3,16.69,16.66,16.63,16.49,16.47,16.47,16.43,16.3,16.14,15.75,15.28,15.19,15.14,14.88,14.44,13.68,13.23,12.71,12.32,11.28,10.69,10.56,10.49,9.68,8.93,8.84,8.7,8.44,8.22,7.93,7.82,7.63,7.6,7.49,7.44,7.42,7.3,7.13,7.03,16.2,152,19,156,21.6,160,17.9,169,19.7,180,21.8,193,24,201,19.8,196,15.2,203,NA,189
2026-09-27 19:40:00,1017,16.7,91,0,3.7,12,0.081,1.4,16.71,16.68,16.55,16.45,16.4,16.39,16.36,16.34,16.17,16.04,15.74,15.25,14.96,14.9,14.19,13.63,13.27,12.77,12.32,11.54,10.92,10.52,10.45,10.39,9.09,8.9,8.78,8.56,8.38,8,7.84,7.66,7.6,7.48,7.42,7.39,7.26,7.15,7.13,11,162,11.7,192,14.5,168,20.1,174,23.2,187,21.2,189,21.7,195,18.8,201,21.2,205,13.2,205
2026-09-27 20:00:00,1017.1,16.8,89,0,4.2,16,0.114,1.7,16.65,16.54,16.39,16.34,16.3,16.24,16.22,16.22,16.16,16,15.11,14.91,14.88,14.9,14.5,13.85,13.25,12.68,12.36,11.84,11.13,10.48,10.4,9.87,9.03,8.93,8.65,8.52,8.27,7.9,7.75,7.59,7.56,7.43,7.38,7.34,7.2,7.13,7.13,13.8,174,14.4,168,16.4,174,18.7,182,19.4,189,23.1,189,23.1,198,19.2,196,18.1,197,15.9,202
2026-09-27 20:20:00,1017.4,16.7,85,0,3.6,41,0.143,1.9,16.57,16.43,16.36,16.32,16.31,16.3,16.2,16.13,16.03,15.54,14.97,14.84,14.77,14.73,14.57,14.24,13.02,12.68,12.32,11.81,11.17,10.45,10.33,9.72,9.03,8.95,8.69,8.53,8.04,7.87,7.74,7.62,7.56,7.43,7.38,7.36,7.26,7.13,7.14,12.7,148,12.5,174,17,182,22.6,188,24.7,194,23.7,201,20.5,201,21,199,17.2,194,13.9,183
2026-09-27 20:40:00,1017.3,16.8,87,0,5.8,5,0.19,1.9,16.46,16.44,16.41,16.33,16.34,16.33,16.27,16.25,16.22,16.07,14.97,14.74,14.64,14.6,14.53,14.11,13.14,12.82,12.41,11.98,11.14,10.45,10.28,9.63,9.02,8.96,8.72,8.49,8.12,7.89,7.75,7.63,7.57,7.42,7.38,7.35,7.17,7.13,7.14,13,197,15.2,201,14.2,192,17.6,210,16.1,197,19.2,199,21.4,207,22,209,15.7,212,15.5,206
2026-09-27 21:00:00,1017.2,16.8,89,0,5.8,14,0.239,2.1,16.52,16.49,16.48,16.39,16.39,16.37,16.37,16.34,16.3,16.22,15.35,14.67,14.54,14.43,14.31,13.67,12.92,12.57,12.49,11.95,10.99,10.43,10.26,9.75,9.05,8.92,8.75,8.46,8.17,7.92,7.77,7.64,7.59,7.47,7.41,7.39,7.28,7.14,7.17,16.1,173,16.9,180,18.8,177,15.1,183,20.3,186,21,199,22.1,203,20.2,214,14.3,207,12.6,200
2026-09-27 21:20:00,1017.3,16.8,87,0,4.3,16,0.24,2,16.58,16.56,16.57,16.52,16.48,16.45,16.42,16.42,16.41,16.36,16.26,14.92,14.44,14.32,14.16,13.07,12.79,12.56,12.47,11.37,10.83,10.37,10.13,9.44,8.99,8.85,8.68,8.11,7.89,7.85,7.8,7.62,7.55,7.46,7.41,7.36,7.25,7.14,7.17,9.8,187,14.5,179,14.2,186,17.8,205,22.3,211,21.9,209,23.8,209,18,208,12.8,208,10,205
2026-09-27 21:40:00,1017.1,16.7,90,0,3.9,3,0.184,2,16.59,16.56,16.57,16.53,16.51,16.45,16.42,16.39,16.33,16.17,15.57,14.98,14.51,14.3,13.71,12.89,12.77,12.63,12.47,10.89,10.49,10.36,10.14,9.92,9.2,8.87,8.75,8.31,8.04,7.89,7.83,7.63,7.55,7.42,7.37,7.33,7.21,7.15,7.18,11,166,14.3,163,17.5,180,15.7,198,16.2,205,18.3,204,19,210,17.5,220,17.5,207,11.7,197
2026-09-27 22:00:00,1017.4,16.7,90,0,3.2,353,0.139,1.9,16.53,16.51,16.52,16.48,16.47,16.47,16.39,16.41,16.36,16.2,15.49,14.95,14.52,14.16,13.71,12.88,12.75,12.54,11.16,10.73,10.55,10.44,10.15,9.73,9.68,9.17,8.86,8.73,8.5,8.2,7.88,7.76,7.65,7.48,7.41,7.35,7.24,7.17,7.18,9.4,183,8.8,199,11.2,187,13.9,189,15.5,197,20.7,197,20,216,19.6,219,18.2,204,12.2,207
2026-09-27 22:20:00,1017.5,16.4,91,0,3.5,5,0.109,1.8,16.55,16.53,16.54,16.52,16.45,16.44,16.42,16.44,16.4,16.28,16.08,15.06,14.62,14.38,13.86,12.96,12.76,12.61,11.27,10.88,10.62,10.55,10.34,10.06,9.65,9.21,9.19,8.83,8.63,8.41,7.92,7.81,7.66,7.48,7.43,7.35,7.24,7.16,7.17,15.6,175,16.3,181,18.6,185,15.2,188,17.9,192,20.3,198,24.5,209,24,220,18.2,220,10.4,221
2026-09-27 22:40:00,1017.3,16.2,90,0,3,12,0.109,1.8,16.57,16.55,16.56,16.52,16.48,16.47,16.46,16.46,16.43,16.38,16.39,16.05,14.82,14.54,13.97,13.05,12.84,12.59,11.57,10.79,10.76,10.68,10.49,10.23,9.76,9.08,9.03,9.01,8.8,8.48,8.01,7.76,7.62,7.45,7.39,7.33,7.23,7.2,7.22,18.5,190,16.2,192,15.4,198,16.8,210,14.3,212,16.9,210,15.1,208,18.3,224,21.1,230,NA,219
2026-09-27 23:00:00,1017.4,15.7,91,0,2.7,64,0.098,1.6,16.56,16.55,16.56,16.53,16.54,16.53,16.49,16.49,16.5,16.45,16.44,16.31,15.11,14.64,14.3,13.08,12.85,12.7,12.6,10.92,10.76,10.75,10.41,10,9.42,8.97,8.92,8.91,8.89,8.62,8.12,7.93,7.78,7.58,7.49,7.42,7.34,7.25,7.2,15.4,200,13.6,187,16.4,189,17.5,205,18.1,204,20,198,18.6,201,18.3,204,18.4,222,17.8,225
2026-09-27 23:20:00,1017.2,15.7,91,0,1.4,25,0.081,1.6,16.49,16.47,16.49,16.46,16.46,16.46,16.45,16.45,16.43,16.29,15.99,15.5,15.17,14.69,14.52,14.11,12.89,12.73,12.63,11,10.8,10.76,10.36,9.89,9.33,8.98,8.88,8.88,8.84,8.46,8.16,7.86,7.78,7.58,7.51,7.41,7.31,7.22,7.15,12,183,15,190,16.7,185,15.3,190,16.2,207,15.4,199,23.8,209,22.5,217,21.7,213,14.6,206
2026-09-27 23:40:00,1017.1,15.8,91,0,1.5,353,0.06,1.6,16.49,16.47,16.48,16.46,16.47,16.48,16.47,16.47,16.38,16.14,15.46,15.17,15.04,14.89,14.6,14.16,12.92,12.77,12.62,11.89,10.87,10.85,10.38,9.83,9.18,8.92,8.86,8.83,8.76,8.4,8.03,7.76,7.77,7.58,7.56,7.45,7.34,7.21,7.19,10.3,177,7.5,193,12.3,188,14.4,196,14.2,189,18.4,208,25.3,210,24.2,227,20.6,230,12.9,208
2026-09-28,1016.8,16.1,89,0,2.2,355,0.048,1.6,16.48,16.45,16.47,16.44,16.45,16.44,16.33,16.19,16.13,15.48,15.09,14.82,14.7,14.65,14.4,13.49,12.95,12.88,12.69,12.3,11.23,10.93,10.9,10.45,9.84,9.06,8.89,8.82,8.68,8.38,7.95,7.75,7.74,7.59,7.54,7.43,7.33,7.2,7.16,13,192,14.8,180,14.2,191,10.4,199,14.6,203,15.5,207,20.3,217,20,219,17.3,233,16.6,228
2026-09-28 00:20:00,1016.9,15.4,94,0,2.1,317,0.04,1.5,16.46,16.44,16.46,16.43,16.44,16.38,16.15,16.04,15.91,15.6,14.87,14.76,14.67,14.53,14.25,13.74,13.3,12.99,12.81,12.28,11.78,11.1,11.03,10.88,9.96,9.08,8.86,8.76,8.4,8.27,7.89,7.72,7.74,7.59,7.55,7.43,7.32,7.18,7.15,8.6,199,11.4,176,14.6,184,14.6,195,22.8,201,20.7,211,22.1,222,19.2,222,18.3,232,15.5,228
2026-09-28 00:40:00,1016.7,15.4,95,0,2,337,0.038,1.5,16.5,16.47,16.48,16.45,16.44,16.44,16.15,15.99,15.79,14.81,14.68,14.61,14.46,14.1,13.96,13.83,13.39,13.19,12.92,12.39,12.09,11.33,11.15,11.1,10.37,9.27,8.9,8.71,8.4,8.23,7.85,7.74,7.73,7.6,7.56,7.43,7.33,7.18,7.14,13.4,163,15.5,195,16.1,200,21,212,22.6,219,21.3,223,16.9,215,19.9,229,15.5,237,13.9,232
2026-09-28 01:00:00,1016.5,15.8,95,0,2.7,318,0.035,1.4,16.5,16.48,16.49,16.45,16.44,16.27,16.21,16.09,15.76,14.79,14.6,14.52,14.45,14.36,13.73,13.57,13.38,13.24,13.1,12.97,12.93,12.28,11.78,11.24,11.06,9.87,9.01,8.86,8.47,8.3,7.91,7.73,7.73,7.6,7.54,7.42,7.34,7.13,7.14,16,159,17.2,194,20,206,22,203,21.5,210,23,218,18.7,227,16.4,227,16.6,234,14.6,224
2026-09-28 01:20:00,1016.3,14.8,98,0,3.4,331,0.053,1.4,16.49,16.48,16.49,16.47,16.44,16.38,16.23,16.15,15.97,14.9,14.59,14.52,14.34,14.26,13.7,13.44,13.35,13.28,13.17,13.11,13,12.91,12.34,11.68,11.26,10.54,9.58,9,8.76,8.4,7.92,7.78,7.79,7.68,7.57,7.49,7.36,7.14,7.13,11.7,180,16.6,194,12.8,182,14.9,201,17.9,202,19,224,14.4,220,10,212,13.1,228,13.3,216
2026-09-28 01:40:00,1016.5,14.8,96,0,2.8,349,0.071,1.3,16.47,16.44,16.46,16.43,16.4,16.35,16.28,16.22,15.93,15.04,14.82,14.49,14.34,14.26,14.15,13.88,13.54,13.41,13.37,13.34,13.27,12.85,12.65,11.98,11.32,10.86,9.64,8.96,8.69,8.49,7.97,7.78,7.8,7.68,7.56,7.5,7.36,7.15,7.12,13.7,205,14.9,202,16.6,200,15.4,194,19.1,207,19.3,222,20.3,229,19.1,237,16.6,231,16.1,233
2026-09-28 02:00:00,1016.5,15.6,93,0,2.3,1,0.072,1.6,16.43,16.39,16.34,16.29,16.28,16.27,16.26,16.21,15.84,15.02,14.9,14.66,14.6,14.39,14.29,14.19,14.02,13.75,13.53,13.39,13.3,12.88,12.35,11.46,11.02,9.91,9.16,8.93,8.59,8.42,7.91,7.75,7.73,7.59,7.53,7.47,7.32,7.13,7.12,12.9,168,13,188,15.8,201,15.4,198,16.2,221,17.9,233,17,225,15,232,14.5,232,19.1,236
2026-09-28 02:20:00,1016.4,15.8,91,0,1.5,334,0.071,1.5,16.4,16.37,16.29,16.25,16.25,16.26,16.24,16.23,16.21,15.99,15.14,14.78,14.69,14.64,14.57,14.46,14.29,14.17,13.75,13.18,12.88,11.85,11.42,10.9,10.04,9.28,8.97,8.87,8.52,8.38,7.92,7.75,7.76,7.6,7.52,7.41,7.3,7.13,7.11,11.2,187,9.3,202,13,209,14.4,212,16.7,213,20.4,230,23.8,236,22.6,240,17,225,17.5,224
2026-09-28 02:40:00,1016.4,15,95,0,2.7,309,0.06,1.5,16.33,16.27,16.26,16.23,16.23,16.24,16.2,16.15,15.93,15.15,14.94,14.72,14.39,14.36,14.31,14.02,13.78,13.62,13.52,13.45,13.26,12.93,11.98,11.46,10.73,9.55,9.15,8.88,8.77,8.37,7.96,7.79,7.78,7.59,7.48,7.4,7.29,7.15,7.12,13.9,184,14.2,194,14.7,187,16.4,206,20,221,26,234,24.1,243,19.5,242,16,229,18.7,227
2026-09-28 03:00:00,1016.2,15.2,94,0,2.5,355,0.057,1.4,16.3,16.27,16.27,16.24,16.24,16.26,16.25,16.2,16.09,15.56,15.03,14.81,14.26,14.15,13.96,13.61,13.56,13.34,13.3,13.27,13.01,12.64,11.97,11,10.26,9.28,9.03,8.84,8.63,8.39,8.21,7.82,7.81,7.72,7.56,7.46,7.28,7.15,7.11,12.1,183,15.5,194,17.1,196,16.4,208,15.5,219,21.5,225,19.4,241,18.2,241,12.7,222,12,217
2026-09-28 03:20:00,1016,15.6,93,0,3.4,14,0.072,1.5,16.27,16.24,16.26,16.23,16.23,16.24,16.23,16.18,16.12,15.4,15.13,14.9,14.1,14.01,13.79,13.54,13.41,13.28,13.25,13.2,12.99,12.76,12.11,10.82,9.68,9.07,8.76,8.56,8.41,8.28,8.08,7.83,7.8,7.69,7.51,7.44,7.28,7.14,7.13,11.6,177,10.9,194,12.7,211,17.6,216,17.8,242,20,241,18.2,250,17.3,244,18,247,14.1,243
2026-09-28 03:40:00,1016,15.6,92,0,2.4,325,0.082,1.6,16.27,16.25,16.27,16.24,16.24,16.24,16.21,16.12,15.87,15.34,15.15,14.89,14.41,13.91,13.75,13.39,13.3,13.19,13.18,13.18,13.14,12.7,11.81,10.58,9.4,8.93,8.58,8.39,8.26,8.25,7.98,7.78,7.74,7.51,7.44,7.37,7.25,7.13,7.07,16.5,212,15,207,14.9,223,14.6,232,19.2,224,18.3,234,20.5,252,18.3,251,16.3,241,13.1,236
2026-09-28 04:00:00,1015.9,14.5,95,0,3,279,0.085,1.5,16.25,16.24,16.26,16.23,16.24,16.24,16.17,16.08,15.84,15.16,15.1,14.69,14.08,13.83,13.76,13.52,13.29,13.17,13.11,13.1,13.1,12.82,11.75,10.57,9.58,8.99,8.59,8.39,8.27,8.24,7.96,7.78,7.63,7.51,7.38,7.31,7.19,7.1,6.99,15,201,10.3,214,13.6,191,15.8,211,15.1,225,20.4,236,19.5,247,15.1,241,9.7,242,7.3,236
2026-09-28 04:20:00,1015.9,14.5,95,0,1.8,273,0.077,1.5,16.24,16.22,16.24,16.21,16.22,16.21,16.14,16.06,15.8,15.24,15.04,14.93,14.36,13.9,13.68,13.48,13.23,13.18,13.05,13.05,13.09,12.93,11.73,10.53,9.36,8.67,8.45,8.26,8.18,8.08,7.92,7.71,7.57,7.42,7.34,7.28,7.15,7.1,7.01,9.3,181,9.7,191,9.6,227,14.2,237,22.1,242,21.2,249,18.8,247,13.5,250,12.1,255,9.3,254
2026-09-28 04:40:00,1015.7,14.6,93,0,2,272,0.084,1.7,16.36,16.33,16.28,16.21,16.18,16.18,16.1,16,15.76,15.37,15.09,14.8,14.44,13.64,13.61,13.55,13.38,13.19,13.07,12.99,12.97,12.55,10.69,9.86,8.8,8.42,8.22,8.1,7.99,7.93,7.81,7.65,7.57,7.41,7.31,7.26,7.16,7.1,7.03,12.6,211,10.8,223,13.6,236,15.3,246,18.6,247,18.6,261,20.6,251,12.9,267,12.1,270,7.5,265
2026-09-28 05:00:00,1015.4,14.6,94,0,2,313,0.084,1.7,16.39,16.29,16.28,16.21,16.19,16.16,16.09,16.07,15.93,15.44,15.2,14.84,14.43,14.04,13.91,13.55,13.47,13.37,13.16,13.1,12.99,12.91,12.21,10.26,8.88,8.4,8.2,8.08,7.95,7.91,7.73,7.51,7.51,7.38,7.31,7.29,7.16,7.11,7.03,10.2,195,14.1,195,13.4,223,12.5,224,16.6,229,18.7,242,16.1,257,12.5,280,14.4,286,11.1,277
2026-09-28 05:20:00,1015.5,15.3,92,0,4,1,0.092,1.7,16.37,16.3,16.27,16.2,16.21,16.17,16.13,16.08,15.9,15.56,15.26,14.96,14.53,14.13,13.63,13.56,13.45,13.33,13.11,13.06,12.95,12.89,12.17,10.13,8.67,8.22,8.03,7.91,7.86,7.78,7.61,7.47,7.42,7.32,7.27,7.21,7.13,7.06,7.03,8.5,196,10,221,9.6,205,14.8,219,15.1,232,17.7,254,20.1,259,14,273,9.3,281,13,289
2026-09-28 05:40:00,1015.3,15.3,93,0,5.1,349,0.146,1.8,16.48,16.43,16.32,16.22,16.18,16.18,16.11,16.11,16.01,15.72,15.44,15.17,14.6,14.41,14.19,13.87,13.49,13.39,13.2,12.97,12.91,12.88,12.61,10.38,9.52,8.62,8.32,8.14,7.95,7.88,7.64,7.49,7.43,7.33,7.26,7.22,7.12,7.04,7.02,10,191,9.4,208,10.2,237,13.8,220,16.2,231,20.5,247,17.5,255,16.6,270,16.3,282,11.3,312
2026-09-28 06:00:00,1015.3,15.3,92,0,4.1,355,0.179,2,16.51,16.46,16.39,16.28,16.21,16.22,16.21,16.13,16.05,15.8,15.66,15.36,15.22,14.83,14.32,14.15,13.74,13.42,13.26,13.05,12.91,12.82,12.77,11.74,10.2,8.65,8.45,8.21,8.07,7.94,7.78,7.5,7.45,7.36,7.26,7.24,7.13,7.01,7,12.3,160,7.4,179,6.4,223,13.6,237,16.6,252,15.5,264,17.3,257,17.2,271,16.2,275,17.7,281
2026-09-28 06:20:00,1015.5,14.9,93,0,4.4,341,0.174,2,16.5,16.46,16.46,16.39,16.29,16.22,16.14,16.05,15.93,15.8,15.81,15.63,15.47,15.35,14.67,14.4,13.66,13.49,13.32,13.01,12.93,12.79,12.74,12.27,10.19,8.8,8.47,8.2,8.02,7.91,7.8,7.52,7.45,7.37,7.26,7.22,7.11,6.99,6.97,7.1,204,9.3,226,10.2,219,8.9,220,11.5,245,15.8,264,18.4,264,19.7,268,19,265,15.7,272
2026-09-28 06:40:00,1015.5,14.8,92,0,3.4,326,0.179,2,16.52,16.49,16.48,16.4,16.38,16.31,16.21,16.1,16.04,15.97,15.9,15.73,15.16,14.71,14.6,14.19,13.82,13.43,13.18,12.91,12.87,12.79,12.68,12.63,11.48,10.09,8.75,8.36,8.14,8,7.79,7.58,7.46,7.38,7.26,7.24,7.14,7,6.97,14.7,204,13.4,234,14.9,239,14.3,239,14.5,249,15.6,262,16.4,260,19.6,276,14.7,270,10.1,275
2026-09-28 07:00:00,1015.4,14.8,94,6,4.2,342,0.181,1.9,16.51,16.49,16.47,16.42,16.37,16.34,16.32,16.15,16.09,16.03,15.99,15.86,15.69,14.94,14.48,13.75,13.41,13.24,12.93,12.77,12.75,12.68,12.66,12.57,12.09,10.03,8.93,8.52,8.18,8.02,7.81,7.62,7.51,7.41,7.29,7.23,7.17,6.98,6.95,10.9,206,10.6,228,12.7,232,14.4,248,17.9,259,19.3,245,18.8,237,15.5,253,14.9,268,9.8,281
2026-09-28 07:20:00,1015.4,14.6,95,16,4.1,338,0.17,2,16.43,16.4,16.4,16.37,16.36,16.33,16.2,16.15,16.08,16.01,15.89,15.63,14.99,14.71,13.88,13.59,13.4,13.16,12.86,12.66,12.65,12.62,12.61,12.63,12.17,10.01,8.89,8.54,8.16,8.08,7.84,7.65,7.58,7.42,7.35,7.23,7.16,6.99,6.94,10.1,222,17.6,239,20.6,227,20.6,229,18.2,242,15.6,254,17.4,265,16.7,278,18.3,287,8.7,285
2026-09-28 07:40:00,1015.6,14.7,97,37,4.9,348,0.173,2,16.41,16.39,16.37,16.31,16.27,16.21,16.14,16.11,16.08,15.95,15.74,15.42,15.34,14.87,14.5,14.21,13.65,13.27,12.78,12.67,12.69,12.66,12.36,10.88,10.4,9.62,8.79,8.39,8.15,8.03,7.83,7.65,7.57,7.43,7.38,7.29,7.15,7.05,6.97,16.2,204,10.9,230,8.8,222,16.3,254,16.7,254,13.4,247,16,273,16,283,14.2,282,7.4,280
2026-09-28 08:00:00,1015.6,14.6,96,48,4.3,329,0.202,2.1,16.37,16.34,16.36,16.3,16.24,16.2,16.11,16.06,15.92,15.78,15.59,15.41,15.35,14.97,14.23,13.86,13.47,13.3,13.17,12.84,12.76,12.75,12.03,10.97,9.77,9.64,9.39,8.85,8.56,8.3,7.93,7.72,7.6,7.43,7.31,7.21,7.11,6.99,6.93,16.9,241,17.1,237,17,246,18,245,15.6,249,14.7,261,13.3,272,15.6,278,16,279,12,286
2026-09-28 08:20:00,1015.6,14.6,98,40,3.5,326,0.197,2.1,16.28,16.22,16.22,16.16,16.06,15.99,15.85,15.65,15.42,15.34,15.33,14.95,13.93,13.85,13.79,13.78,13.5,13.36,13.29,13.12,12.83,12.8,12.75,12.7,12.16,11.53,9.58,9.42,9.29,8.83,8.23,7.8,7.75,7.53,7.44,7.34,7.13,6.95,6.93,16.5,225,18.8,237,16.4,236,14.4,250,15.4,260,12.7,275,12.8,277,11.9,291,9.1,285,10,303
2026-09-28 08:40:00,1015.7,14.5,97,81,3.6,327,0.195,2.2,16.09,16.05,16.06,16.03,16.03,16.02,15.89,15.77,15.4,15.29,15.24,14.78,14.61,14.17,13.7,13.53,13.51,13.48,13.44,13.37,13.25,12.76,12.7,12.7,12.68,12.17,11.09,9.35,9.18,8.97,8.51,7.86,7.79,7.62,7.48,7.42,7.12,6.96,6.92,20.2,214,19.1,220,18,228,17.9,237,19.5,252,13.8,256,15.8,277,14.1,269,12.6,274,7.5,280
2026-09-28 09:00:00,1015.5,14.3,99,57,3.7,331,0.177,2.1,16.02,16,16.02,15.99,15.99,15.95,15.81,15.65,15.47,15.16,15.03,14.82,14.74,14.58,14.34,13.8,13.54,13.44,13.41,13.41,13.28,12.84,12.73,12.66,12.51,10.53,9.08,8.96,8.75,8.7,8.32,7.86,7.8,7.67,7.49,7.42,7.18,6.99,6.93,17.7,232,17.3,229,19.1,240,17.2,250,13.9,250,12.9,256,9.8,258,15.7,270,12.3,279,11.5,278
2026-09-28 09:20:00,1015.6,14.3,100,96,5.7,341,0.193,2.1,16.02,15.98,15.99,15.94,15.9,15.81,15.76,15.59,15.49,15.26,14.93,14.62,14.34,14.24,13.79,13.75,13.73,13.5,13.45,13.42,13.26,12.94,12.73,12.63,12.59,11.54,9.33,8.91,8.77,8.6,8.28,7.84,7.79,7.69,7.5,7.39,7.17,6.98,6.93,17.2,258,18.8,253,18.1,242,19.5,260,17.6,249,14.9,251,8.8,282,9.6,284,10.2,291,10.7,285
2026-09-28 09:40:00,1015.6,14.5,99,166,4.9,342,0.235,2.3,15.98,15.94,15.95,15.9,15.85,15.83,15.79,15.73,15.55,15.37,15.17,14.59,14.28,14,13.93,13.91,13.66,13.64,13.53,13.51,13.45,13.13,12.81,12.68,12.53,10.86,10.22,9.44,8.85,8.73,8.42,8.03,7.9,7.74,7.56,7.41,7.19,7.02,6.97,16.9,233,18.5,238,20.2,245,16.3,248,14,246,12,247,10.1,250,6.1,244,8.5,265,8.8,257
2026-09-28 10:00:00,1015.7,14.6,97,165,4.7,346,0.194,2.3,15.82,15.79,15.8,15.77,15.78,15.76,15.72,15.71,15.62,15.16,14.95,14.6,14.43,14.23,14.08,13.77,13.75,13.7,13.68,13.66,13.69,13.22,13.14,12.87,12.74,12.39,10.6,9.61,9.3,8.79,8.49,8.17,7.95,7.76,7.61,7.46,7.15,7.02,6.94,11.4,237,13.1,258,9.4,252,12,255,14.8,250,11.8,246,8.3,232,6.4,244,10.6,249,5.6,238
2026-09-28 10:20:00,1015.8,14.6,97,203,4.3,338,0.225,2.3,15.85,15.83,15.83,15.8,15.78,15.78,15.71,15.62,15.51,15.39,15.26,14.88,14.37,14.27,14.07,13.95,13.76,13.69,13.67,13.66,13.64,13.36,12.99,12.79,12.58,10.62,9.61,9.47,9.06,8.6,8.42,8.12,7.9,7.74,7.57,7.5,7.27,7.12,6.93,15.3,252,15.3,258,12.8,257,12.1,253,10.1,243,11.7,259,13.2,252,11.3,249,8.3,246,11.3,278
2026-09-28 10:40:00,1015.8,14.9,98,121,4.2,331,0.218,2.3,15.88,15.85,15.87,15.83,15.84,15.83,15.77,15.59,15.34,15.06,14.84,14.41,14.27,14.26,14.23,14.13,13.98,13.88,13.71,13.68,13.69,13.48,12.89,12.75,12.53,10.6,9.48,8.91,8.54,8.48,8.22,7.94,7.81,7.66,7.56,7.46,7.28,7.15,6.93,17.9,244,17.9,240,12.1,241,12.1,219,10.5,235,11.7,250,8.6,237,9.4,273,13.1,282,11.9,279
2026-09-28 11:00:00,1015.6,15,96,165,4,330,0.206,2.3,15.85,15.82,15.83,15.8,15.77,15.67,15.59,15.21,14.69,14.47,14.38,14.26,14.2,14.17,14.04,13.99,13.95,13.78,13.69,13.67,13.66,13.43,12.84,12.77,12.63,10.76,9.49,9.09,8.61,8.53,8.26,7.98,7.85,7.74,7.69,7.58,7.39,7.17,6.95,15.2,244,13.7,236,12,223,11.7,238,11.3,256,12.8,264,14.1,264,14,257,14.6,264,10.7,274
2026-09-28 11:20:00,1015.6,15,94,172,4.5,356,0.181,2.3,15.42,15.34,15.34,15.3,15.29,15.3,15.3,15.33,14.96,14.28,14.2,14.14,13.98,13.94,13.91,13.88,13.81,13.77,13.74,13.7,13.68,13.29,12.83,12.76,12.62,10.73,9.65,8.91,8.62,8.49,8.18,7.95,7.9,7.81,7.72,7.6,7.44,7.13,6.99,12.9,243,12.8,245,17.3,240,11.7,231,9.4,240,15.4,248,13.5,252,11.9,251,11.1,250,11,238
2026-09-28 11:40:00,1015.6,15,96,183,4.2,357,0.217,2.4,15.25,15.19,15.16,15.11,15.1,15.03,14.51,14.33,14.29,14.24,14.2,14.12,13.89,13.83,13.78,13.79,13.78,13.76,13.74,13.48,13.23,12.89,12.78,12.7,12.56,10.65,10.1,9.49,9.16,8.7,8.4,8.01,8.01,7.87,7.73,7.69,7.52,7.17,7.02,9,254,6.6,218,10.9,221,11.3,232,11.9,233,16.8,239,13.9,236,11.6,239,5,229,9.3,259
2026-09-28 12:00:00,1015.6,15,95,208,4.5,15,0.258,2.3,15.18,15.11,15.13,15.07,14.97,14.9,14.5,14.33,14.25,14.21,14.23,14.05,13.9,13.77,13.76,13.78,13.78,13.74,13.72,13.66,13.44,12.92,12.77,12.65,12.38,10.53,9.62,9.52,9.29,8.72,8.39,8.03,8.03,7.86,7.69,7.61,7.39,7.18,7.12,8.4,240,12,216,12.5,228,16.9,240,16.5,239,13.1,232,10.1,249,8.2,233,7.3,216,7.5,239
2026-09-28 12:20:00,1015.4,14.9,96,191,4.4,359,0.259,2.4,15.18,15.14,15.09,14.97,14.86,14.72,14.5,14.35,14.27,14.23,14.24,14.2,14.17,14.15,13.92,13.76,13.76,13.73,13.72,13.71,13.58,12.99,12.76,12.49,12.23,10.65,10.02,9.76,9.57,9.33,8.66,8.17,8.14,7.93,7.75,7.63,7.4,7.11,7.01,5.2,237,6.8,216,9.1,233,9.4,200,13.2,215,13.2,222,14.2,226,11.6,213,12,214,9.4,233
2026-09-28 12:40:00,1015.4,14.9,96,153,4.4,355,0.26,2.5,15.21,15.2,15.11,14.95,14.81,14.69,14.46,14.38,14.31,14.25,14.21,14.14,14.04,14.06,14.05,14.02,13.74,13.71,13.7,13.69,13.34,12.83,12.56,12.34,10.71,10.19,9.97,9.89,9.36,8.89,8.44,8.15,8.09,7.77,7.59,7.44,7.21,6.96,6.99,9.8,219,9.9,221,10.7,216,11.8,212,11.2,224,11.7,207,9.8,213,10,205,8.5,195,8.4,206
2026-09-28 13:00:00,1015.3,15.1,96,202,3.9,349,0.249,2.6,15.23,15.19,15.16,14.9,14.63,14.39,14.36,14.35,14.32,14.26,14.25,14.15,14.05,13.99,13.89,13.83,13.82,13.78,13.76,13.74,13.71,13.21,12.79,12.53,10.89,10.29,10.12,9.61,9.05,8.74,8.51,8.15,7.88,7.62,7.57,7.49,7.16,6.99,6.97,5,191,6.8,179,7.3,215,11.8,213,11.5,196,12.7,191,10.6,181,8.6,186,8.2,220,5.1,187
2026-09-28 13:20:00,1015.2,15.3,94,195,4.2,3,0.23,2.4,15.28,15.23,15.17,14.97,14.59,14.47,14.41,14.42,14.37,14.23,14.19,14.05,13.86,13.84,13.79,13.79,13.79,13.76,13.75,13.73,13.74,13.63,12.89,12.69,10.72,10.41,10.19,9.25,9.03,8.86,8.29,7.92,7.75,7.57,7.4,7.22,7.03,6.94,6.95,6.5,217,5.6,188,7.6,186,10.6,186,11.8,181,11.9,194,8,208,9,187,7.3,210,7.3,190
2026-09-28 13:40:00,1015,15.5,93,230,4,344,0.213,2.3,15.21,15.16,15.17,15.13,14.99,14.71,14.51,14.48,14.44,14.41,14.41,14.33,14.11,13.86,13.81,13.79,13.78,13.75,13.72,13.69,13.68,12.94,12.75,12.16,10.48,10.27,9.67,9.18,8.91,8.74,8.14,7.87,7.7,7.61,7.44,7.16,6.97,6.89,6.93,8.6,217,7.6,188,10.5,179,10.1,149,6.7,171,9.9,175,8.5,174,8.8,186,10.7,178,8.2,213
2026-09-28 14:00:00,1014.9,15.6,95,251,3.8,3,0.207,2.3,15.43,15.36,15.1,14.95,14.56,14.53,14.52,14.53,14.49,14.27,14.17,14.06,13.96,13.86,13.8,13.75,13.7,13.57,13.46,13.38,13.32,12.93,12.72,10.96,10.59,10.28,9.52,9.12,8.92,8.61,8.12,7.85,7.7,7.62,7.41,7.16,6.91,6.89,6.93,9.8,170,12.7,172,9.3,170,13.7,186,11,185,11.6,169,11.1,194,6.5,204,8.2,195,6.5,197
2026-09-28 14:20:00,1014.8,15.6,93,194,4.1,347,0.197,2.2,15.56,15.53,15.47,15.03,14.87,14.71,14.61,14.61,14.5,14.15,14.05,13.93,13.8,13.79,13.68,13.62,13.45,13.27,13.18,13.14,12.87,12.72,12.15,10.92,10.56,10.09,9.55,9.34,8.95,8.59,8.22,7.87,7.78,7.65,7.46,7.32,7.02,6.88,6.92,4.1,125,8,178,10.4,169,8.7,171,8.5,169,8.6,150,6.7,163,8.1,194,7.9,212,4.8,201
2026-09-28 14:40:00,1014.8,15.7,94,191,4.5,359,0.194,2.1,15.54,15.51,15.48,15.16,14.96,14.7,14.64,14.58,14.44,14.18,14.1,13.85,13.76,13.67,13.42,13.41,13.3,13.15,13.1,13.05,12.81,12.28,12.09,11.25,10.58,10.02,9.53,9.46,8.82,8.45,8.15,7.84,7.74,7.55,7.36,7.19,6.95,6.88,6.92,4.2,166,10.1,165,10.3,161,8.9,181,10.5,172,10.4,185,8.2,177,7.6,187,2.8,215,6.9,214
2026-09-28 15:00:00,1014.7,15.7,94,130,3.7,6,0.189,2.2,15.43,15.39,15.4,15.3,15.02,14.7,14.62,14.55,14.36,14.04,13.83,13.66,13.55,13.53,13.43,13.19,12.78,12.51,12.34,12.26,12.11,12.08,11.94,11.52,11.09,10.36,9.98,9.55,9.19,8.71,8.17,7.81,7.71,7.58,7.43,7.21,7.01,6.89,6.92,13.4,147,15.4,143,16.3,163,16,159,13.1,167,11.4,179,10.2,174,9.2,173,10.2,161,11.9,162
2026-09-28 15:20:00,1014.6,15.7,93,86,5.3,6,0.209,2.2,15.3,15.26,15.25,15.19,15.07,14.9,14.84,14.71,14.65,14.47,14.02,13.79,13.77,13.76,13.71,13.52,13.34,13.15,12.81,12.53,12.39,12.04,11.47,11.14,10.38,9.81,9.57,8.89,8.7,8.64,8.2,7.79,7.71,7.59,7.4,7.25,7.02,6.87,6.91,10.6,161,11.9,148,10.4,147,13.6,162,16.1,159,11.6,182,9.2,184,8.7,172,9.4,148,9.1,148
2026-09-28 15:40:00,1014.6,15.5,94,128,5,359,0.226,2.2,15.25,15.23,15.23,15.14,14.93,14.79,14.63,14.35,14.12,13.88,13.85,13.8,13.74,13.64,13.44,13.11,12.78,12.62,12.39,12.29,12,11.66,11.17,11.1,11.05,10.32,9.87,9.71,9.38,8.73,8.54,8.07,7.87,7.63,7.49,7.34,6.94,6.88,6.92,12.4,158,14.1,157,12.1,184,12,200,12.6,186,13.6,167,11.3,155,7.8,165,9.3,162,10,196
2026-09-28 16:00:00,1014.6,15.1,96,151,5.7,354,0.241,2.3,15.26,15.24,15.25,15.16,15.02,14.86,14.66,14.58,14.34,14.17,13.91,13.81,13.77,13.75,13.6,13.17,13.03,12.88,12.43,12.34,11.89,11.65,11.29,11.06,11.05,10.38,9.85,9.79,9.35,8.87,8.71,8.03,7.8,7.63,7.49,7.25,7,6.88,6.92,10.1,165,13.5,171,14.3,156,13.1,173,11.8,185,10.4,194,8.5,174,9.5,169,7.6,143,5,135
2026-09-28 16:20:00,1014.6,14.9,97,99,5.6,353,0.252,2.4,15.25,15.22,15.24,15.19,15.09,14.87,14.75,14.65,14.59,14.09,14.09,13.99,13.85,13.75,13.33,13.16,13.1,12.79,12.62,12.34,11.89,11.66,11.4,11.41,11.26,10.92,10.4,9.94,9.86,9.56,8.75,7.89,7.72,7.6,7.39,7.31,7,6.89,6.92,16.7,141,12.4,167,16.5,150,14,137,10.5,146,13,147,11.7,139,6.5,164,7.6,174,8,188
2026-09-28 16:40:00,1014.6,14.8,99,44,5.4,345,0.249,2.4,15.29,15.26,15.28,15.25,15.22,15.09,14.79,14.63,14.3,14.06,14.05,13.9,13.74,13.46,13.25,13.15,13.06,13.01,12.67,12.43,12.09,11.86,11.54,11.42,11.25,10.85,10.5,10.04,9.89,9.61,8.85,8.01,7.72,7.58,7.47,7.28,7.1,6.91,6.93,14.1,143,15.2,147,9.8,157,9.7,170,8.8,173,7.7,163,9.8,150,6.9,133,8.9,156,7.2,137
2026-09-28 17:00:00,1014.6,14.8,98,21,5.3,348,0.24,2.3,15.31,15.29,15.31,15.27,14.95,14.87,14.73,14.45,14.05,13.98,13.87,13.77,13.54,13.34,13.26,13.25,13.18,13.08,13.01,12.93,12.6,12.3,12.1,11.92,11.6,11.22,10.78,10.38,9.95,9.8,8.94,8.28,8.12,7.73,7.61,7.52,7.25,7.08,6.96,15.8,145,9.7,145,9,142,3.8,161,6,144,6,122,6.3,105,6.8,110,6.8,127,5.2,134
2026-09-28 17:20:00,1014.5,14.8,98,12,4.8,349,0.237,2.3,15.33,15.31,15.33,15.29,15.19,15.09,14.77,14.36,14.02,13.79,13.65,13.38,13.33,13.31,13.25,13.24,13.25,13.22,13.07,12.95,12.97,12.67,12.41,12.28,12.2,11.84,11.46,11.01,10.58,10.13,9.05,8.6,8.28,7.8,7.7,7.57,7.42,7.19,7,12.5,118,10.9,146,10.3,158,6.6,153,8.6,143,5.4,118,5.5,121,1.9,95,4.6,155,6.3,173
2026-09-28 17:40:00,1014.7,14.9,97,7,5.8,6,0.213,2.5,15.3,15.28,15.29,15.27,15.16,14.96,14.45,14.03,13.98,13.79,13.77,13.68,13.62,13.48,13.29,13.18,13.19,13.16,13.13,13.08,13.07,13.05,12.79,12.54,12.21,11.67,10.75,10.33,9.86,9.35,8.63,7.9,7.8,7.64,7.54,7.52,7.35,7.14,7.01,17.3,129,13.1,156,11.1,148,8.2,108,8.7,113,7.6,82,9.6,104,12.2,92,8.2,102,10,106
2026-09-28 18:00:00,1014.9,14.7,97,3,5,356,0.243,2.4,15.27,15.24,15.26,15.23,15.24,15.18,14.64,14.29,14.07,14.01,13.96,13.92,13.8,13.79,13.73,13.52,13.48,13.33,13.26,13.19,13.12,13.03,12.97,12.95,12.77,11.15,10.43,10.06,9.79,9.06,8.31,7.84,7.77,7.64,7.53,7.48,7.29,7,7,15.2,129,16,142,11.5,144,9.8,124,7.1,114,10.7,91,5.1,77,6.3,72,11.2,62,9.8,79
2026-09-28 18:20:00,1014.9,14.5,98,1,5.7,348,0.3,2.6,15.24,15.22,15.23,15.21,15.21,15.22,14.95,14.19,14.14,14.06,14.02,13.99,13.93,13.9,13.85,13.85,13.69,13.41,13.21,13.1,13.06,13.04,12.93,12.75,11.81,10.7,10.27,9.92,9.55,9.08,8.24,7.79,7.73,7.63,7.58,7.47,7.08,6.99,7.02,16.8,128,15.3,151,13.3,150,12.4,134,9.8,116,9.2,95,11.4,81,11.1,83,14.8,81,14.2,87
2026-09-28 18:40:00,1015.2,14.2,99,0,5.9,332,0.319,2.7,15.2,15.17,15.17,15.12,15.12,14.92,14.65,14.51,14.41,14.21,14.22,14.1,14.05,14.07,14.05,14.03,13.76,13.58,13.19,13.13,13.03,12.91,12.82,12.76,12.49,10.99,10.42,10.35,9.67,9.39,8.34,7.81,7.77,7.72,7.54,7.19,7.01,7,7.03,21.5,153,16,141,11.4,116,5.2,126,5,146,8.5,119,10.8,102,8.8,93,7.8,55,10,72
2026-09-28 19:00:00,1015.1,13.9,100,0,5.7,342,0.301,2.6,15.22,15.2,15.19,15.1,14.91,14.73,14.54,14.47,14.36,14.31,14.31,14.24,14.18,14.18,14.15,14.14,14.08,13.95,13.82,13.61,13.32,12.95,12.71,12.56,11.91,10.66,10.44,10.44,9.59,9.48,8.14,7.76,7.67,7.56,7.35,7.18,6.99,6.97,7.01,13,120,9.2,99,11.4,103,8.6,68,8,65,10.2,87,6.2,61,6.6,53,9.1,75,10.9,74
2026-09-28 19:20:00,1015.2,13.6,100,0,5.3,346,0.316,2.6,15.2,15.18,15.18,15.13,15.1,15.03,14.62,14.49,14.43,14.4,14.42,14.39,14.34,14.33,14.32,14.32,14.3,14.26,14.11,13.84,13.72,13.08,12.66,12.53,11.17,10.57,10.46,9.77,9.65,8.53,7.87,7.72,7.59,7.42,7.23,7.11,6.98,6.96,7,16.5,127,12.5,127,8.2,96,8.7,71,12.2,64,9.5,61,11.2,79,9.2,83,9.9,73,12.3,69
2026-09-28 19:40:00,1015.3,13.6,100,0,6.3,338,0.279,2.8,15.27,15.27,15.28,15.25,15.26,15.27,14.96,14.81,14.78,14.74,14.72,14.66,14.66,14.61,14.56,14.49,14.41,14.33,14.12,13.97,13.89,12.96,12.56,12.28,11.06,10.6,10.43,9.74,8.64,8.26,7.89,7.67,7.55,7.31,7.22,7.04,6.97,6.95,6.99,12.1,127,9,143,6.7,142,4.6,87,5.6,101,9,68,11.2,52,12.4,49,15.5,49,13.1,61
2026-09-28 20:00:00,1015.2,13.5,100,0,5.5,344,0.26,2.5,15.31,15.26,15.25,15.22,15.23,15.2,15.08,15.08,15.05,14.95,14.97,14.85,14.72,14.62,14.54,14.51,14.34,14.28,14.05,13.73,13.6,12.89,12.59,12.33,12.08,10.76,10.58,10.24,9.59,8.92,8.07,7.87,7.72,7.41,7.18,7.06,6.97,6.94,6.98,13.3,124,12.2,111,10.4,89,9.2,59,10.1,71,12.9,75,11.6,47,9.5,51,12.7,53,12.6,72
2026-09-28 20:20:00,1015.2,13.4,100,0,6.3,341,0.253,2.6,15.38,15.38,15.37,15.31,15.28,15.26,15.23,15.21,15.13,15.07,15.1,15.08,14.96,14.92,14.83,14.77,14.69,14.5,14.34,14.13,14.14,14.03,13.4,12.52,11.69,10.72,10.34,9.74,8.83,8.46,8.04,7.82,7.61,7.46,7.26,7.1,6.95,6.94,6.98,15.8,119,14.1,131,13.8,107,11.4,113,10.5,74,6.7,74,7,74,13.3,75,13,64,15.9,59
2026-09-28 20:40:00,1015.3,13.5,100,0,5.5,349,0.264,2.7,15.46,15.45,15.38,15.35,15.3,15.28,15.23,15.23,15.21,15.1,15.09,15.06,15.03,15.05,15.04,15.04,15.01,14.87,14.72,14.51,14.23,13.96,12.75,11.55,10.85,10.28,9.94,9.24,9.05,8.78,8.04,7.82,7.68,7.56,7.41,7.21,7.03,6.94,6.97,11.7,137,11.7,127,10.8,96,8,74,9.9,80,10.9,77,8.7,76,8.6,69,12.1,67,12.1,66
2026-09-28 21:00:00,1015.3,13.5,100,0,5.9,345,0.257,2.7,15.4,15.36,15.36,15.33,15.29,15.29,15.27,15.26,15.27,15.2,15.22,15.19,15.17,15.15,15.13,15.13,15.01,14.95,14.63,14.42,14.33,13.84,12.76,12.28,11.35,10.53,10.16,9.31,9.02,8.78,8.41,7.84,7.67,7.51,7.39,7.25,6.99,6.94,6.97,13,135,9.8,133,7.4,117,8.1,95,6.7,111,9.1,109,11.9,97,9.8,81,9.6,59,9.9,66
2026-09-28 21:20:00,1015.4,13.5,100,0,6.6,349,0.253,2.6,15.46,15.46,15.46,15.43,15.38,15.36,15.34,15.38,15.36,15.29,15.32,15.27,15.22,15.27,15.21,15.14,15.1,15.05,15.03,15,14.53,14.38,13.75,12.6,11.83,10.69,10.04,9.3,8.8,8.57,8.27,7.78,7.79,7.58,7.45,7.35,7.08,6.95,6.98,9.7,131,12.6,129,8.7,108,7.3,78,7.3,78,9.7,75,12.4,70,16.9,66,14,74,12.6,66
2026-09-28 21:40:00,1015.5,13.5,100,0,6.1,347,0.248,2.6,15.51,15.47,15.47,15.43,15.41,15.42,15.42,15.44,15.43,15.4,15.43,15.41,15.37,15.37,15.32,15.26,15.25,15.04,14.94,14.78,14.5,14.08,13.48,12.55,12.21,10.95,10.42,9.76,8.95,8.67,8.29,7.83,7.89,7.62,7.55,7.44,7.29,7.07,6.99,11.7,125,10.9,132,13,117,11.6,113,9.2,100,8.5,91,6.7,101,7.3,87,5.4,43,9,75
2026-09-28 22:00:00,1015.6,13.1,100,0,5.4,330,0.262,2.7,15.51,15.47,15.49,15.46,15.47,15.49,15.48,15.47,15.44,15.38,15.42,15.39,15.37,15.39,15.34,15.34,15.17,15.07,14.98,14.9,14.66,14.14,13.76,12.43,11.95,10.5,10.35,9.9,9.54,9.03,8.3,7.88,7.89,7.78,7.61,7.53,7.4,7.2,7.01,10.2,128,7.4,129,6.5,93,6.6,120,3.1,91,4.7,39,7.2,53,9.9,81,10.2,66,9.4,50
2026-09-28 22:20:00,1015.7,13,100,0,5.5,332,0.261,2.5,15.71,15.7,15.7,15.66,15.6,15.6,15.54,15.53,15.53,15.53,15.53,15.46,15.42,15.44,15.39,15.4,15.34,15.3,15.22,15.07,15.04,14.89,14.45,13.41,12.11,10.52,9.98,9.23,8.87,8.31,7.96,7.83,7.8,7.78,7.59,7.53,7.35,7.25,7.12,11.7,119,11.6,122,14.1,124,9.6,100,9.2,138,7.4,119,10.5,79,11,88,9,77,8.6,70
2026-09-28 22:40:00,1015.7,13,100,0,6.2,328,0.244,2.4,15.76,15.7,15.7,15.67,15.63,15.66,15.68,15.63,15.57,15.53,15.55,15.51,15.46,15.44,15.41,15.43,15.44,15.41,15.41,15.36,15.25,15.09,14.73,13.91,12.23,10.65,10.16,9.67,9.19,8.56,8.03,7.86,7.82,7.75,7.59,7.52,7.35,7.25,7.12,12.3,110,9.2,116,9.4,117,11.6,117,12.9,96,9.3,78,7.5,60,7.2,85,7.1,65,6.5,97
2026-09-28 23:00:00,1015.8,12.9,100,0,6,316,0.249,2.6,15.73,15.68,15.69,15.63,15.57,15.57,15.57,15.56,15.55,15.5,15.51,15.46,15.43,15.46,15.44,15.44,15.44,15.42,15.39,15.27,15.17,14.84,14.25,13.64,12.08,11.2,11.2,11.11,10.92,9.57,8.65,8.1,7.93,7.84,7.7,7.6,7.33,7.23,7.1,14.5,143,14,124,11.8,133,12,120,11.6,104,10.3,97,10.1,84,8.5,65,7.7,60,7.3,72
2026-09-28 23:20:00,1015.6,12.8,100,0,6,331,0.247,2.5,15.75,15.73,15.74,15.72,15.72,15.7,15.7,15.72,15.69,15.57,15.58,15.54,15.52,15.52,15.49,15.47,15.46,15.38,15.36,15.36,15.24,15.03,14.11,13.29,12.37,11.32,11.08,10.82,10.32,9.88,8.35,8.05,7.91,7.78,7.67,7.53,7.29,7.2,7.11,21.8,113,15.6,120,12.9,125,8.2,115,10.8,100,11.8,106,13.1,87,13.3,86,9.7,90,11.4,84
2026-09-28 23:40:00,1015.7,12.8,100,0,6.1,330,0.265,2.5,15.74,15.74,15.73,15.68,15.65,15.67,15.64,15.66,15.65,15.6,15.61,15.58,15.56,15.57,15.54,15.51,15.48,15.45,15.31,14.89,14.73,14.36,13.78,13.66,13.66,12.39,11.2,10.76,10.47,10.46,10.2,8.94,8.08,7.84,7.68,7.61,7.3,7.2,7.11,14.7,132,13.5,121,13.8,128,9.8,123,6,96,10.1,84,9.8,68,11.4,71,12.6,71,11.4,86
2026-09-29,1015.7,12.8,100,0,6.5,333,0.281,2.5,15.8,15.78,15.8,15.78,15.79,15.77,15.73,15.73,15.67,15.62,15.62,15.56,15.55,15.57,15.54,15.55,15.55,15.49,15.48,15.46,15.08,14.56,14.23,13.81,12.22,11.85,11.19,10.77,10.36,10.15,9.67,8.96,8.04,7.96,7.75,7.61,7.47,7.24,7.12,16,115,14.3,122,11.8,131,13.8,117,14.3,108,13,108,7.6,116,7,95,8.9,75,6.4,80
2026-09-29 00:20:00,1015.7,12.8,100,0,5,335,0.286,2.6,15.79,15.79,15.78,15.76,15.76,15.78,15.77,15.74,15.6,15.57,15.61,15.53,15.49,15.51,15.48,15.5,15.49,15.47,15.45,15.41,14.82,14.77,14.67,13.84,11.97,11.58,11.02,10.24,10.04,9.94,9.2,8.35,7.98,7.84,7.67,7.62,7.44,7.26,7.15,15.5,110,15.4,128,16.2,131,15.1,117,12.2,123,8.9,108,6.8,117,6.7,113,5.6,97,4.3,85
2026-09-29 00:40:00,1015.7,12.8,100,0,6.6,330,0.272,2.8,15.93,15.92,15.91,15.84,15.66,15.63,15.6,15.58,15.57,15.55,15.57,15.53,15.51,15.51,15.48,15.46,15.28,15.24,15.18,15.12,15.06,14.97,14.55,14.5,11.88,11.49,11.03,10.4,10.04,9.99,9.59,8.35,7.98,7.82,7.7,7.63,7.5,7.25,7.21,12.1,103,12.9,121,8.3,131,7,124,8.6,122,9.3,106,6.3,90,5,77,9.1,65,11.6,109
2026-09-29 01:00:00,1015.8,12.8,100,0,5.9,323,0.279,2.8,16,15.95,15.96,15.92,15.89,15.79,15.63,15.62,15.6,15.57,15.61,15.56,15.53,15.5,15.46,15.48,15.46,15.41,15.2,15.16,15.14,14.95,14.7,14.65,14.38,11.29,10.72,10.37,10.05,9.89,9.31,8.07,7.97,7.8,7.68,7.66,7.53,7.33,7.26,11.1,82,7.4,62,7.4,53,10.6,49,8.9,62,6.4,75,9.8,75,10.2,65,6.6,37,10.3,58
2026-09-29 01:20:00,1015.7,12.9,100,0,6.7,334,0.296,2.8,15.98,15.96,15.97,15.93,15.93,15.88,15.85,15.78,15.64,15.61,15.63,15.58,15.55,15.53,15.47,15.47,15.44,15.39,15.39,15.36,15.28,15.23,14.87,14.68,14.47,11.79,10.85,10.52,10.26,10.11,9.43,8.18,7.93,7.72,7.7,7.64,7.55,7.32,7.39,12.4,92,14,111,10.3,70,11.2,63,9.2,47,10.6,33,9.7,43,12,42,9.7,37,8.2,40
2026-09-29 01:40:00,1015.7,12.8,100,0,6.3,335,0.304,2.7,16.02,16,16.02,15.99,15.99,16,16,15.94,15.93,15.78,15.69,15.63,15.61,15.62,15.56,15.53,15.43,15.38,15.37,15.3,15.28,14.96,14.91,14.88,14.67,12.11,10.84,10.74,10.33,10.21,9.74,8.51,7.9,7.82,7.63,7.54,7.39,7.36,7.34,15.5,89,12.3,69,11.3,78,12.2,72,11.1,60,8.7,66,6.7,42,8.4,5,10.3,353,8.3,10
2026-09-29 02:00:00,1015.8,12.7,100,0,4.1,319,0.298,2.8,16.09,16.09,16.09,16.06,16.06,16.07,16.05,16.07,16.07,16.05,16.03,15.87,15.66,15.66,15.64,15.66,15.55,15.46,15.4,15.25,15.14,15.13,15.1,15.05,14.77,12.47,10.71,10.68,10.37,10.18,9.7,8.85,8.25,7.88,7.69,7.6,7.44,7.33,7.34,13.1,74,9.7,73,6.3,56,10.5,65,10.9,60,12.5,69,10,73,7.4,9,6.7,356,8.5,353
2026-09-29 02:20:00,1015.7,12.6,99,0,5.3,325,0.293,2.7,16.2,16.18,16.2,16.16,16.16,16.16,16.15,16.14,16.08,16.03,15.98,15.81,15.71,15.67,15.66,15.55,15.45,15.42,15.31,15.22,15.23,15.2,15.12,14.92,14.36,11.84,10.93,10.67,10.5,10.21,10.08,8.98,8.23,7.89,7.79,7.61,7.48,7.33,7.35,10,54,10.6,72,10.3,72,8.7,73,8.7,51,9.8,61,6.6,65,1.6,102,2.3,11,5.6,25
2026-09-29 02:40:00,1015.7,12.6,99,0,6.3,335,0.286,2.7,16.28,16.27,16.29,16.27,16.27,16.26,16.25,16.26,16.21,16.17,16.23,16.08,15.9,15.73,15.67,15.69,15.68,15.36,15.31,15.28,15.29,15.25,15.18,15.01,14.53,11.6,11.11,10.67,10.51,10.13,9.95,8.6,8.15,7.9,7.85,7.69,7.51,7.32,7.34,10.9,83,9.2,97,10.9,64,10,73,7.3,85,7.4,72,6.5,65,9,48,6,38,3.8,49
2026-09-29 03:00:00,1015.5,12.6,98,0,4.8,338,0.283,2.7,16.38,16.37,16.38,16.36,16.37,16.37,16.36,16.37,16.31,16.17,16.03,15.83,15.68,15.69,15.68,15.6,15.43,15.37,15.31,15.28,15.29,15.26,15.19,15.03,14.47,13.2,11.37,10.59,10.48,10.2,9.62,8.54,8.08,7.89,7.83,7.75,7.55,7.41,7.35,10,62,10.1,55,12.2,59,11.8,65,8.6,37,6.5,67,10.6,42,5.9,51,1.2,40,5.8,14
2026-09-29 03:20:00,1015.6,12.6,99,0,5.1,331,0.287,2.6,16.42,16.41,16.42,16.39,16.39,16.39,16.37,16.38,16.27,16.09,15.86,15.77,15.72,15.71,15.68,15.64,15.56,15.46,15.38,15.29,15.3,15.29,15.24,15.2,14.8,13.67,11.57,10.56,10.11,9.71,9.24,8.78,8.26,7.91,7.84,7.74,7.55,7.31,7.34,15,48,14.5,44,13.9,44,11.4,53,10.4,48,7.2,20,6.1,342,6.3,10,2.8,345,5.5,360
2026-09-29 03:40:00,1015.5,12.6,100,0,4.8,339,0.272,2.7,16.45,16.44,16.46,16.43,16.44,16.42,16.4,16.39,16.31,16.24,16.16,15.9,15.75,15.74,15.69,15.69,15.66,15.42,15.37,15.34,15.33,15.3,15.24,15.22,14.96,13.61,10.91,10.44,9.77,9.48,9.16,8.45,8.1,7.9,7.78,7.7,7.55,7.32,7.34,8.4,72,11.5,56,7.8,66,6.8,48,7.4,54,9.9,45,10.9,32,7.6,343,4.5,344,6.2,8
2026-09-29 04:00:00,1015.5,12.5,99,0,4.9,326,0.277,2.8,16.48,16.45,16.47,16.45,16.46,16.47,16.43,16.46,16.45,16.41,16.07,15.87,15.76,15.75,15.71,15.69,15.54,15.4,15.35,15.32,15.33,15.3,15.26,15.23,14.97,13.19,10.53,9.81,9.49,9.28,9.13,8.37,8.15,7.85,7.77,7.69,7.58,7.31,7.35,13.8,67,15.5,60,8.2,69,10.3,49,9.4,41,8.6,41,5,13,5.6,5,6.5,10,8.2,8
2026-09-29 04:20:00,1015.3,12.6,98,0,4.7,328,0.282,2.4,16.52,16.5,16.52,16.49,16.5,16.51,16.5,16.5,16.48,16.37,16.04,15.85,15.78,15.76,15.71,15.7,15.67,15.43,15.35,15.33,15.34,15.3,15.25,15.25,15.04,12.63,10.58,9.9,9.31,9.22,9.15,8.45,8.22,7.9,7.81,7.69,7.58,7.36,7.34,11.1,57,11,41,12.8,59,14.3,78,14.4,79,12.9,60,8.2,28,9.3,15,7.8,32,8.3,25
2026-09-29 04:40:00,1015.5,12.5,99,0,3.3,331,0.25,2.6,16.53,16.51,16.53,16.51,16.5,16.52,16.51,16.53,16.53,16.43,15.98,15.84,15.77,15.74,15.68,15.59,15.49,15.39,15.35,15.32,15.32,15.31,15.3,15.32,15.32,12.46,10.61,9.95,9.44,9.24,9.14,8.36,8.23,7.84,7.77,7.73,7.59,7.39,7.32,10.4,61,14,90,11.3,76,13.6,47,10.5,43,11.2,28,8.2,31,6,38,6.7,17,6.5,18
2026-09-29 05:00:00,1015.8,12.5,98,0,3.7,319,0.238,2.6,16.55,16.53,16.55,16.53,16.53,16.55,16.54,16.56,16.54,16.37,15.91,15.84,15.76,15.73,15.65,15.52,15.44,15.43,15.37,15.36,15.36,15.34,15.3,15.2,14.92,10.99,10.63,10.04,9.81,9.39,8.96,8.31,8.29,8.07,7.83,7.77,7.57,7.39,7.26,8.4,65,6.9,57,9.5,34,9.3,46,11.9,37,9.6,30,7,29,8.4,2,6.9,354,NA,348
2026-09-29 05:20:00,1015.8,12.6,99,0,4.8,330,0.208,2.5,16.53,16.52,16.53,16.51,16.53,16.54,16.54,16.55,16.55,16.52,16.52,15.94,15.81,15.8,15.75,15.65,15.45,15.37,15.34,15.33,15.35,15.34,15.32,15.24,15.1,11.41,10.36,10.1,9.61,9.49,8.64,8.24,8.17,8.06,7.8,7.64,7.48,7.31,7.25,10.2,41,8,53,7.4,39,9.4,40,12.4,33,13.3,27,14.1,36,12.4,39,10.9,21,10.1,19
2026-09-29 05:40:00,1016,12.6,99,0,5.1,342,0.221,2.6,16.53,16.5,16.52,16.5,16.52,16.53,16.53,16.54,16.52,16.1,15.95,15.82,15.78,15.76,15.69,15.54,15.57,15.34,15.32,15.31,15.33,15.33,15.29,15.25,14.69,11.97,10.39,10.14,9.76,9.61,8.73,8.2,8.16,7.99,7.83,7.65,7.47,7.26,7.27,7.9,51,8.3,59,9.5,55,9,36,12.2,28,8,35,11.2,22,10.2,43,12.2,23,12.9,24
2026-09-29 06:00:00,1016.4,12.6,97,0,6.4,345,0.222,2.5,16.52,16.5,16.52,16.49,16.5,16.52,16.51,16.53,16.51,16.36,16.02,15.84,15.77,15.76,15.73,15.71,15.49,15.35,15.32,15.3,15.32,15.31,15.27,15.22,15.09,13.35,10.65,10.18,10.05,9.73,8.61,8.31,8.18,8.04,7.81,7.65,7.51,7.35,7.31,2.3,38,6.9,56,7.1,51,10.4,38,11.6,35,11.2,41,9.3,51,7.6,32,9,2,7.9,352
2026-09-29 06:20:00,1016.7,12.6,99,0,6.4,6,0.232,2.7,16.49,16.47,16.48,16.46,16.47,16.49,16.49,16.49,16.5,16.41,16.28,16,15.77,15.76,15.71,15.72,15.49,15.37,15.29,15.27,15.28,15.26,15.19,15.16,13.99,10.85,10.23,10.23,10.14,9.66,8.74,8.31,8.29,8.17,8.01,7.88,7.57,7.38,7.33,7.7,67,10.4,48,10.2,65,12.5,41,11.7,40,13.2,48,12.9,31,11.4,31,11.7,25,14,NA
2026-09-29 06:40:00,1017,12.6,99,0,6.1,358,0.269,2.5,16.48,16.46,16.47,16.45,16.45,16.47,16.46,16.48,16.46,16.41,16.2,16.05,15.78,15.74,15.71,15.72,15.62,15.32,15.26,15.25,15.27,15.25,15.2,15.17,14.07,10.78,10.35,10.36,10,9.63,8.78,8.34,8.31,8.17,7.96,7.82,7.55,7.41,7.34,15.9,49,13.4,31,14.2,50,9.6,42,9,23,12.7,33,18.6,40,15.2,40,12.7,29,10.1,29
2026-09-29 07:00:00,1017.2,12.7,99,2,5.6,356,0.274,2.4,16.46,16.43,16.45,16.43,16.44,16.45,16.45,16.47,16.45,16.35,16.28,16.13,15.79,15.73,15.68,15.69,15.53,15.32,15.22,15.2,15.22,15.16,15.1,15.05,13.12,11.05,10.46,10.46,9.82,9.51,8.8,8.35,8.33,8.14,7.96,7.83,7.54,7.39,7.36,7.6,59,9.2,57,9.1,47,14.7,37,12.4,34,8.4,40,9.3,41,12.2,40,15.3,33,13.4,18
2026-09-29 07:20:00,1017.3,12.7,99,10,6.2,352,0.294,2.5,16.43,16.41,16.43,16.4,16.41,16.43,16.42,16.43,16.43,16.3,16.23,16.12,16.03,15.86,15.66,15.64,15.6,15.3,15.3,15.15,15.17,15.13,15.05,15.05,13.46,10.74,10.54,10.47,9.95,9.61,8.56,8.3,8.29,8.08,7.93,7.78,7.53,7.37,7.36,6,92,8.8,59,9.2,51,11.4,36,10.5,47,11.6,34,12.7,39,14.2,45,11.2,52,6,64
2026-09-29 07:40:00,1017.5,12.8,99,23,6.3,10,0.323,2.5,16.42,16.4,16.41,16.38,16.4,16.41,16.4,16.42,16.41,16.39,16.33,16.16,16.05,15.79,15.6,15.6,15.58,15.27,15.1,15.08,15.09,15.06,15.04,15,13.54,11.23,10.59,10.29,9.69,9.4,8.48,8.27,8.2,8.03,7.86,7.66,7.44,7.37,7.37,8.9,41,12.5,38,12,41,11.5,49,12.8,54,11.1,43,11.7,38,6.4,46,9.7,56,6,64
2026-09-29 08:00:00,1017.9,12.8,99,27,5.4,353,0.358,2.7,16.4,16.38,16.39,16.37,16.38,16.4,16.4,16.41,16.4,16.39,16.41,16.27,16.04,15.96,15.59,15.58,15.56,15.53,15.5,15.05,15.05,15.03,14.97,14.94,14.26,11.36,10.57,10.2,9.67,9.19,8.38,8.22,8.12,8.03,7.89,7.7,7.5,7.39,7.38,9.7,24,5.6,20,6.3,37,8.1,55,9.9,52,9.1,49,12.4,45,8.8,45,8.1,46,6.8,49
2026-09-29 08:20:00,1017.9,13,98,59,5.8,5,0.346,2.8,16.4,16.37,16.39,16.37,16.38,16.39,16.39,16.4,16.4,16.38,16.41,16.35,16.12,15.98,15.62,15.55,15.53,15.51,15.2,15.06,15.05,14.94,14.92,14.9,12.91,11.63,10.71,10.3,9.82,9.18,8.35,8.16,8.14,7.97,7.85,7.55,7.43,7.34,7.37,11.4,45,10.5,45,8.9,56,8.2,52,8.9,50,11.7,60,12.7,47,13.3,33,8.8,26,9.3,31
2026-09-29 08:40:00,1018.1,13,98,46,4.9,357,0.35,2.7,16.4,16.37,16.39,16.36,16.37,16.39,16.39,16.41,16.41,16.39,16.41,16.34,16.24,16.05,15.83,15.53,15.49,15.46,15.17,15,14.97,14.94,14.89,14.86,12.17,11,10.54,10.1,9.89,9.46,8.44,8.19,8.16,7.98,7.91,7.58,7.45,7.32,7.34,9.6,65,6.9,58,6.7,73,6.9,74,8.4,65,8.4,41,9.6,29,11.1,48,13,32,10.8,36
2026-09-29 09:00:00,1018.2,13.1,98,70,6.6,350,0.329,2.9,16.39,16.37,16.38,16.36,16.37,16.38,16.38,16.4,16.4,16.38,16.4,16.36,16.32,16.16,15.8,15.63,15.44,15.41,15.4,15.01,14.94,14.91,14.87,14.84,12.36,11.05,10.53,10.11,9.99,9.39,8.52,8.16,8.18,7.99,7.81,7.6,7.42,7.29,7.3,6.9,81,7.8,73,8.7,59,8.6,43,9,69,10.4,56,11.8,46,11.1,38,7.5,20,11.7,39
2026-09-29 09:20:00,1018.4,13.2,98,61,5.7,349,0.338,2.7,16.38,16.36,16.37,16.35,16.36,16.37,16.37,16.39,16.4,16.37,16.41,16.37,16.34,16.32,16.05,15.59,15.41,15.39,15.23,14.93,14.9,14.86,14.81,14.7,11.82,10.89,10.55,10.14,9.7,9.23,8.46,8.17,8.15,7.91,7.75,7.57,7.43,7.26,7.28,8.4,32,7.2,25,2.5,353,6.4,30,4.8,28,11.7,34,9.6,32,6.1,30,10.1,14,14.7,24
2026-09-29 09:40:00,1018.5,13.4,97,86,5.7,358,0.308,2.8,16.38,16.36,16.38,16.35,16.36,16.37,16.37,16.39,16.39,16.37,16.39,16.35,16.32,16.19,15.71,15.53,15.39,15.36,15.17,14.89,14.84,14.81,14.78,13.8,11.87,11.06,10.65,10.23,9.74,9.31,8.57,8.19,8.16,7.92,7.75,7.58,7.46,7.27,7.27,8.7,34,5.9,33,5.3,39,4.9,8,8.3,28,9.3,18,9.8,20,13.8,21,12,37,NA,36
2026-09-29 10:00:00,1018.6,13.3,95,111,5.9,355,0.314,2.8,16.38,16.35,16.37,16.34,16.35,16.37,16.36,16.37,16.37,16.35,16.38,16.35,16.33,16.31,16.19,15.75,15.64,15.34,15.31,14.9,14.79,14.76,14.71,13.69,11.48,10.77,10.43,10.26,9.82,9.17,8.5,8.18,8.12,7.84,7.76,7.6,7.47,7.34,7.25,9.2,45,11.4,26,12.7,41,8.9,31,3.5,22,8.9,13,9.6,30,10.8,21,11.6,5,11.1,17
2026-09-29 10:20:00,1018.7,13.4,96,128,6.1,356,0.284,2.5,16.37,16.35,16.36,16.34,16.35,16.37,16.36,16.38,16.38,16.36,16.39,16.36,16.34,16.33,16.27,15.89,15.63,15.32,15.16,14.88,14.75,14.71,14.58,13.02,11.18,10.58,10.37,10.27,9.42,8.94,8.44,8.11,8.02,7.82,7.75,7.58,7.39,7.23,7.24,5.8,1,5,1,9.1,12,10.7,10,4.9,352,8.1,7,7.4,7,3.1,53,7.1,10,10.6,14
2026-09-29 10:40:00,1018.7,13.5,94,107,4.7,344,0.277,2.7,16.37,16.34,16.36,16.33,16.34,16.35,16.35,16.37,16.37,16.35,16.38,16.34,16.32,16.33,16.28,16.17,15.91,15.56,15.1,14.87,14.73,14.68,14.21,12.55,11.2,10.57,10.41,10.3,9.34,8.93,8.46,8.07,7.94,7.81,7.73,7.57,7.42,7.25,7.23,5.5,16,6,15,3.3,56,6.1,19,7.3,17,8.1,34,11,28,11.5,16,9.4,12,10.6,23
2026-09-29 11:00:00,1018.8,13.7,94,84,4.5,331,0.259,2.6,16.36,16.34,16.35,16.33,16.34,16.35,16.35,16.37,16.37,16.35,16.38,16.35,16.32,16.35,16.25,16.17,16.09,15.76,15.13,14.84,14.73,14.65,14.01,12.71,11.11,10.55,10.45,10.14,9.18,8.85,8.4,8.05,7.89,7.79,7.73,7.52,7.32,7.2,7.21,3,355,3,9,5.2,35,6.9,46,5.6,41,6,12,5.2,10,6.3,351,7.1,19,12.7,43
2026-09-29 11:20:00,1018.9,13.6,93,106,4.6,344,0.272,2.6,16.36,16.33,16.35,16.33,16.34,16.35,16.35,16.36,16.37,16.34,16.37,16.32,16.31,16.29,16.19,16.15,16.11,15.94,15.14,14.94,14.74,14.63,13.98,12.41,11.07,10.53,10.49,9.75,9.09,8.82,8.41,8.06,7.89,7.78,7.77,7.53,7.33,7.17,7.2,2.9,78,2.9,91,3.6,25,4.8,46,6.9,54,6.1,31,7.3,55,7.8,53,7.5,35,9,34
2026-09-29 11:40:00,1018.6,13.7,95,169,5.9,0,0.268,2.6,16.35,16.33,16.34,16.32,16.33,16.35,16.33,16.35,16.35,16.33,16.35,16.31,16.2,16.2,16.16,16.16,16.13,15.87,15.2,14.92,14.75,14.62,14.04,13.14,11.07,10.61,10.52,9.49,8.99,8.8,8.34,7.99,7.88,7.76,7.66,7.52,7.26,7.17,7.18,5.7,56,11.2,28,6.3,19,8.6,31,8.6,40,6.3,15,10.9,11,9.3,22,9.7,20,11.7,47
2026-09-29 12:00:00,1018.6,13.8,93,232,5,351,0.288,2.5,16.35,16.33,16.34,16.31,16.32,16.33,16.34,16.35,16.35,16.32,16.35,16.31,16.22,16.2,16.17,16.16,16.16,16,15.53,14.97,14.75,14.58,13.93,13.65,11.14,10.57,10.49,9.32,8.91,8.68,8.23,7.89,7.85,7.76,7.67,7.48,7.28,7.15,7.17,1.7,284,2.8,44,3.2,71,8.4,57,8.2,34,6.5,38,7.8,57,6.1,62,7.1,65,6.6,34
2026-09-29 12:20:00,1018.8,13.8,93,205,5.1,349,0.321,2.7,16.35,16.33,16.34,16.31,16.32,16.33,16.32,16.34,16.35,16.32,16.34,16.28,16.2,16.18,16.16,16.17,16.16,15.98,15.7,15.01,14.77,14.52,13.91,13.6,11.09,10.7,10.55,9.8,8.91,8.65,8.13,7.89,7.81,7.76,7.67,7.5,7.27,7.15,7.17,7,39,7,29,8.1,25,10,39,8.7,32,8.1,51,8.3,42,8.9,21,11,18,10.6,26
2026-09-29 12:40:00,1018.8,13.9,93,246,4.1,1,0.253,2.6,16.36,16.33,16.34,16.32,16.33,16.34,16.34,16.36,16.35,16.32,16.33,16.26,16.21,16.18,16.16,16.17,16.15,15.97,15.63,14.99,14.77,14.29,13.96,13.9,11.33,10.81,10.56,9.5,8.88,8.62,8.1,7.83,7.79,7.72,7.46,7.39,7.27,7.15,7.17,6.8,22,7,37,4.7,26,4.1,21,4.2,352,2.5,7,6.3,29,8.2,30,7.6,24,9.3,35
2026-09-29 13:00:00,1018.7,13.8,93,186,3.3,356,0.237,2.4,16.36,16.33,16.35,16.33,16.33,16.33,16.33,16.34,16.34,16.31,16.33,16.27,16.21,16.18,16.15,16.18,16.16,16.08,15.37,14.89,14.68,14.25,13.96,13.78,11.01,10.74,10.5,9.57,8.88,8.7,8.25,7.85,7.79,7.73,7.45,7.4,7.27,7.22,7.2,1.9,20,3.2,21,6.6,6,6.1,3,6.5,5,8.7,7,10.2,23,12.1,6,9.3,23,9.4,54
